"day","1970","1971","1972","1973","1974","1975","1976","1977","1978","1979","1980","1981","1982","1983","1984","1985","1986","1987","1988","1989","1990","1991","1992","1993","1994","1995","1996","1997","1998","1999","2000","2001","2002","2003","2004","2005","2006","2007","2008","2009","2010"
"01-Jan",1400,1100,2450,1200,1940,1310,1740,215,1340,740,1360,305,1200,1470,1780,1440,1880,1970,576,278,143,180,442,840,1680,2000,2160,2060,2000,1690,2300,2800,2010,1280,580,1910,3250,820,980,1980,2180
"02-Jan",1400,1100,2400,1200,1900,1310,1740,215,1340,735,1360,300,1200,1470,1770,1380,1870,1970,547,281,147,185,454,830,1600,1950,2130,2070,1930,1680,2250,2800,2000,1250,590,1850,3280,841,982,2000,2160
"03-Jan",1400,1100,2400,1190,1860,1310,1740,215,1340,735,1360,300,1200,1520,1760,1400,1890,1970,520,282,151,194,471,800,1550,1900,2120,2030,1800,1670,2250,2750,1990,1200,600,1800,3300,862,990,2000,2140
"04-Jan",1400,1100,2350,1190,1860,1310,1730,215,1350,730,1360,300,1200,1530,1770,1410,1870,1940,514,281,155,200,475,760,1500,1800,2110,2020,1700,1660,2250,2700,1980,1200,600,1740,3320,869,1030,1980,2120
"05-Jan",1400,1100,2350,1180,1820,1300,1730,215,1350,730,1350,300,1200,1520,1770,1400,1840,1860,510,280,155,200,476,750,1550,1800,2120,1970,1700,1650,2250,2700,1950,1170,600,1690,3350,839,1050,1950,2120
"06-Jan",1400,1100,2300,1170,1820,1300,1730,215,1340,725,1350,300,1190,1560,1770,1370,1850,1860,510,276,159,200,480,750,1550,1750,2120,1970,1690,1650,2200,2700,1980,1140,590,1620,3380,828,1050,1910,2090
"07-Jan",1350,1100,2300,1170,1810,1300,1730,215,1330,725,1350,300,1180,1590,1760,1380,1840,1860,502,271,163,200,486,740,1600,1700,2220,1910,1690,1650,2200,2700,1940,1180,580,1620,3400,819,1050,1840,2060
"08-Jan",1350,1100,2200,1140,1780,1320,1720,215,1330,720,1340,300,1170,1650,1730,1390,1850,1850,487,266,159,193,495,730,1600,1700,2240,1910,1700,1650,2200,2700,1970,1070,570,1630,3400,816,1040,1770,2020
"09-Jan",1300,1100,2100,1120,1740,1320,1720,215,1320,720,1340,300,1160,1660,1730,1410,1870,1850,462,262,163,185,491,740,1650,1700,2240,1940,1700,1660,2200,2700,2160,1110,560,1640,3400,817,1030,1680,1990
"10-Jan",1300,1100,2000,1100,1740,1320,1720,215,1310,710,1340,290,1160,1690,1730,1410,1880,1850,444,262,159,185,526,750,1700,1750,2180,1930,1800,1670,2200,2700,2190,1170,550,1600,3410,813,1020,1600,1990
"11-Jan",1350,1100,2000,1100,1700,1310,1710,215,1300,700,1330,290,1160,1700,1710,1390,1890,1810,437,262,163,185,577,775,1650,1750,2120,1900,1820,1680,2150,2700,2170,1100,530,1610,3420,806,1030,1550,2020
"12-Jan",1350,1100,2000,1100,1670,1300,1710,215,1280,690,1330,290,1150,1720,1700,1360,1890,1740,442,260,163,185,601,780,1600,1750,2070,1850,1800,1690,2100,2700,2170,1010,520,1620,3400,799,1010,1550,2030
"13-Jan",1400,1100,1900,1110,1640,1360,1710,215,1260,680,1330,290,1150,1710,1700,1390,1900,1700,437,260,168,185,660,780,1550,1700,2050,1800,1700,1700,2100,2700,2160,1020,510,1580,3350,782,1000,1560,2050
"14-Jan",1400,1100,1800,1110,1630,1290,1710,215,1260,670,1330,290,1150,1700,1700,1400,1910,1710,421,259,168,185,644,780,1500,1650,1990,1850,1700,1720,2050,2700,2130,1000,500,1520,3300,756,990,1590,2060
"15-Jan",1400,1100,1700,1110,1630,1210,1710,215,1260,660,1330,290,1140,1650,1690,1370,1940,1670,416,262,152,180,566,780,1550,1600,1980,1900,1700,1740,2050,2650,2150,980,500,1480,3350,737,980,1620,2060
"16-Jan",1450,1100,1700,1110,1620,1000,1700,215,1260,650,1330,290,1140,1610,1670,1360,1950,1700,431,265,152,180,600,790,1600,1650,2000,1900,1800,1760,2000,2650,2160,960,500,1460,3300,718,975,1680,2050
"17-Jan",1450,1100,1600,1110,1620,1150,1700,215,1260,650,1340,290,1120,1660,1670,1410,1950,1720,442,271,168,185,564,790,1600,1750,1990,1900,1800,1780,2000,2600,2130,940,498,1450,3300,710,970,1750,2040
"18-Jan",1450,1100,1600,1100,1620,1200,1700,215,1260,650,1350,290,1100,1660,1650,1420,1980,1660,445,275,176,188,543,790,1600,1850,2000,1880,1900,1790,2000,2600,2110,930,498,1480,3280,678,930,1760,2020
"19-Jan",1450,1100,1500,1100,1620,1250,1700,215,1300,655,1350,290,1100,1630,1620,1410,1980,1560,448,270,192,192,536,790,1600,1900,1990,1850,1900,1800,2000,2600,2060,920,497,1490,3250,640,920,1760,2010
"20-Jan",1450,1100,1500,1100,1630,1260,1690,215,1320,658,1340,290,1140,1620,1620,1400,1950,1610,438,281,200,196,527,790,1600,1950,1980,1750,1900,1800,1950,2600,2020,910,497,1500,3230,626,910,1750,2010
"21-Jan",1450,1100,1500,1100,1650,1270,1690,215,1320,658,1340,300,1140,1600,1630,1410,1920,1640,423,278,207,215,516,800,1580,1950,1970,1750,1950,1800,1950,2600,1960,910,485,1500,3200,655,900,1740,2010
"22-Jan",1450,1100,1500,1100,1660,1300,1690,215,1300,658,1330,310,1150,1590,1600,1410,1900,1610,407,279,215,230,516,800,1580,1850,1960,1780,1950,1800,1900,2600,1960,910,477,1480,3180,677,890,1740,2040
"23-Jan",1450,1100,1500,1100,1660,1350,1680,215,1280,660,1310,300,1150,1590,1590,1380,1870,1610,412,269,223,223,508,800,1560,1850,1950,1800,2000,1790,1900,2600,1980,900,493,1460,3150,706,880,1750,2070
"24-Jan",1400,1100,1500,1100,1670,1370,1680,215,1280,660,1300,300,1150,1610,1590,1370,1910,1610,417,267,223,219,503,800,1540,1900,1940,1700,2100,1780,1850,2600,1950,890,487,1470,3150,735,875,1780,2110
"25-Jan",1400,1100,1500,1100,1670,1380,1680,215,1280,660,1320,295,1120,1610,1590,1360,1910,1590,409,284,231,207,496,820,1540,1900,1930,1680,2100,1770,1850,2600,1900,860,470,1530,3160,767,865,1800,2170
"26-Jan",1450,1100,1500,1100,1660,1380,1680,215,1270,660,1340,290,1100,1580,1600,1370,1880,1550,413,291,240,207,486,840,1520,1900,1920,1700,2100,1760,1800,2600,1880,860,460,1620,3200,804,860,1830,2230
"27-Jan",1450,1100,1500,1100,1660,1370,1680,215,1240,660,1350,285,1080,1580,1630,1360,1840,1520,422,298,248,195,478,860,1520,1900,1910,1750,2100,1750,1800,2600,1870,860,455,1640,3180,798,870,1850,2220
"28-Jan",1450,1100,1500,1110,1640,1370,1680,215,1230,660,1350,280,1070,1540,1630,1360,1830,1500,409,303,248,192,492,900,1500,1950,1900,1850,2100,1740,1750,2600,1970,830,450,1670,3160,786,865,1870,2140
"29-Jan",1450,1100,1500,1110,1620,1370,1680,215,1200,660,1370,275,1020,1500,1630,1370,1830,1510,420,312,265,192,500,960,1500,1850,1890,1890,2150,1720,1750,2600,1960,800,450,1730,3140,778,855,1870,2090
"30-Jan",1450,1100,1500,1100,1600,1370,1680,215,1170,660,1350,270,1020,1530,1630,1370,1850,1550,432,319,256,190,494,980,1500,1850,1880,1900,2150,1700,1700,2600,1920,720,445,1820,3120,767,845,1880,2090
"31-Jan",1500,1100,1500,1100,1580,1370,1680,215,1150,660,1350,265,1020,1550,1630,1380,1850,1600,441,323,276,192,486,1000,1500,1900,1870,1880,2200,1680,1700,2600,1860,780,435,1990,3100,734,830,1890,2110
"01-Feb",1500,1100,1500,1100,1530,1380,1670,215,1120,660,1350,262,990,1570,1630,1400,1850,1630,448,332,265,195,487,1000,1500,1850,1860,1810,2200,1660,1700,2600,1890,880,430,2120,3100,707,822,1880,2150
"02-Feb",1500,1100,1500,1100,1520,1390,1660,212,1120,660,1350,258,990,1590,1640,1410,1820,1640,450,341,256,207,496,1000,1500,1800,1850,1800,2150,1640,1700,2550,1870,858,430,2220,3000,678,818,1870,2230
"03-Feb",1500,1100,1500,1100,1520,1400,1660,212,1100,660,1370,253,990,1600,1630,1400,1840,1620,455,350,265,213,494,1000,1480,1750,1860,1800,2100,1620,1700,2550,1880,843,440,2310,2950,660,817,1870,2290
"04-Feb",1500,1100,1500,1100,1520,1410,1650,212,1100,660,1400,250,990,1600,1630,1380,1860,1630,455,355,273,229,496,1000,1480,1750,1870,1780,2100,1600,1700,2500,1810,806,450,2300,2950,657,816,1870,2350
"05-Feb",1450,1100,1500,1110,1520,1420,1650,212,1120,665,1420,250,990,1600,1640,1370,1860,1630,465,360,273,239,496,1000,1440,1750,1880,1720,2100,1580,1700,2500,1700,813,455,2270,2900,665,815,1880,2390
"06-Feb",1450,1100,1500,1120,1520,1420,1650,212,1140,665,1420,250,990,1560,1630,1360,1860,1680,470,360,273,239,496,1050,1420,1800,1890,1680,2100,1560,1700,2500,1690,810,444,2200,2850,670,811,1870,2410
"07-Feb",1450,1100,1500,1130,1520,1420,1670,212,1160,670,1420,250,990,1500,1620,1330,1850,1720,475,352,273,248,506,1050,1400,1800,1870,1710,2100,1540,1700,2500,1700,800,444,2110,2850,690,810,1850,2420
"08-Feb",1500,1150,1500,1140,1520,1420,1680,212,1160,675,1410,250,1000,1510,1600,1310,1840,1750,480,356,273,253,514,1040,1400,1800,1890,1720,2100,1520,1700,2500,1730,780,444,2100,2850,668,810,1820,2420
"09-Feb",1500,1150,1450,1150,1520,1420,1680,212,1170,680,1410,250,1000,1490,1620,1330,1840,1760,480,360,256,273,558,1050,1400,1750,1870,1780,2150,1510,1700,2500,1750,780,472,2100,2850,649,805,1790,2420
"10-Feb",1500,1150,1450,1190,1520,1420,1680,212,1190,680,1410,250,1000,1460,1620,1370,1850,1790,480,364,239,291,584,1050,1420,1750,1870,1800,2150,1500,1700,2500,1670,770,472,2100,2850,641,785,1730,2410
"11-Feb",1550,1150,1450,1210,1520,1420,1680,212,1170,685,1400,250,1000,1460,1600,1400,1840,1820,490,368,231,310,586,1100,1500,1800,1870,1800,2150,1500,1700,2500,1720,760,472,2120,2860,636,780,1750,2400
"12-Feb",1550,1100,1450,1250,1520,1420,1680,212,1130,690,1400,260,1010,1500,1560,1440,1840,1820,500,372,231,326,577,1150,1550,1850,1900,1840,2150,1500,1700,2500,1750,760,470,2120,2870,628,775,1840,2400
"13-Feb",1550,1100,1450,1240,1520,1420,1680,212,1110,690,1400,270,1020,1510,1540,1400,1830,1820,505,376,223,351,564,1150,1580,1800,1890,1850,2150,1520,1700,2500,1750,742,455,2120,2880,619,770,2020,2400
"14-Feb",1550,1100,1450,1240,1520,1420,1680,212,1110,690,1400,310,1030,1530,1540,1420,1830,1830,509,381,231,351,550,1150,1600,1800,1870,1850,2100,1530,1700,2500,1770,748,450,2120,2900,613,765,2180,2400
"15-Feb",1550,1150,1450,1230,1550,1430,1680,210,1110,685,1400,316,1040,1550,1590,1410,1830,1860,523,376,231,351,545,1150,1600,1800,1840,1850,2100,1540,1700,2500,1740,656,455,2100,2900,614,768,2230,2390
"16-Feb",1500,1150,1450,1210,1600,1440,1680,207,1110,685,1400,325,1050,1580,1610,1400,1830,1870,532,370,223,350,545,1150,1600,1850,1850,1850,2100,1550,1680,2500,1710,628,470,2030,2900,612,775,2220,2380
"17-Feb",1500,1150,1450,1200,1640,1440,1680,207,1110,680,1400,330,1060,1600,1620,1370,1840,1870,536,372,207,354,531,1150,1600,1900,1870,1850,2100,1560,1680,2500,1710,623,470,1980,2900,609,780,2210,2370
"18-Feb",1550,1150,1500,1170,1700,1450,1680,207,1110,680,1400,340,1080,1600,1620,1360,1820,1810,532,374,215,352,529,1200,1600,1950,1850,1850,2100,1570,1680,2500,1710,722,470,1940,2900,615,760,2230,2360
"19-Feb",1550,1200,1500,1160,1760,1450,1680,210,1100,680,1400,350,1100,1550,1700,1330,1800,1750,532,376,223,350,529,1200,1580,1900,1920,1850,2200,1600,1680,2500,1740,663,470,1890,2900,628,740,2340,2360
"20-Feb",1550,1200,1500,1160,1830,1450,1680,210,1060,690,1400,380,1120,1450,1730,1330,1820,1820,532,378,239,341,525,1200,1560,1850,1940,1850,2400,1630,1680,2500,1840,643,465,1880,2900,648,745,2530,2360
"21-Feb",1550,1200,1500,1160,1850,1450,1680,210,1060,700,1400,420,1140,1350,1770,1310,1800,1890,538,380,248,326,539,1190,1540,1800,1940,1850,2650,1680,1680,2500,1950,665,460,1880,2800,665,760,2600,2360
"22-Feb",1600,1200,1480,1160,1860,1460,1680,210,1060,715,1410,450,1160,1290,1820,1310,1800,1930,546,370,239,323,539,1170,1520,1800,2030,1880,3000,1750,1750,2500,2000,655,465,1900,2700,689,775,2630,2360
"23-Feb",1600,1200,1480,1150,1880,1460,1680,210,1060,720,1410,500,1180,1280,1890,1290,1800,1910,548,362,239,326,520,1150,1500,1760,2100,1920,3500,1820,1850,2500,2060,689,465,1920,2620,719,785,2620,2360
"24-Feb",1600,1200,1480,1150,1880,1460,1630,220,1090,700,1420,560,1200,1270,1950,1310,1800,1880,565,360,256,332,515,1100,1500,1730,2070,2000,4500,1880,1900,2500,2150,690,481,1980,2600,751,770,2580,2370
"25-Feb",1600,1200,1480,1150,1880,1470,1650,240,1100,690,1420,640,1200,1270,2250,1320,1800,1860,582,225,344,335,493,1050,1500,1690,1980,2130,6100,1950,2000,2500,2270,682,499,2040,2600,782,750,2550,2400
"26-Feb",1600,1200,1480,1150,1900,1470,1700,240,1100,690,1420,770,1210,1280,2580,1310,1810,1860,594,360,350,346,491,1030,1500,1680,2010,2210,8000,2000,2250,2500,2340,640,510,2090,2600,780,765,2500,2450
"27-Feb",1600,1250,1480,1150,1900,1470,1730,240,1100,690,1420,880,1210,1340,2610,1310,1820,1840,602,340,323,350,500,1000,1600,1640,2120,2210,11000,2000,2500,2450,2340,646,523,2120,2600,766,770,2450,2520
"28-Feb",1600,1250,1480,1160,1900,1470,1900,240,1100,690,1430,940,1250,1360,2640,1320,1800,1840,629,350,332,350,490,1000,1670,1590,1850,2230,17000,2050,3000,2450,2210,701,536,2130,2600,745,770,2420,2590
"29-Feb",NA,NA,1500,NA,NA,NA,2160,NA,NA,NA,1430,NA,NA,NA,2700,NA,NA,NA,628,NA,NA,NA,506,NA,NA,NA,2140,NA,NA,NA,3250,NA,NA,NA,543,NA,NA,NA,770,NA,NA
"01-Mar",1600,1250,1500,1170,1900,1420,2200,235,1110,700,1440,950,1290,1370,2700,1320,1790,1850,634,360,332,352,552,1050,1750,1560,2180,2290,23000,2100,3500,2450,2050,628,550,2150,2550,717,772,2420,2630
"02-Mar",1600,1250,1500,1190,1900,1410,2290,230,1120,715,1440,920,1280,1380,2760,1330,1800,1840,644,335,323,371,576,1080,1800,1600,1780,2280,27000,2150,4500,2450,1940,615,557,2170,2500,706,771,2410,2660
"03-Mar",1600,1250,1500,1200,1880,1420,2200,230,1120,735,1450,850,1250,1440,2860,1380,1850,1830,676,344,323,376,600,1100,1850,1700,1760,2350,28500,2200,6000,2450,1880,628,567,2200,2450,696,760,2400,2680
"04-Mar",1600,1250,1500,1230,1880,1430,2150,230,1120,750,1460,810,1250,1560,2940,1420,1850,1850,728,352,323,379,670,1120,1900,1750,1980,2400,29000,2250,7200,2450,1730,640,570,2220,2400,696,750,2380,2680
"05-Mar",1600,1300,1500,1300,1850,1430,2250,230,1120,760,1470,800,1250,1980,2990,1430,1890,1910,778,361,340,360,908,1140,1900,1750,2100,2370,28000,2300,8200,2450,1710,650,635,2250,2300,720,730,2370,2700
"06-Mar",1600,1300,1500,1490,1820,1440,2400,235,1120,780,1480,780,1250,3770,3000,1420,1910,2020,822,370,350,342,1460,1140,1900,1800,2200,2360,25000,2500,8900,2450,1710,660,700,2280,2330,740,715,2340,2720
"07-Mar",1600,1300,1550,1800,1820,1450,2490,240,1120,805,1480,740,1260,8400,3060,1360,1940,2590,915,379,376,343,2670,1140,1900,1800,2300,2340,22000,2800,9200,2450,1670,671,725,2280,2340,772,700,2300,2750
"08-Mar",1600,1300,1550,2000,1820,1450,2500,250,1140,820,1490,700,1290,10700,3040,1230,1980,4870,1110,388,385,350,5590,1140,1900,1800,2400,2380,19000,3300,9800,2450,1670,661,760,2280,2410,775,690,2280,2820
"09-Mar",1600,1300,1550,2410,1840,1450,2480,260,1150,830,1500,690,1320,13200,2910,1340,2020,6750,1310,397,412,350,6520,1130,1950,1750,2510,2370,15500,3500,10200,2450,1700,633,800,2290,2500,783,695,2270,2920
"10-Mar",1600,1350,1550,2900,1860,1450,2380,270,1180,855,1500,680,1300,13800,2790,1600,2060,7300,1650,406,440,352,7280,1160,2000,1750,2600,2300,13000,3600,10500,2450,1750,650,830,2360,2800,796,700,2280,3070
"11-Mar",1600,1350,1550,3520,1860,1450,2300,280,1200,880,1510,670,1290,12100,2660,1720,2070,7500,2410,396,477,361,7770,1190,2200,1800,2750,2240,11200,3700,10500,2450,1670,658,840,2380,3000,813,710,2290,3320
"12-Mar",1600,1350,1550,4280,1860,1450,2300,300,1210,900,1520,670,1280,11900,2550,1810,2110,7400,3500,406,594,367,7860,1200,2300,1850,2860,2250,10000,3700,10200,2450,1750,663,850,2380,3200,835,720,2320,3900
"13-Mar",1600,1350,1600,5140,1900,1450,2200,390,1210,920,1530,680,1290,9560,2410,2170,2140,7200,4160,416,611,367,7940,1250,2300,2400,3000,2210,9200,3650,10000,2450,1730,665,890,2380,3300,885,730,2380,6250
"14-Mar",1600,1450,1700,6230,1940,1450,2100,410,1220,940,1540,680,1320,8770,2240,2840,2200,6940,4230,427,754,373,7360,1300,2250,6100,3200,2090,8500,3600,9500,2450,1840,682,1020,2390,3500,959,740,2450,13100
"15-Mar",1650,1600,1900,7850,1950,1450,1970,420,1250,935,1540,700,1360,8590,2170,3700,2240,6600,3980,435,1060,395,6310,1300,2200,13000,3370,2130,8000,3500,9000,2500,2010,764,1120,2400,3700,1440,775,2570,21100
"16-Mar",1650,1650,2500,9220,2020,1460,1860,420,1300,935,1550,730,1380,8700,2160,4620,2300,6400,3570,442,1780,427,5440,1300,2300,17500,3610,2160,7600,3600,8200,2500,2060,805,1240,2420,3800,3400,810,2670,30600
"17-Mar",1650,1700,4150,10300,2030,1470,1840,450,1300,935,1560,760,1450,8940,2120,5560,2350,6300,3180,450,2300,462,4470,1300,2500,21500,3840,2150,7400,3800,7200,2600,2020,874,1350,2490,3900,5000,875,3030,42200
"18-Mar",1600,1750,6200,11000,2040,1510,1850,480,1320,940,1560,820,1540,9120,2070,7390,2430,6200,2930,458,2130,485,4030,1300,3000,23800,4100,2090,7300,4300,6540,2730,2200,1150,1480,2580,4000,5350,970,3790,52600
"19-Mar",1600,1900,8500,11200,2200,1570,1900,500,1350,985,1570,870,1700,9120,2030,8520,2530,6100,2820,466,1790,505,3920,1300,3800,25400,4490,2100,7400,5100,6070,2950,2460,2450,1560,2650,4100,5700,1040,6330,58700
"20-Mar",1600,2050,10600,11200,2220,1620,1950,530,1380,1020,1580,880,2000,8900,2020,9390,2660,6620,2720,474,1580,552,3840,1300,4500,26200,5920,2130,7400,7700,5680,3100,2580,3990,1710,2750,4300,6050,1140,11000,62300
"21-Mar",1600,2400,12700,10200,2330,1720,1980,540,1440,1040,1590,950,2260,8560,2040,10100,2910,7760,2630,483,1440,625,3770,1300,5000,28000,6500,2140,7600,11000,5370,3300,2710,4900,1890,2850,4400,6640,1230,15200,62400
"22-Mar",1600,3000,14900,9300,2400,1950,2000,530,1600,1050,1600,1030,2610,8180,2160,10700,3580,9300,2620,491,1410,766,3730,1320,6500,28500,7400,2150,7800,13500,5480,3520,2760,5330,2240,2940,4500,7570,1320,18900,61600
"23-Mar",1650,3800,16900,8800,2410,2200,2210,480,1650,1120,1600,1070,3010,7880,2450,11300,5140,11000,2700,499,1480,972,3690,1340,8000,28000,8100,2150,8600,15500,6110,3700,2750,5380,2650,3020,4600,8910,1420,22900,60900
"24-Mar",1650,4700,18400,8190,2400,2530,2270,480,1800,1180,1610,1080,3300,7680,3200,11700,6680,12200,3140,507,1550,1240,3730,1350,10000,27500,8600,2170,9700,18000,6510,3900,2660,5850,3220,3060,4610,10300,1500,29000,59900
"25-Mar",1700,4900,19900,7180,2380,2540,3050,540,2000,1220,1700,1200,3450,7520,5090,11700,11100,13200,4150,507,1590,1520,3860,1400,13000,27000,9200,2180,10800,21000,7150,4200,2500,5840,4280,3090,4620,12100,1680,40100,58400
"26-Mar",1800,4950,21400,6300,2220,2400,4900,650,2700,1190,1800,1330,3650,7500,10400,13200,15800,14300,4580,544,1520,1640,3980,1530,15000,27000,9700,2190,11500,23500,8870,4400,2490,5620,7680,3300,4630,13900,1830,53700,55900
"27-Mar",1850,4800,23000,5380,2200,2350,6800,780,4200,1130,1900,1420,3900,7410,12100,12200,18700,15700,5050,592,1440,1660,4030,1880,17000,27800,9800,2220,11800,26000,10600,4700,2480,5250,15400,3910,4640,15700,1980,62400,53000
"28-Mar",1900,4600,23500,4870,2180,2300,9000,820,5700,1140,2230,1470,4150,7340,14700,11200,20800,16700,5450,678,1450,1760,4500,2970,18500,28600,9750,2250,12000,31000,11200,5000,2420,5120,19400,4700,4700,18300,2140,64100,50200
"29-Mar",1950,4250,22200,4540,2150,2250,11200,1180,8100,1160,3000,1460,4690,7420,18400,9900,22700,17200,5830,846,1470,1840,4850,5520,19500,30000,9450,2310,12000,40000,10000,5500,2540,5510,29100,7400,4910,21900,2260,64200,47600
"30-Mar",2000,4200,20200,4190,2120,2240,13200,1330,10800,1200,4400,1380,6280,7650,23400,8600,25300,16400,6060,1050,1470,1880,4760,10600,20500,33000,9100,2410,12500,45900,8570,6000,2940,5830,31200,11400,6700,21100,2450,66900,45100
"31-Mar",2100,4500,17900,3900,2100,2220,14600,1380,13600,1260,5830,1260,9120,8120,28400,7400,27900,15700,6140,1470,1580,1920,4130,14800,21000,34200,9600,2580,13500,49100,7420,6750,3380,5800,32900,16100,11700,20700,2690,71800,43000
"01-Apr",2300,5500,15100,3610,2090,2200,16200,1460,16800,1410,7230,1360,11400,9150,31500,6790,30500,15300,6100,2450,2160,2090,3620,17700,22000,34700,7950,2750,13700,49700,6730,7250,3670,4890,32800,20400,22000,23900,2960,76400,40900
"02-Apr",2400,7000,12100,3400,2080,2200,20000,1580,19500,1590,9000,1380,13600,10100,32200,6750,31800,15000,6140,3650,3270,2540,3270,20100,22400,34000,7200,3190,13800,48200,6210,8500,3810,4230,31100,25100,41100,25100,3380,75900,38900
"03-Apr",2500,7750,9750,3200,2070,2180,22800,1590,22200,1710,11100,1380,15600,11200,32000,6850,31200,14700,6740,5600,4310,3180,3150,22200,22700,32800,6650,6350,13100,46400,5860,9500,3790,3620,28800,30100,58900,26000,3750,73800,37000
"04-Apr",2400,7600,9200,3000,2060,2140,22900,1620,25500,1840,14000,1380,17400,12500,31200,6750,29600,13700,7670,9900,4880,3300,2910,23000,21700,31000,6200,14500,12700,44200,5660,11500,3760,3040,25000,29900,67700,25900,4770,71100,35200
"05-Apr",2400,7300,8880,2700,2060,2090,22800,1800,29500,1910,19600,1420,18500,13600,29700,6790,27700,12100,8200,16000,4860,2830,2640,25200,20800,29600,6000,18500,12500,42500,5710,14000,3700,2610,21500,28300,71800,24700,5400,67600,33400
"06-Apr",2400,7050,8680,2550,2100,2060,20800,1750,33100,1930,21800,1470,18800,14200,28000,6640,25400,10800,8400,22000,4590,2680,2430,25500,19900,28600,6050,21000,12000,40900,5750,17600,3660,2320,16700,24800,71900,23200,6150,63700,31600
"07-Apr",2800,7650,8520,2410,2300,2000,16800,1650,41000,1940,21300,1430,19000,13600,26500,6140,23500,9800,8370,26600,4240,2450,2360,25200,19600,27600,6100,22000,11200,39200,5720,21700,3480,2230,13900,21900,69600,21200,7200,60200,29700
"08-Apr",5500,9600,8390,2280,2400,1950,11700,1620,47500,1990,20300,1380,19800,12400,24900,5750,21800,9200,8130,30100,3910,2070,2320,24500,19300,26200,6850,26000,10700,37600,5720,29500,3390,2160,11700,19200,66400,19900,8500,57500,27700
"09-Apr",10600,12400,8300,2170,2800,1950,9300,1800,51500,2110,18800,1290,20800,10300,23100,5500,20000,8500,7700,33000,3820,1770,2220,23500,18400,24800,8500,28000,10700,35800,5740,40600,3390,2200,10300,16500,63100,18200,10000,56100,25900
"10-Apr",13800,14800,8270,2060,3600,2000,8200,2100,53100,2320,16600,1200,21000,8620,20900,5200,18400,8080,7060,35100,3910,1530,2130,22600,17300,22600,12000,30200,10700,33900,5610,51100,3740,2390,9820,14000,60000,17100,12500,55700,24500
"11-Apr",16400,15800,8250,1950,6000,2200,7500,2150,54100,2780,12700,1180,23100,7320,18200,4970,16900,7820,6000,37000,3490,1350,2090,21700,16100,20800,15400,30400,10500,31800,5450,55300,4190,2510,9850,11700,56900,15900,11700,55300,23300
"12-Apr",18800,14600,8600,1860,8200,3100,6570,2040,53600,3470,9880,1140,23600,6500,15300,4760,15200,7460,5100,37900,2900,1230,2100,20700,14900,18800,18600,31300,10000,29600,5260,56800,4660,2460,9860,10000,53200,14200,11000,54200,22100
"13-Apr",20500,12400,12000,1770,11800,5000,6200,1920,52000,4000,8020,1150,23900,5990,13400,4640,13400,7040,4560,39500,2570,1130,2010,19300,13700,17600,21800,34900,9600,27300,5140,57200,5640,2370,8710,9490,49600,12800,10400,53200,21000
"14-Apr",20300,9950,18300,1680,16200,7700,5800,1740,49100,5000,7000,1150,23800,5600,12800,4510,11600,6620,3990,39300,2460,1110,2030,17100,12200,16400,26000,40400,9440,25200,5090,57300,5880,2240,7560,10500,45800,11800,9030,52400,19900
"15-Apr",19200,7900,23400,1630,22000,10000,5600,1590,46000,7600,6400,1100,23700,5300,12300,4270,10300,6330,3580,37700,2280,1090,2050,14200,10900,15100,32000,48900,9650,23300,5060,56200,5600,2110,6990,12100,40800,10600,8540,51400,18900
"16-Apr",18200,6200,27600,1550,30200,12600,5550,1360,42200,12500,6000,1020,23600,5130,11800,4200,11200,6140,3250,37000,2040,1060,2070,11300,9670,14300,39000,63400,9980,21500,5030,54800,5180,2040,6830,12300,36400,9810,8340,50300,18000
"17-Apr",18000,5100,30400,1480,33600,15600,5370,1170,38000,19600,5550,912,23400,5060,10900,4110,13300,6000,2930,36100,1710,1060,2120,8750,8560,13800,41500,84600,9510,19900,5020,53000,5170,2080,6650,11900,32800,9300,8380,48900,17000
"18-Apr",17500,4500,30800,1430,34000,20000,5320,1030,33900,30100,5050,824,23200,5000,10100,3940,14100,5890,2750,34800,1560,1050,2150,7110,7620,13500,43200,127000,9500,18300,5090,51300,5080,2020,6640,11500,29300,8990,8220,47300,16200
"19-Apr",17200,4280,27900,1430,34100,28300,5330,911,30500,42500,4700,722,22700,4940,9100,3830,14900,5660,2570,32200,1400,1020,2140,6500,7210,13200,47700,111000,8680,16700,5170,50200,4760,2160,6590,10900,26400,8860,7800,45500,15400
"20-Apr",16100,4220,26000,1440,29000,36800,5270,854,27400,55500,4380,667,21600,4830,8310,3650,17000,5410,2410,28400,1340,1030,2180,6160,6890,13000,54900,109000,7690,15700,5130,47900,4880,2350,6490,9890,23500,8730,7070,43700,14700
"21-Apr",14700,4210,24200,1410,28100,41100,5060,833,24400,68000,4180,604,19700,4740,7760,3600,19200,5260,2330,23500,1310,1050,2280,5950,6630,12700,58100,111000,7190,15000,5060,46000,5000,2630,6480,8830,20800,8590,6470,42100,14000
"22-Apr",14600,4150,21600,1400,27900,42400,4920,875,21000,76800,4000,550,16700,4600,7160,3390,20200,5090,2210,18700,1270,1100,2720,5720,6400,12400,56200,110000,6610,14400,5010,44200,5200,3000,6450,7990,18500,8640,5970,40600,13100
"23-Apr",16800,4130,19000,1400,27900,42200,4840,896,18000,80900,3820,547,14000,4440,6680,3340,20300,4940,2070,14600,1240,1200,3380,5400,6160,11800,51300,105000,5930,13800,5030,42700,5100,3350,6450,7420,16600,9940,5520,39100,12400
"24-Apr",18800,4130,16900,1440,28300,41000,4800,905,14900,80500,3400,565,12100,4260,6300,3810,19100,4820,1940,11900,1190,1270,3550,5180,5830,11600,46200,97900,5530,13200,5140,41300,4850,3560,5840,6830,15300,11100,5180,37800,11700
"25-Apr",20800,4020,15700,1570,27800,40000,4780,899,12800,79700,3040,568,10700,4000,6070,4230,17900,4640,1780,9900,1200,1260,3320,4930,5560,10800,42000,88000,5230,12600,5320,38700,4690,3540,5630,6540,14000,12000,4850,36600,11100
"26-Apr",22700,3980,14700,1640,26400,39500,4760,881,11300,78400,2810,568,9660,3760,5760,4440,16900,4440,1660,8200,1170,1230,3310,4740,5490,10500,40000,78400,4960,12000,5420,36200,4590,3310,5280,6340,12600,12500,4790,35400,10600
"27-Apr",23500,4010,13600,1640,22000,38900,4690,836,10000,80100,2700,583,8860,3660,5620,4620,16500,4090,1570,7000,1160,1240,3380,4670,5560,9860,38500,69700,4760,11400,5440,34200,4580,3110,4860,6160,11100,12400,5000,34500,10400
"28-Apr",23600,4070,12500,1600,20900,38500,4580,772,9300,74000,2660,598,8060,3590,5520,4620,17700,4100,1490,6250,1250,1200,3510,4670,5960,9350,37000,63000,4580,10800,5350,32500,4630,2960,4670,5980,9760,12100,5290,33600,10100
"29-Apr",20600,4210,11600,1560,20700,38300,4410,728,8750,65500,2610,601,7290,3500,5390,4530,20000,3950,1460,5800,1390,1160,3690,4690,6780,9470,34700,57200,4490,10200,5240,30600,4570,2750,4570,5800,8850,11400,5370,32800,9980
"30-Apr",19100,4360,10900,1520,21400,38300,4250,705,8400,58800,2580,628,6540,3520,5430,4320,21900,3800,1450,5400,1400,1330,3640,4640,7570,8880,32300,52700,4470,9680,5110,28500,4460,2610,4050,5630,8420,10500,5400,32200,9970
"01-May",17800,4440,10200,1480,28100,38000,4120,690,8000,51900,2500,655,5960,3550,5410,4280,22800,2960,1420,5310,1490,1370,3500,4570,8140,8330,29700,49100,4430,9210,5000,27000,4490,2770,3690,5450,8490,9350,5580,31800,9990
"02-May",16200,4510,9650,1420,23100,37200,4000,660,7600,46800,2450,655,5490,3370,5310,4200,23300,2840,1350,5100,1560,1500,3360,4490,8590,8020,28400,46300,4410,8810,4900,25200,4480,3180,3440,5370,9110,8300,6290,31400,10200
"03-May",14300,4500,9080,1350,22700,35700,3850,619,7300,42100,2390,684,5090,3250,5140,4300,23600,2730,1280,4880,1630,1970,3300,4420,8980,7750,26900,44200,4240,8490,4780,23500,4400,3170,3190,5310,9990,7450,7230,31000,10600
"04-May",12400,4460,8500,1290,20400,35500,3700,586,6900,38400,2350,722,4840,3140,4980,4130,22800,2620,1250,4360,1660,2480,3100,4440,9240,7530,25600,42500,3950,8100,4700,21900,4300,3180,3100,5200,11000,6770,7880,30400,10900
"05-May",10600,4370,8000,1240,17400,30300,3540,579,6400,35000,2290,750,5060,2990,4840,3960,21200,2530,1230,3850,1700,2990,2920,4460,9500,7430,24400,40800,3820,7790,4650,20200,4310,3040,2950,4940,12000,6600,8330,29500,11300
"06-May",9200,4140,7400,1200,15600,27000,3400,538,6100,31200,2210,761,6460,2900,4670,3810,19700,2410,1220,3640,1700,3720,2810,4350,9880,7510,19400,39300,3710,7520,4550,19100,4300,2800,2830,4780,12400,6840,8740,28500,11600
"07-May",8300,3800,7200,1200,13600,24000,3260,575,5900,27700,2190,764,7350,2890,4580,3820,18400,2260,1180,3470,1690,4240,2610,4210,9900,7630,18100,37700,3570,7710,4470,18700,4300,3110,2370,4540,12400,8370,9000,27400,12100
"08-May",7800,3480,6950,1240,11800,20700,3110,1410,5800,24500,2110,750,6800,2800,4530,3700,17300,2120,1120,3320,1650,4120,2390,4110,9470,7610,16800,36100,3480,8430,4380,19100,4360,3670,2240,4370,12300,10400,8710,26200,12500
"09-May",7400,3230,6890,1290,10500,17900,2970,1780,5650,21700,2040,730,5680,2660,4500,3540,16100,1940,1130,3220,1590,4030,2180,3960,8500,7680,15700,34900,3450,10400,4160,19300,4580,3840,2090,4480,11700,11500,7820,25000,12800
"10-May",7100,3050,6820,1360,9500,15700,2830,1460,5500,19500,2010,726,4900,2610,4460,3510,14900,1800,1120,3130,1570,3940,1960,3750,7760,8470,14700,33500,3450,13400,4100,18900,5280,4200,2000,5010,11000,11900,6920,23800,13400
"11-May",6900,2950,6520,1400,8900,14500,2720,1040,5450,17500,1980,694,4600,2670,4440,3550,13700,1660,1130,3060,1550,3740,1850,3610,7250,11500,14000,32300,3500,17400,4100,18200,6330,5000,1890,6160,10900,11900,6300,22600,13900
"12-May",6800,2900,6160,1400,8600,12100,2600,824,5300,16200,1900,664,4500,2820,4360,5880,12900,1570,1120,3000,1540,3530,1760,3440,6850,13900,13200,30900,3500,21900,4160,17200,6870,5710,2670,6620,12400,12000,5820,21500,13800
"13-May",6700,2630,5850,1420,10600,11100,2530,794,5200,15000,1880,649,4800,2860,4230,10300,13000,1450,1110,2990,1480,3260,1790,3370,6540,14600,12600,28900,4210,25600,4160,15700,6940,5450,8130,6820,13700,12000,5490,20600,13600
"14-May",6650,2510,5660,1460,13500,10600,2470,730,5130,14200,1870,628,5150,3000,4080,14800,14000,1380,1110,2950,1410,2980,1730,3240,6230,14400,11700,26700,9440,28300,4170,14400,6730,5320,12700,6690,14200,11700,5200,19700,13400
"15-May",6650,2440,5880,1540,15000,10100,2400,648,4860,13500,1860,601,5210,3340,3980,16700,15100,1320,1100,2920,1350,2900,1680,3120,5890,14300,11000,24600,14100,30300,4230,13200,6670,5060,15200,6540,14100,10600,4980,19100,13300
"16-May",7150,2420,7600,1560,15200,9700,2340,564,4630,13000,1860,595,5400,3640,3890,17200,15700,1270,1140,2820,1270,2800,1680,3030,5670,14400,10300,22400,16600,31000,4220,12100,6500,4760,14700,6460,13700,9260,4780,18600,13500
"17-May",8200,2370,9800,1540,14800,9100,2300,526,4510,12400,1850,571,5810,3700,3740,17400,16100,1250,1140,2710,1310,2600,1630,2970,5600,14100,11100,20300,19700,29800,4210,11200,6300,4550,11100,6460,13100,8150,4620,18200,13800
"18-May",8800,2330,9700,1450,14100,8600,2190,516,4350,12000,1830,541,6520,3660,3630,17700,16200,1260,1100,2710,1370,2360,1580,2970,5550,13800,14200,18300,23200,27900,4250,10600,6020,4430,9650,6480,12400,7390,4490,17800,13700
"19-May",8600,2290,8600,1410,13100,8300,2130,536,4230,11600,1780,518,7200,3440,3520,17700,15800,1350,1030,2780,1420,2170,1630,3000,5310,13500,20500,16400,26400,25800,4180,10100,5710,4400,8440,6490,11300,7010,4400,17400,13200
"20-May",7600,2280,7850,1390,12100,7800,2080,526,4070,11000,1730,490,7850,3300,3370,16900,15200,1570,976,3030,1490,2010,1630,2900,5130,13200,25800,14700,28700,23500,4100,9650,5400,4800,7670,6480,10200,6860,4160,16700,12400
"21-May",6800,2220,7250,1380,11400,7600,2060,1450,3940,10400,1690,460,8100,3180,3270,15600,14100,1970,885,3160,1540,1890,1610,2860,4890,12600,30300,13700,29600,21300,4020,9270,5120,5400,7720,6620,9170,7100,3910,16000,11200
"22-May",6590,2160,6830,1410,11000,7300,1990,1880,3840,9800,1640,418,8050,3060,3150,14000,12700,2470,870,3090,1580,1900,1570,2880,4780,12000,31900,12900,29000,19900,3890,8900,4880,5850,7740,7040,8560,7350,3710,15100,9800
"23-May",6140,2180,6320,1340,10700,7200,1900,1280,3790,9400,1590,440,7820,3000,3110,12300,11300,3990,907,2990,1580,2790,1460,2880,4720,11100,31800,12100,27600,18400,3750,8720,4870,5850,6990,7300,8200,7260,3520,14000,8950
"24-May",5970,2260,6100,1270,10600,6900,1820,887,3900,8900,1520,1510,7460,2930,3000,10500,10200,6440,1020,2860,1560,4100,1440,2880,4780,10000,28600,11500,25800,16800,3660,8780,4730,5590,6340,7670,7940,6880,3380,12700,8310
"25-May",5830,2330,6300,1280,10200,6600,1750,730,3990,8610,1480,3890,6910,2860,2920,9130,9380,6780,1080,2780,1530,4090,1480,2860,4770,8960,26600,11700,23400,15300,3610,9290,4600,5180,5930,7730,7480,6870,3210,11500,10700
"26-May",5660,2660,6900,1290,9900,6400,1700,641,3870,8320,1470,5380,6420,2790,2900,8060,8740,6440,1050,2970,1520,3190,1490,2830,4730,8160,24900,12400,20400,13700,3540,10200,4520,4820,5520,7410,7200,7430,3030,10700,16300
"27-May",5510,3140,7600,1290,9600,6100,1670,629,3620,8000,1440,5500,6000,2650,2840,7370,8430,6520,1030,3230,1480,2640,1500,2760,4690,7650,23100,12700,17500,12100,3460,10700,4390,4610,5450,7070,7070,7790,2900,11300,20700
"28-May",5450,3340,8100,1290,9260,5900,1660,617,3480,7700,1390,4320,5650,2550,2710,6980,8190,8140,1050,3300,1440,2310,1540,2680,4650,7180,21700,12400,14300,10700,3460,10900,4210,4460,5300,7090,7100,8340,2800,12800,23500
"29-May",5900,3140,8100,1290,8980,5600,1640,612,3460,7400,1360,3100,5350,2430,2630,6680,7880,9350,999,3320,1320,2060,1460,2660,4570,6950,20000,11900,11900,10100,3400,10900,4040,4210,5150,7680,7380,9100,2740,13300,24000
"30-May",7120,2860,8100,1290,8800,5400,1620,665,3720,7300,1330,2210,5110,2420,2550,6430,7550,8960,926,3200,1310,1920,1350,2770,4450,6770,18200,11300,9950,9990,3360,11300,3970,4020,5840,8310,7700,10300,2630,13200,22300
"31-May",9150,2680,9600,1280,8760,5000,1610,875,3800,7250,1310,1530,4930,2340,2480,6320,7340,7910,917,3030,1260,1840,1240,2880,4370,6520,16400,10600,8420,10300,3300,11100,4110,3810,12100,8640,7780,11500,2560,12700,19500
"01-Jun",11500,2560,10200,1300,8650,4710,1590,977,3580,7650,1290,1210,4810,2310,2400,7140,6980,6980,919,2890,1220,1760,1200,3130,4300,6180,14600,10100,7540,10300,3260,10800,4450,3550,17700,8620,7410,11400,2610,12200,16200
"02-Jun",14100,2470,10300,1290,8570,4550,1560,1020,3410,7750,1260,1030,4660,2310,2340,8810,6660,6250,1030,2840,1330,1690,1180,3410,4210,5920,13000,9560,7260,10300,3270,10700,4530,3340,21200,8340,6590,10200,2790,11500,14200
"03-Jun",14800,2410,10000,1320,8480,4370,1530,1040,3470,7700,1230,908,4450,2280,2320,10300,6430,5530,1080,2930,2040,1800,1180,3580,4130,5730,12100,9170,7020,9830,3210,10600,4450,3140,21900,7880,5830,8700,3120,10500,12900
"04-Jun",13600,2340,9400,1280,8310,4210,1510,989,3610,7450,1240,870,4200,2170,2280,11400,6270,4760,1020,3090,2770,1800,1200,3910,4040,5550,11100,9070,6770,10000,3160,10700,4360,2980,20700,7470,5390,8070,3080,9500,11800
"05-Jun",11500,2320,8700,1270,8130,4030,1490,941,3590,7250,1240,908,4020,2080,2260,12300,6150,4070,944,3100,3190,1720,1110,4260,3980,5420,10500,9140,6510,9720,3090,10500,4070,2830,19100,7400,5200,8300,3070,8690,11000
"06-Jun",9500,2280,7500,1270,8040,3920,1470,851,3380,7100,1280,908,3900,2150,2250,12400,6050,3470,799,2940,3170,1850,1000,4430,3990,5290,10000,8800,6210,9860,3110,10000,3700,2650,17600,7970,5140,8970,3330,8120,10400
"07-Jun",8000,2240,6600,1260,8020,3870,1450,760,3270,6800,1370,956,3790,2110,2440,11700,6010,3090,709,2720,2900,2160,985,4360,3960,5290,9560,7970,5870,10200,3170,9350,3460,2500,16600,10200,5130,10800,3950,7540,9730
"08-Jun",6920,2200,6080,1240,8040,3780,1430,715,3150,6600,1440,1010,3710,2060,10100,12000,6160,2800,742,2530,2560,2250,989,4230,3930,5310,9190,6950,5510,10900,3190,8920,3300,2530,15400,14100,5110,13000,6660,7090,8720
"09-Jun",6040,2150,5650,1210,8090,3710,1410,678,3060,6400,1490,1010,3800,2040,13300,10900,6320,2620,765,2350,2290,2170,918,4060,3820,5200,8950,6270,5240,11800,3240,8560,6310,2800,14700,16700,5260,14800,9360,6700,8130
"10-Jun",5560,2130,5400,1150,7950,3700,1390,619,3010,6200,1490,1000,3790,1940,22500,9200,6140,2450,665,2190,2090,2290,863,3970,3720,5170,8500,6020,5030,12500,3250,8370,13200,3070,13200,18400,5280,16400,10500,6470,7730
"11-Jun",5100,2140,5100,1120,7460,3700,1370,558,2960,6100,1510,988,3750,1840,28900,7780,5880,2310,561,2060,1920,2290,790,4060,3680,5060,7910,5860,4850,12900,3190,7940,20900,3030,12200,19900,5290,17800,11000,6360,7480
"12-Jun",4640,2160,4850,1080,6970,3680,1350,508,2800,5940,1610,952,3730,1750,29300,6900,5820,2200,483,1890,1820,2060,736,4200,3660,4980,7640,5640,4640,13600,3090,7690,26500,3540,11000,22500,5290,18400,11600,6310,7400
"13-Jun",4420,2130,4690,1020,6570,3640,1370,458,2770,5740,1720,952,3700,2200,29400,6300,5790,2170,480,1740,1830,2020,708,4360,3620,4750,7410,5450,4500,13900,3070,7790,28700,3880,10000,25800,5220,18400,13700,6230,7770
"14-Jun",4460,2110,4580,984,6300,3610,1400,425,2790,5530,1760,888,3600,5700,25700,5900,5710,2090,501,1670,1920,2230,708,4290,3820,4540,7190,5360,4430,13400,3100,8360,29100,4080,9530,29500,4980,18500,16000,6160,7770
"15-Jun",4570,2060,4390,956,6070,3630,1540,440,2790,5310,1780,870,3450,8600,23200,5650,5620,2070,501,1630,1970,2940,711,4160,4040,4360,7000,5280,4620,12500,2990,8980,27100,4120,9180,33400,4640,21600,17300,5980,7320
"16-Jun",4860,2020,4190,934,5760,3620,1640,423,3190,5010,1750,912,3300,8700,20900,5350,5570,1990,510,1580,1840,2750,766,4170,5310,4200,6720,5220,5000,11600,3320,9330,25100,3900,8840,36300,4340,25400,17700,5790,6850
"17-Jun",7450,2020,3940,934,5450,3550,1780,423,3610,4810,1650,1100,3160,6640,18400,5150,5610,1870,538,1570,1680,2550,874,4220,6070,4110,6430,5200,5180,10900,3820,10000,22000,3590,8280,37900,4050,27900,16600,5590,6620
"18-Jun",12100,1990,3860,938,5160,3440,1860,414,3920,4660,1560,1230,3010,5660,15800,5110,5670,1750,576,1670,1580,2170,1280,4360,5750,3980,6170,5140,5180,10200,4560,10300,18900,3150,7740,37900,3730,30200,15100,5390,6530
"19-Jun",15500,1940,3810,924,4880,3400,1910,406,4410,4570,1580,1220,2910,4980,13200,5130,6280,1620,551,1650,1550,1860,2590,4620,5510,3800,5980,5110,5430,9430,5980,10300,15800,2860,7230,36000,3460,32700,13500,5620,8460
"20-Jun",17000,1940,3760,906,4510,3500,1920,388,4150,4600,1660,1140,2840,4270,11800,5010,7160,1490,533,1460,1440,1730,3940,4830,6470,3630,5850,5060,7410,8680,7940,9900,12800,2800,6870,33900,3310,34300,11700,6980,11100
"21-Jun",17400,2060,3740,900,4150,3560,1860,326,3570,4490,1740,1180,2780,3730,9760,4940,7200,1390,516,1420,1560,1710,4790,4820,8710,3490,5650,5010,13100,7750,13200,9630,10900,2730,6430,31700,3280,35100,10100,8640,11600
"22-Jun",16800,2180,3850,910,4030,4500,1790,284,3200,4470,1720,1270,2730,3730,8180,4930,7000,1360,554,1360,2010,1760,5140,4680,11700,3320,5490,4980,17200,7210,20400,9530,10700,2690,6150,29500,3310,35200,8620,10500,10500
"23-Jun",15200,2210,3980,903,3950,8100,1680,284,2820,5020,1610,1410,2690,5440,7480,4920,7020,1370,540,1410,2510,1770,4990,4590,12900,3060,5340,5060,18400,7100,25100,9550,12000,2930,5680,27300,3380,34000,7620,12300,8680
"24-Jun",13100,2260,3750,910,3850,10900,1530,284,2550,5400,1460,1760,2680,9250,6910,4970,7020,1380,516,1560,2640,1680,4490,4590,12100,2740,5210,5770,15700,6850,28400,9420,15600,5200,5390,25400,3330,32000,6920,13800,7930
"25-Jun",10800,2240,3440,858,3710,12300,1500,347,2370,5720,1340,1660,2610,11600,6230,4970,6780,1360,525,1870,2530,1580,3880,4960,9680,2420,5160,10100,13700,6650,30600,9210,19500,7940,4990,23300,3260,29600,6370,14800,7840
"26-Jun",9200,2160,3140,850,3590,12700,1510,357,2440,6080,1220,1470,2550,12000,5800,4950,6360,1280,568,1970,2310,1620,3330,5480,6840,2150,5090,16100,13600,6780,31400,8940,22200,10100,4730,21100,3160,26400,5810,15300,8450
"27-Jun",8100,2110,2950,840,3450,13700,1490,374,2440,6200,1170,1340,2520,10200,5660,5480,6040,1220,585,1820,2120,1850,2830,5610,5770,2120,4970,18700,14500,7180,31300,8490,24200,13400,4440,18900,3100,23300,5340,17500,10500
"28-Jun",7500,2110,2820,794,3320,14100,1450,404,2600,6120,1130,1300,2520,8620,5640,7360,5710,1160,558,1790,1980,2040,2410,5680,5490,2240,4820,18900,15800,7460,30800,8130,25100,15800,3970,16600,2970,21100,5180,21100,12400
"29-Jun",7200,2140,2660,770,3220,14300,1460,406,2840,6140,1140,1780,2490,7550,5720,8760,5280,1160,520,1850,1820,2070,2070,5790,5450,2430,4750,17700,17500,7410,29900,7750,24700,16200,3670,14200,2790,18900,5360,23300,13600
"30-Jun",6820,2170,2580,752,3150,14400,1450,378,2770,5920,1100,4860,2450,7180,5720,9520,5030,1180,466,1860,1740,2070,1810,5980,5900,2810,4600,15800,18500,7140,28800,7300,22900,15700,3460,12800,2630,16700,5400,23400,12300
"01-Jul",6310,2190,2440,735,3060,14800,1430,361,2590,5970,1090,6590,2430,6960,5680,9790,4760,1130,417,1750,1680,2060,1720,6210,6950,2830,4370,14000,18700,6640,27400,6920,21300,15200,3300,12500,2550,14500,5310,21800,9210
"02-Jul",5870,2190,2380,714,2980,17200,1420,465,2430,6980,1060,6020,2500,6770,5300,9520,4560,1100,372,1570,1590,2130,1930,6090,7180,2700,4180,14200,18800,6270,25700,6580,19200,14700,3320,13600,2510,12200,5260,19400,7420
"03-Jul",5550,2200,2320,704,2880,20000,1450,554,2300,9300,1020,4600,2530,6520,4870,8750,4480,1120,346,1440,1430,2790,4040,6070,6610,2750,3970,17000,18900,6000,23600,6500,16800,14100,3280,15100,2490,9900,4900,16500,6660
"04-Jul",5220,2160,2300,682,2800,24200,1360,586,2230,10700,1050,3490,2460,7140,4530,7940,4460,1110,324,1310,1300,3600,5180,5900,5870,2800,3560,19300,19000,5790,20900,6360,14600,13400,3180,16000,2490,9070,4280,13500,6070
"05-Jul",4900,2120,2240,654,2740,29100,1320,660,2210,11300,1020,2850,2490,9900,4230,7210,4370,1090,321,1170,1240,4140,5170,5730,5080,3200,3390,20900,19100,5790,17500,5990,12900,12400,3050,16700,2450,9460,3800,9870,5600
"06-Jul",4620,2110,2190,624,2750,31600,1280,875,2390,11600,972,2500,2530,11300,4040,6530,4320,1270,331,1070,1210,4570,4660,6100,4720,4930,3340,21600,18900,7040,13200,5910,11400,10900,3100,17100,2390,9230,3600,6930,5620
"07-Jul",4380,2120,2160,621,2780,33000,1250,1070,2790,10800,932,2280,2820,11800,3890,6020,4220,1520,295,1040,1180,4780,4250,7130,4810,8760,3310,21000,18100,8240,9740,5950,10200,9150,3100,17200,2360,8750,3430,5900,6170
"08-Jul",4160,2370,2100,668,2850,34600,1210,1260,3080,9200,892,2160,3070,11500,3760,5730,3980,1610,301,1050,1200,4850,3880,7780,7020,11600,3320,20100,17000,8520,9670,5970,9240,7420,3160,16900,2300,8090,3190,5260,6430
"09-Jul",3860,2780,2060,682,2850,36400,1250,1240,3180,7720,828,2050,3100,10500,3680,5520,3890,1620,284,1120,1120,4850,3520,8030,15200,12200,3290,18800,16900,8200,12600,5870,9090,6210,3540,16300,2250,7530,3010,4880,6250
"10-Jul",3620,2960,2030,704,2920,38000,1260,1020,3070,7000,786,1870,3010,9150,3520,5270,3750,1500,285,1040,1020,4720,3200,7810,21600,12400,3200,17200,17200,8210,14800,5720,14900,5700,3410,15600,2210,7110,3030,4510,5950
"11-Jul",3430,2940,1990,672,2800,40800,1240,848,3020,6500,764,1760,2920,8130,3390,5000,3710,1450,286,948,953,4410,3060,7320,25400,11200,3190,15800,17100,8470,15400,5480,24700,5370,3390,14700,2140,6710,3080,4220,5690
"12-Jul",3100,2890,1910,624,2780,41300,1200,738,3180,6120,688,1940,2960,7300,3240,4780,3820,1320,281,876,926,4020,3190,6760,26500,10700,3190,13800,16800,8780,14800,5300,33200,5290,3730,13500,2020,6480,3060,3980,5370
"13-Jul",2790,2720,1840,603,2720,41900,1160,648,3660,5780,640,2400,2920,6520,3100,4590,3950,1250,289,870,889,3600,3040,6270,25500,9800,3190,13000,16400,9120,13300,5170,36600,5110,5100,12200,1910,6340,2900,3730,5070
"14-Jul",2540,2570,1800,582,2680,42400,1120,605,4150,5470,600,2310,2830,5840,2950,4440,4450,1220,295,843,870,3350,2730,5880,24400,9600,3210,14000,15700,8790,11400,5230,37400,5720,7350,11100,1820,6180,2810,3560,4870
"15-Jul",2380,2420,1800,573,2610,41500,1050,588,4520,5100,550,2300,2840,5310,2780,4290,5190,1260,270,825,857,3190,2490,5590,23500,9400,3180,15000,14600,7860,9670,5040,36000,5850,8260,10300,1790,6000,2810,3450,4890
"16-Jul",2210,2260,1830,528,2600,40600,1020,558,4660,4640,500,2440,2790,4850,2650,4200,5570,1170,264,783,861,3020,2400,5510,20000,9100,3140,17500,13900,7050,7900,4840,32900,5680,8250,9850,1750,5740,2960,3300,5740
"17-Jul",2160,2160,1920,504,2540,37400,1000,526,4500,4280,480,2460,2710,4360,2530,4190,5400,1100,252,748,831,2910,2390,6340,17300,8900,3030,20000,12900,6530,7010,4830,29300,5420,7240,9660,1640,5550,2990,3230,6650
"18-Jul",2070,2240,2000,480,2460,35400,981,508,4140,4020,460,2430,2700,3940,2440,4320,5430,1160,292,705,785,2850,2470,9580,14500,8700,3520,19800,11800,6170,6600,4790,25100,5080,6210,9590,1570,5310,2850,3550,6990
"19-Jul",1980,2170,2110,474,2350,32100,961,487,3790,3850,440,2330,3630,3610,2430,4630,5280,1090,330,686,740,2770,2700,12900,12100,8280,3900,18000,10500,6220,6180,5190,21300,4830,5460,9530,1470,4940,2770,4700,6660
"20-Jul",1890,2040,2250,450,2260,29000,957,494,3420,3720,490,2200,4080,3540,2380,4670,5120,1110,357,664,705,2730,2850,15100,11900,7980,5000,15000,8820,6100,5820,5390,17500,4610,4830,9090,1440,4560,2640,5580,6200
"21-Jul",1780,1930,2320,445,2270,25800,949,506,3250,3610,495,2020,4090,3710,2410,4920,4900,1080,381,624,689,2500,2480,16600,11800,8060,5390,13000,7870,5770,5470,5460,14200,4340,4370,8350,1410,4230,2650,5840,5860
"22-Jul",1700,1860,2380,441,2390,20100,965,492,3220,3480,508,1860,4040,3970,2280,5160,4680,1850,382,610,701,2360,2150,17600,11700,8290,5200,11000,7500,5510,5160,5710,11800,4030,3910,8030,1400,3910,2830,5410,5590
"23-Jul",1660,1830,2460,437,3290,16100,949,456,3140,3310,515,1770,4470,4100,2190,5410,4600,6150,351,590,707,2250,1950,18300,11500,8070,4900,9200,7410,5560,4990,6120,10600,3620,3490,8140,1400,3640,2650,4630,5370
"24-Jul",1580,1760,2480,433,4380,12000,957,425,2970,3210,490,1680,4580,4120,2110,5520,4440,9270,319,580,741,2180,1810,18900,11400,7430,4600,7800,7190,5660,4860,6320,9700,3320,3210,7870,1380,3580,2330,3950,5200
"25-Jul",1510,1700,2590,429,4420,9200,949,401,2760,3140,488,1620,4230,4110,2100,5880,4220,10800,297,568,776,2120,1690,19700,11600,6730,4300,7000,6860,5460,4720,6200,9170,3180,3090,7490,1330,3470,2110,3670,5480
"26-Jul",1440,1620,2780,441,3920,8200,945,364,2650,3250,490,1550,3860,4100,2280,6400,4010,11100,253,540,805,2070,1550,20500,11600,6030,4000,6000,6560,5240,4520,5890,8630,3240,2850,7210,1290,3190,1990,3650,5770
"27-Jul",1430,1570,2910,453,3410,7300,937,333,2630,3500,518,1490,3620,4030,2110,6860,3830,10300,236,545,791,2020,1470,21600,11000,5460,3710,5500,6160,5060,4410,5750,8700,3200,2680,6810,1270,2940,1930,3570,5700
"28-Jul",1420,1610,2880,462,2960,6800,921,340,2520,3650,529,1440,3570,3820,2090,7190,3780,8820,215,556,744,1890,1440,22900,10300,5050,3420,5000,5690,5080,4310,5390,8910,3100,2570,6500,1250,2750,1870,3360,5490
"29-Jul",1460,1500,2760,474,2620,6200,925,337,2390,3650,495,1450,3390,3580,2040,7350,3620,7330,186,551,685,1770,1400,24100,9240,4710,3370,4800,5250,5290,4210,4910,8890,2930,2420,5910,1350,2650,2040,3180,5630
"30-Jul",1420,1420,2680,513,2380,5500,937,308,2180,3790,495,1470,3120,3310,1970,7300,3430,6080,188,527,662,1700,1320,24900,7780,4440,3390,4500,4920,5190,4140,4810,8610,2940,2210,5580,1370,2550,2160,2940,6710
"31-Jul",1380,1420,2660,549,2210,5000,945,312,2010,4330,465,1530,2920,3070,1950,7130,3210,5040,168,524,642,1650,1280,25500,6830,4170,3500,4300,4590,5060,4180,5160,7880,2860,2130,5500,1320,2480,3090,2810,7290
"01-Aug",1350,1410,2620,585,2110,4600,933,333,1880,5660,425,1520,2860,2860,1960,6680,3080,4180,197,488,608,1550,1250,25900,6200,3870,3630,4250,4260,4930,4580,5820,7420,2730,1970,5420,1420,2420,3080,2760,6990
"02-Aug",1270,1380,2500,637,2060,4300,929,319,1890,5740,396,1460,2810,2710,1920,6250,2930,3480,226,484,570,1460,1190,26100,5690,3590,3620,4160,4080,4830,5180,7590,6880,2620,1730,5200,1410,2310,2710,2630,6450
"03-Aug",1220,1340,2420,627,2020,4200,921,312,1920,5450,389,1470,2720,2530,1830,5860,2910,3030,247,457,534,1470,1090,26200,5320,3350,3540,4090,3860,4700,4570,9420,6270,2410,1640,4920,1320,2110,2370,2520,5980
"04-Aug",1180,1280,2320,606,1980,4200,929,305,1900,5130,374,1380,2610,2440,1760,5610,2830,2860,261,453,503,1430,982,26200,5030,3190,3510,3980,3710,4440,3780,9660,6060,2190,1490,4600,1260,1980,2060,2380,5700
"05-Aug",1180,1210,2240,597,1950,4100,949,284,1880,4700,356,1280,2470,2400,1740,5330,2770,2730,261,435,514,1400,934,26100,4770,3040,3400,3950,3620,4120,3530,9000,5750,2240,1440,4370,1230,1770,1780,2330,5540
"06-Aug",1200,1140,2210,615,1890,3800,957,265,1840,4300,365,1300,2410,2290,1710,5150,2710,2600,253,445,519,1450,924,25900,4490,2850,3390,3890,3540,3910,3290,7980,5410,2130,1340,4170,1180,1580,1570,2280,5390
"07-Aug",1190,1090,2210,640,1830,3570,953,245,1790,3990,356,1540,2350,2180,1780,5120,2620,2480,292,434,491,1360,977,25500,4240,2710,3600,3840,3460,3780,3120,6840,5100,1960,1170,4240,1160,1510,1450,2230,5160
"08-Aug",1200,1050,2210,696,1810,3370,961,242,1740,3750,348,1820,2250,2140,1750,5250,2580,2390,323,429,482,1260,961,25000,4030,2600,3610,3810,3370,3580,3210,6320,5030,1840,1180,4720,1100,1530,1350,2230,4810
"09-Aug",1190,1020,2230,756,1780,3220,993,232,1660,3520,345,1990,2180,1940,1770,5120,2560,2250,335,442,477,1200,925,24400,3930,2510,3560,3710,3280,3320,2970,6120,5030,1730,1430,5070,1120,1550,1290,2200,4510
"10-Aug",1170,1010,2320,802,1820,3080,1100,228,1590,3370,341,1940,2080,1860,1760,4880,2580,2090,356,447,443,1150,890,23600,3990,2400,3380,3580,3160,3160,2880,6300,4790,1680,1660,5080,1210,1530,1260,2210,4350
"11-Aug",1100,1010,2380,854,1940,2920,1110,227,1550,3220,345,1780,2000,1760,1770,4690,2590,1920,340,440,428,1130,888,22900,3890,2340,3200,3450,2990,3140,2700,6850,4680,1550,1670,4780,1140,1530,1350,2300,4140
"12-Aug",1000,984,2430,875,2120,2880,1060,220,1500,3090,330,1640,1980,1650,1730,4600,2520,1800,320,423,402,1110,928,22200,3740,2290,2800,3350,2840,3670,2600,7380,4690,1500,1660,4400,1140,1540,1480,2330,4050
"13-Aug",914,1010,2450,900,2690,2800,1080,200,1510,3000,363,1550,1900,1570,1660,4450,2440,1770,306,392,406,1080,1090,20900,3800,2260,2470,3280,2770,4310,2500,6920,4420,1460,1570,4180,1260,1480,1480,2210,4200
"14-Aug",903,1020,2420,886,3380,2730,1040,203,1430,2920,425,1470,1880,1530,1610,4370,2430,1710,342,390,416,1060,1290,19900,3830,2200,2310,3100,2740,5520,2450,6330,4210,1420,1540,4170,1310,1410,1860,2180,4600
"15-Aug",980,1020,2390,872,3750,2670,1030,206,1500,2800,495,1400,1870,1490,1580,4400,2380,1620,378,405,484,1030,1290,18800,3720,2110,2270,3050,2750,6550,2450,6020,3910,1390,1500,4090,1430,1340,2890,2220,6050
"16-Aug",1060,1000,2380,844,3610,2600,1010,208,1480,2670,535,1320,1860,1430,1640,4530,2270,1600,387,482,474,1020,1200,17500,3440,2220,2280,3000,2700,6730,2500,5700,3740,1330,1480,3850,1260,1270,4250,2290,7750
"17-Aug",1090,1010,2340,816,4320,2560,997,208,1340,2610,520,1230,1830,1390,1670,5230,2260,1750,433,471,431,956,1180,16100,3210,2240,2270,2980,2690,7010,2650,5490,3590,1250,1510,4180,1100,1210,5150,2890,8410
"18-Aug",1060,1020,2270,794,5240,2550,997,206,1210,2570,512,1160,1740,1370,1640,7140,2270,1730,458,384,436,957,1030,14800,3100,2100,2260,2960,2670,7720,2750,5300,3440,1210,1170,4490,1070,1160,5350,4110,8290
"19-Aug",1030,1050,2250,770,5420,2530,993,209,1070,2540,465,1030,1690,1420,1510,9030,2290,1580,451,372,433,988,955,13500,2910,2060,2260,2940,2700,7840,2750,5010,3370,1130,1060,5320,1110,1130,4830,4470,7590
"20-Aug",1030,1060,2200,770,4640,2520,985,201,974,2500,445,940,1650,1390,1340,10200,2280,1510,422,331,448,921,894,12700,2830,2000,2220,2920,2660,7390,2700,4520,3440,1010,1050,7230,1100,1120,4010,4290,6720
"21-Aug",1050,1050,2130,784,3650,2490,973,193,941,2450,485,888,1570,1420,1180,11200,2240,1470,381,329,450,787,866,11900,2830,2020,2200,2920,2610,6660,2660,4070,3660,939,968,7400,1050,1120,3290,4560,6050
"22-Aug",1060,1010,2170,777,3020,2520,969,193,926,2460,445,866,1500,1420,1090,11200,2220,1430,326,347,432,790,858,11100,2880,2110,2210,2920,2620,5980,2500,3860,3710,852,957,6590,1020,1130,2760,4860,5770
"23-Aug",1070,984,2220,798,2650,2560,961,196,947,2650,470,976,1440,2600,1060,9600,2140,1310,302,437,395,834,967,10400,2890,2150,2200,2930,2570,5570,2420,3620,3690,810,873,6130,979,1130,2400,4730,5430
"24-Aug",1130,952,2260,756,2470,2570,953,200,935,2890,492,1710,1440,3720,1080,8100,2060,1220,289,517,362,824,1170,9360,2790,2070,2200,2900,2550,6090,2420,3640,3710,761,984,6130,973,1130,2120,4470,5000
"25-Aug",1060,917,2250,784,2340,2530,933,177,908,2700,508,1980,1350,3960,1110,7520,2000,1210,274,494,383,799,1390,9010,2720,2070,2160,2840,2510,7480,2390,3660,3700,616,915,6070,1060,1140,1870,4100,4740
"26-Aug",1060,896,2170,774,2280,2570,929,104,1030,2600,515,1950,1290,4270,1130,7830,1980,1230,266,507,405,771,2240,8340,2660,2610,2130,2810,2330,7340,2370,3510,3700,551,1410,5770,1130,1170,1560,3760,4580
"27-Aug",1040,837,2080,732,2190,2610,937,143,1080,2630,508,2080,1350,4540,1130,7670,2030,1250,247,450,393,763,3370,7500,2570,3640,2060,2780,2260,6490,2230,3370,3720,481,1660,6390,1160,1260,1300,3460,4390
"28-Aug",1030,802,2050,665,2190,2600,953,217,1120,2640,495,1830,1430,5470,1090,6800,2090,1260,259,460,377,715,3680,6850,2560,3740,2010,2750,2330,5710,2180,3090,5120,541,1990,7920,1190,1240,1130,3180,4230
"29-Aug",992,794,2060,630,2190,2550,937,258,1150,2580,520,1560,1470,5820,1040,6030,2140,1250,255,473,414,624,3540,6640,2480,3490,1920,2710,2470,5020,2150,2970,8450,626,1870,8600,1150,1180,996,3000,4140
"30-Aug",996,766,2070,615,2180,2500,909,261,1380,2570,580,1300,1440,5160,984,5550,2190,1280,259,531,459,583,3070,6550,2400,3450,1840,2690,2790,4560,2150,2950,13200,605,1450,8460,1070,1200,931,2840,4030
"31-Aug",1020,749,2040,582,2140,2420,885,251,1480,2610,992,1150,1410,4300,931,5270,2230,1340,249,601,460,613,2650,6800,2360,3320,1870,2650,3230,4240,2100,2870,15600,573,1390,7600,1010,1290,884,2680,3910
"01-Sep",984,756,2030,579,2050,2260,889,153,1330,2520,2910,1140,1350,3650,928,5520,2260,1390,239,614,447,625,2400,8220,2320,2960,1890,2580,3220,4070,2100,2800,16600,485,1070,6490,932,1230,876,2550,3900
"02-Sep",984,746,2000,634,2050,1950,881,1.8,1110,2500,3120,1600,1330,3150,953,5800,2320,1420,221,2020,468,607,2240,9400,2280,2650,1910,2520,2990,3990,2300,2810,17000,447,1020,5560,951,1120,996,2320,3910
"03-Sep",1020,812,1990,760,2030,1900,833,434,1000,2450,2060,2590,1320,2750,969,5820,2360,1330,226,3080,461,592,2100,9680,2210,2410,1900,2540,2620,4920,2500,2820,16600,414,918,4930,1010,1060,1090,2180,3790
"04-Sep",1050,882,1980,1090,1970,2040,857,570,935,2400,1400,2490,1300,2430,1050,5740,2440,1170,220,2630,403,596,2010,9170,2200,2240,1870,2630,2380,7740,3000,2800,14300,469,933,4560,1070,996,1500,2050,3720
"05-Sep",1020,1020,1960,2130,1920,2060,857,451,887,2350,964,1960,1290,2260,1070,5740,2520,1040,225,2160,415,618,1980,8440,2050,2160,1900,2580,2330,12700,4300,2830,10600,456,887,4350,1290,949,2260,1950,3620
"06-Sep",992,1150,1960,3210,1890,2080,857,432,735,2300,775,1780,1280,2130,1050,5740,2430,977,218,1900,411,698,1900,7660,1960,2270,1900,2570,2280,17200,5000,2830,7460,425,1040,4540,1370,945,2320,1870,3550
"07-Sep",1110,1860,1980,4090,1890,2100,829,461,695,2200,667,1760,1270,2080,1040,5530,2710,918,208,1640,419,718,1880,7080,1920,2290,2060,2540,2170,20600,5000,3020,6200,400,1130,6810,1290,933,2550,1840,3710
"08-Sep",1160,2380,1970,4530,1850,2150,841,490,718,2100,495,2500,1250,2020,1050,5300,2860,897,193,1310,395,724,1880,6830,1920,2770,2020,2510,2210,22700,4700,3280,5580,400,3500,9150,1370,979,2610,1880,4590
"09-Sep",1190,2550,1970,4360,1850,2180,857,508,720,2000,312,4140,1240,1930,1050,5110,3000,875,206,1050,375,710,1940,6630,1930,3590,1880,2560,2160,23300,4000,3340,5200,339,4760,9180,1560,978,2360,1980,6680
"10-Sep",1240,2530,1940,3920,1870,2200,873,508,720,1900,396,5040,1190,1890,1030,4890,3070,855,239,922,375,718,2440,6420,1870,3520,1750,2680,2110,22200,3400,3330,4980,318,6610,8410,1610,939,2020,2010,7920
"11-Sep",1270,2350,1940,3510,1890,2220,869,490,758,1850,432,4400,1200,1920,1010,4770,3070,867,224,844,383,818,2920,6230,1840,3160,1690,2690,2080,20300,3000,3270,4780,339,6290,7990,1510,969,1760,2060,8910
"12-Sep",1300,2070,1960,3240,1890,2240,861,484,959,1820,450,3330,1220,1900,960,4750,2970,880,210,761,385,1150,3090,6140,1940,2780,1680,2630,2100,17700,2700,3220,4580,336,5430,7530,1420,1090,2380,2120,12200
"13-Sep",1300,1770,2020,2980,1890,2280,829,490,950,1820,452,2500,1240,1930,962,4630,2780,904,192,680,362,1400,2970,6070,1990,2480,1620,2560,2110,14800,2500,3010,4300,445,4710,6740,1280,996,5870,2260,13900
"14-Sep",1320,1620,2000,2780,1880,2300,805,501,884,1810,432,1950,1250,1920,999,4300,2660,897,183,619,354,2010,2730,6050,2090,2280,1590,2540,2110,13300,2300,2760,4200,425,4170,5650,1160,953,7860,2480,13900
"15-Sep",1310,1450,2000,2700,1860,2370,729,499,821,1830,420,1620,1270,1970,1020,4040,2550,888,176,575,284,2600,2460,5970,2680,2110,1660,2480,2040,12400,2200,2670,3970,389,3750,4800,1080,934,8050,2420,12900
"16-Sep",1260,1290,2020,2680,1850,2330,657,487,851,1830,458,1390,1260,2060,1030,3770,2480,904,206,520,268,2870,2240,5860,3510,1970,1620,2490,2030,12000,2100,2610,3720,432,3290,4220,1080,919,7180,2300,11800
"17-Sep",1190,1150,2050,2580,1810,2480,640,468,959,1810,526,1660,1270,2410,986,3650,2470,889,225,527,231,2740,2090,5850,5680,1890,1610,2310,1960,11600,2100,2530,3520,624,2890,3800,1110,884,5920,2180,10900
"18-Sep",1140,1060,2030,2460,1780,2540,620,482,1040,1830,526,1520,1260,3230,1010,3640,2460,908,240,521,265,2620,1980,5790,7840,1810,1610,2250,1890,11100,2100,2410,3390,1060,2600,3460,1050,842,4690,2110,9790
"19-Sep",1110,992,1960,2380,1740,2500,600,508,1140,1780,520,1410,1320,3710,1020,3830,2440,994,319,492,288,2640,2020,5620,8580,1780,1520,2410,1900,10300,2100,2280,3440,901,2610,3310,1070,809,3740,2040,8900
"20-Sep",1100,942,1880,2300,1690,2450,580,499,1340,1770,520,928,1310,4060,1010,4160,2470,988,417,462,331,2340,2220,5420,7840,1730,1450,2480,1860,9420,2100,2300,3140,812,2700,3310,1000,805,3070,1950,8030
"21-Sep",1090,903,1830,2270,1660,2400,560,492,1360,1770,506,862,1270,3970,996,4690,2480,1020,564,443,335,2110,2240,5290,6880,1710,1400,2450,1870,8470,2100,2240,3050,909,2720,3240,922,807,2610,1880,7310
"22-Sep",1080,858,1850,2240,1630,2320,540,508,1260,1760,495,820,1250,3530,965,5560,2580,1080,856,417,374,1840,2170,5240,6400,1660,1400,2350,1800,7600,2100,2220,2990,906,2800,3180,943,845,2300,1840,6860
"23-Sep",1080,830,1790,2150,1610,2280,521,605,1100,1760,490,817,1240,3050,944,5670,2820,1110,932,453,422,1570,2040,5120,6020,1590,1410,2280,1710,7110,2100,2290,2950,777,3170,3120,1100,880,2020,1830,6640
"24-Sep",1100,802,1750,2330,1610,2230,523,730,1010,1780,488,834,1270,2650,897,5250,3410,1110,891,441,375,1320,1900,5090,5580,1470,1410,2220,1720,6830,2100,2280,2800,587,3520,3080,1320,985,1830,1870,6620
"25-Sep",1280,756,1710,2520,1610,2240,521,760,968,1770,495,842,1240,2430,912,4580,4160,1100,755,462,354,1070,1780,5050,5140,1530,1390,2150,1760,6630,2150,2250,2530,546,3810,2970,1510,1030,1700,2010,10200
"26-Sep",1280,710,1700,3370,1600,2220,513,824,995,1730,512,876,1220,2190,918,4060,4670,1070,616,493,330,1020,1730,4950,4810,1430,1450,2080,1780,6330,2350,2240,2450,625,4660,2880,1510,967,1560,1980,16500
"27-Sep",1240,696,1710,5420,1600,2180,517,950,1020,1700,526,866,1250,2050,822,3690,5170,1040,537,496,311,998,1630,4860,4640,1350,1560,2010,1690,6300,2600,2260,2380,611,5620,2790,1390,970,1450,1880,20400
"28-Sep",1220,696,1720,6440,1610,2140,519,1180,1020,1740,553,842,1290,1860,710,3620,5580,999,494,544,295,998,1590,4710,4520,1310,1620,2060,1590,6250,2950,2230,2320,620,6020,2700,1340,1040,1360,1770,22400
"29-Sep",1180,696,1720,6370,1600,2180,514,1400,971,1680,562,817,1290,1770,649,3610,5950,983,486,623,276,962,1520,4470,4380,1320,1750,2090,1560,6210,3000,2210,2230,549,5690,2650,1350,1030,1280,1730,22800
"30-Sep",1160,732,1740,5990,1600,2030,514,1450,923,1660,559,828,1290,1680,634,3590,6110,953,475,637,310,870,1460,4220,4280,1370,1800,2080,1580,6100,2900,2210,2270,528,5960,2540,1410,983,1270,1710,22000
"01-Oct",1110,1000,1740,5540,1600,2120,514,1400,866,1640,538,884,1300,1640,634,3560,6100,859,431,607,349,859,1540,4040,4130,1580,1650,2150,1640,5910,2850,2040,2190,536,6260,2440,1500,984,1530,1710,20300
"02-Oct",1100,1850,1720,5090,1600,2240,514,1320,854,1620,556,960,1370,1560,565,3530,5840,884,409,617,383,801,1480,3830,3960,2630,1620,2120,1690,5610,2700,1920,2150,476,5800,2290,1390,988,1750,1800,18800
"03-Oct",1100,3740,1700,4660,1580,2240,484,1260,884,1590,488,1370,1420,1530,530,3470,5380,855,359,595,368,844,1440,3650,3860,3500,1500,2120,1700,5230,2400,1820,2100,429,5270,2170,1280,1090,1710,1930,17000
"04-Oct",1070,5340,1670,4280,1620,2270,452,1220,923,1600,396,1920,1440,1520,507,3410,4900,788,355,559,380,864,1380,3570,3740,3470,1550,2090,1710,5040,2420,1810,2130,405,4940,2110,1230,1100,1530,2650,15600
"05-Oct",1060,6030,1660,3960,1720,2150,437,1190,932,1600,420,2040,1430,1520,477,3380,4400,753,340,500,381,886,1330,3480,3620,3510,1510,2060,1850,4890,2500,1730,2140,385,4640,2360,1210,1040,1370,3100,14100
"06-Oct",1030,5760,1660,3620,1770,2200,425,1140,932,1610,425,1890,1590,1560,439,3170,4140,759,332,469,360,853,1280,3430,3570,3640,1480,2070,1820,4760,2500,1760,2150,363,4440,2960,1190,996,1380,3220,12500
"07-Oct",1020,4800,1660,3330,1800,2290,418,1110,920,1610,406,1890,1770,1590,391,3070,3930,729,313,500,355,774,1250,3570,3630,4170,1450,2070,1870,4560,2380,1760,2170,376,4350,3930,1150,997,1290,3570,11000
"08-Oct",1020,3970,1650,3160,1780,2230,405,1130,905,1650,381,2300,1720,1620,336,3120,3830,659,313,525,352,668,1220,3650,3810,5010,1440,2140,1930,4440,2200,1620,2240,361,4280,4730,1100,988,1330,3880,9710
"09-Oct",1040,3420,1660,3060,1890,2120,412,1070,890,1700,356,2590,1940,1700,318,3220,3750,601,300,544,336,619,1190,3720,4050,5210,1470,2360,1930,4420,2100,1690,2330,373,4140,5010,1100,979,1690,3880,8890
"10-Oct",1080,3060,1680,3020,1910,2150,410,1090,893,1660,337,2550,2570,1770,306,4050,3610,578,279,577,341,598,1150,3820,4100,4970,1500,2380,1920,4590,2100,1790,2240,405,3990,5180,1120,1000,2370,3770,8470
"11-Oct",1140,2780,1720,2880,1930,2190,407,1410,887,1620,330,2480,3310,1960,358,5190,3570,548,285,548,317,585,1120,3870,4090,4660,1500,2650,2030,4620,2050,1640,2160,520,3950,5200,1160,1090,2690,3790,8170
"12-Oct",1170,2580,1720,2860,1950,2210,407,1660,884,1600,328,2550,4980,2010,375,5390,3540,596,274,570,323,620,1040,3900,4040,4420,1520,2750,2100,4620,2000,1680,2340,566,3920,4970,1180,1170,3080,3940,7880
"13-Oct",1140,2400,1740,2990,1970,2160,405,1650,875,1600,317,2640,6250,2050,403,5010,3410,601,263,560,297,609,1010,3930,3940,4220,1530,2720,2100,4610,1930,1860,2290,640,3840,4630,1210,1180,5470,3930,7480
"14-Oct",1120,2240,1760,3530,2000,2260,404,1540,860,1610,317,3040,6640,2000,420,4560,3330,584,256,545,302,636,989,3920,3850,4050,1520,2830,2030,4570,1930,2110,2240,654,3840,4240,1260,1250,11500,3840,6990
"15-Oct",1100,2100,1800,4250,2030,2280,413,1430,842,1610,326,3840,6570,2020,563,4460,3310,582,251,505,321,639,973,3880,3750,3810,1540,3510,2070,4530,1930,2260,2360,745,3640,3890,1250,1300,16100,3650,6550
"16-Oct",1070,1960,1850,4590,2060,2300,429,1370,812,1620,337,3970,6220,2100,602,4420,3280,566,252,506,315,608,954,3830,3650,3520,1500,4470,2090,4500,1950,2210,2300,699,3420,3580,1230,1280,17800,3310,6260
"17-Oct",1070,1920,1860,4550,2080,2260,434,1300,812,1620,354,3570,5770,1960,1120,4240,3280,595,261,465,323,612,941,3710,3620,3370,1480,4660,2360,4470,2000,2180,2210,593,3460,3330,1290,1250,18200,3110,5970
"18-Oct",1100,2020,1860,4320,2100,2280,429,1260,851,1630,365,3140,5350,2500,2500,4110,3140,564,260,458,366,662,916,3680,4470,3250,1570,4560,3140,4440,2600,2360,2260,578,3470,3290,1380,1330,18500,3120,5770
"19-Oct",1090,3630,1820,4140,2150,2340,407,1210,860,1620,374,2870,5000,3110,3220,4050,3120,551,275,466,329,675,921,3650,6620,3220,1600,4260,5630,4390,3300,2360,2180,535,3320,3410,1430,1480,18500,3260,5620
"20-Oct",1060,7480,1830,4030,2150,2350,370,1210,860,1660,392,2890,4700,3170,3250,4050,3080,581,281,452,312,704,915,3610,7980,3190,1640,4220,7740,4340,3400,2370,2100,517,3340,3500,1470,1530,18200,3790,5490
"21-Oct",1060,9310,1840,3910,2110,2320,362,1220,863,1700,420,2910,4500,2950,3630,4140,2940,601,282,440,392,715,932,3530,8460,3340,1650,4040,8000,4200,3400,2410,2180,541,3320,3510,1530,1730,17500,4140,5380
"22-Oct",1070,9660,1880,3790,2120,2340,370,1230,857,1730,435,2840,4410,2790,5370,4170,2740,581,313,427,415,708,903,3430,8290,3450,1670,3900,7400,4150,3300,2110,2230,571,3280,3480,1500,2140,16100,4240,5280
"23-Oct",1160,8760,1910,3700,2110,2400,372,1210,815,1730,448,2730,4330,2700,6150,4130,2550,620,301,427,364,691,908,3400,7730,3630,1700,3750,6400,4140,3100,2310,2260,625,3260,3420,1460,2420,13400,4260,5150
"24-Oct",1190,7110,1920,3570,2060,2420,383,1170,794,1710,463,2650,4190,2650,5930,4100,2190,615,330,465,355,677,901,3310,7200,3650,1800,3640,5700,4130,2900,2470,2200,653,3190,3430,1430,2500,10000,4250,5040
"25-Oct",1200,5860,1920,3440,2030,2470,386,1110,851,1700,465,2550,3980,2580,5600,4060,2110,616,340,471,370,658,870,3210,6850,3580,1950,3540,5200,4050,2800,2580,2400,621,3230,3380,1400,2410,7770,4550,5030
"26-Oct",1190,4940,1920,3340,2020,2530,377,1080,950,1680,468,2410,3840,2480,5230,4010,2040,584,356,486,362,592,901,3150,6560,3460,2100,3430,4810,4000,2800,2620,2500,634,3480,3300,1350,2300,6910,5270,5230
"27-Oct",1210,4490,1940,3300,2010,2600,356,1040,1010,1700,475,2340,3690,2420,4760,3910,2040,603,344,464,349,537,846,3120,6260,3360,2230,3320,4510,3900,2900,2560,2600,606,4410,3240,1280,2230,7070,5920,6000
"28-Oct",1220,4080,1940,3280,2000,2720,338,1020,839,1670,726,2280,3610,2390,4310,3830,1980,624,368,436,370,526,808,3000,5990,3200,2230,3190,4280,3830,3050,2620,2730,603,5570,3150,1220,2150,7630,5940,11000
"29-Oct",1260,3740,1930,3260,1990,2790,336,974,860,1640,610,2230,3550,2360,3830,3730,1910,624,322,440,331,583,745,2940,5980,3060,2250,3170,4180,3740,3250,2720,2720,599,6880,3080,1170,2080,8290,5620,17700
"30-Oct",1340,3520,1920,3200,1980,2780,360,950,932,1680,463,2170,3460,2290,3560,3750,2010,634,310,448,373,542,730,2940,5800,3110,2470,3100,4120,3730,3480,2710,2640,593,7750,3070,1120,2110,8850,5280,21200
"31-Oct",1480,3440,1930,3200,1990,2700,390,932,959,1790,432,2170,3390,2250,3340,3670,1940,653,331,439,384,492,713,2870,5330,3240,2550,3070,3960,3750,3800,2810,2480,579,11100,3060,1130,2200,8970,5320,23000
"01-Nov",1660,3830,1920,3200,2160,2690,400,917,962,1980,430,2170,3320,2190,3070,3540,1910,656,366,439,378,461,681,2790,5040,3340,2510,3060,3960,3750,4300,2980,2330,653,17800,3030,1070,2160,8380,5960,23900
"02-Nov",1740,6050,1910,3190,2330,2640,400,911,968,2100,428,2110,3240,2090,1980,3480,1870,653,381,425,377,375,689,2700,4800,3370,2140,3050,3950,3700,5000,3130,2040,628,21900,3030,1000,2010,7420,7150,23300
"03-Nov",1800,8100,1890,3170,2460,2530,380,911,962,2140,418,2060,3180,2060,1620,3390,1890,636,367,400,345,285,726,2640,4540,3420,2290,3190,3950,3700,6750,3440,2060,676,23800,2970,913,1870,6490,8080,22700
"04-Nov",1910,9060,1870,3120,2610,2490,365,917,920,2230,418,1990,3100,2010,1960,3310,1890,633,373,402,337,290,752,2560,4450,3370,2640,3120,3920,3680,8250,3730,2110,665,24100,2920,942,1810,5840,8850,21900
"05-Nov",1940,9320,1860,3080,2720,2470,350,914,851,2330,415,1900,3010,2010,2210,3310,1890,654,374,424,352,331,765,2530,4570,2960,2950,3000,3810,3650,9500,3930,2140,637,23100,2910,1060,1910,5440,9650,20800
"06-Nov",1940,8750,1870,2950,2690,2450,340,911,836,2400,415,1830,2920,2250,2340,3280,1910,651,389,462,337,371,752,2290,4540,3010,3000,3020,3650,3700,9800,4030,2200,616,21400,2920,1010,1760,5300,10500,19500
"07-Nov",1850,6880,1860,2630,2640,2430,330,917,830,2400,460,1800,2850,2370,2550,3240,1920,659,390,482,319,403,673,1810,4480,3120,2950,3090,3500,3760,11300,3930,2340,615,19400,2950,984,1680,5390,11100,18000
"08-Nov",1660,5300,1760,2110,2640,2430,320,968,818,2280,510,1800,2760,2330,2930,3190,2060,668,396,487,252,419,609,1570,4280,3240,2800,3070,3360,3730,14000,3860,2250,648,16900,2970,976,1660,6950,11200,16300
"09-Nov",1560,4460,1670,1940,2640,2430,320,1040,812,1900,518,1840,2760,2330,3030,3110,1870,679,391,474,262,376,648,1630,3900,3020,2600,3100,3100,3700,17400,3670,2270,646,14100,2980,1050,1620,10300,10300,14800
"10-Nov",1510,4550,1620,1940,2640,2460,320,1100,797,1500,500,1920,2800,2320,2870,2490,1490,687,386,464,256,355,743,1720,3740,3100,2200,3140,2880,3750,19400,3530,2340,563,11900,2970,1060,1660,12000,8640,13500
"11-Nov",1490,5100,1610,1970,2600,2480,315,1130,815,1350,493,1950,2800,2310,2520,1870,1180,658,375,457,261,358,775,1800,3560,2460,1950,3120,3010,3940,20500,3400,2290,573,10400,2910,1030,1730,12100,7480,12400
"12-Nov",1490,5360,1610,2200,2540,2500,315,980,830,1600,490,1950,2770,2310,2260,1650,1010,629,375,508,323,388,812,2030,3280,2060,1850,2500,2860,3770,20100,3460,2200,648,9630,2840,974,1690,11400,6580,11400
"13-Nov",1490,5430,1530,2480,2440,2490,310,742,821,1650,495,1950,2200,2300,2090,2110,1330,652,379,513,306,439,668,2270,3220,2220,1800,2120,2570,3690,17600,3500,1980,673,8770,2890,1000,1580,10000,5980,10800
"14-Nov",1420,5430,1220,2700,2330,2420,310,722,765,1700,510,1950,1800,2260,2310,2200,1450,690,387,517,323,489,619,2490,3190,2230,1750,1880,2830,3750,15400,3470,1370,679,8180,2940,959,1520,8900,5550,10500
"15-Nov",1260,5620,1000,2700,2070,2390,305,939,655,1800,507,1990,1700,2250,2540,2180,1630,689,377,451,341,520,596,2420,3160,2490,1700,1880,2720,3780,13300,3560,1240,687,7710,3030,1050,1590,8320,5290,10300
"16-Nov",1170,6000,973,2700,1760,2410,300,1170,562,2040,490,2000,1730,2250,1910,2190,1870,704,314,301,326,525,554,2210,3340,2860,1700,2250,2570,3800,11400,3420,1340,695,7410,3250,1130,1570,7840,5090,9950
"17-Nov",1180,6300,1040,2700,1610,2420,290,1300,575,2200,438,2010,1880,2230,1160,2400,2060,756,237,277,304,527,659,2140,3640,3100,1670,2250,2400,3840,10400,3500,1420,702,7130,3120,1150,1500,7310,4980,9580
"18-Nov",1330,6350,1060,2610,1620,2470,285,1310,735,2290,345,2030,2040,2250,1000,2530,2170,732,221,349,293,527,757,2100,3710,3200,1640,2340,2200,3910,9550,3720,1550,772,6710,3000,1150,1450,6550,4880,9180
"19-Nov",1420,6000,1100,2400,1820,2510,280,1220,890,2590,300,2060,2270,2180,1090,2270,2240,714,255,396,292,528,897,2270,3620,3270,1620,2520,2100,3950,8660,3960,1780,791,6430,3160,1150,1430,5930,4770,8820
"20-Nov",1500,5550,1180,2310,1860,2500,275,1140,911,2260,367,2050,2660,2220,1250,2110,2300,540,268,437,356,538,948,2020,3520,3360,1610,2740,2000,3960,7680,3940,2060,859,6270,3180,1160,1420,5100,4670,7880
"21-Nov",1390,5000,1220,2220,1700,2490,270,1110,899,2030,415,1790,2450,2320,1350,1980,2420,404,281,482,454,559,990,2010,3690,3260,1600,2740,2000,3950,7020,3910,2180,977,6140,3190,1150,1350,4400,4540,6880
"22-Nov",1400,4000,1170,2020,1500,2510,265,1100,803,1850,435,1510,2110,2360,1600,1760,2520,492,294,511,470,605,985,1840,3510,3100,1660,2740,2180,3960,6320,3750,2190,875,5940,3390,1100,1180,4000,4420,5930
"23-Nov",1050,3150,1140,1670,1400,2100,260,1100,698,1740,505,1250,2010,2260,1720,1650,2530,645,304,483,337,625,977,1320,3070,2700,1720,2620,2770,3980,6100,3630,2250,680,5790,4100,1040,988,3660,4340,3960
"24-Nov",950,2700,1180,1700,1200,2020,260,1130,640,1620,475,1380,1760,1800,1780,1630,2500,608,321,447,227,637,1070,1030,2820,2410,1760,2590,3310,3950,5950,3430,2240,429,5630,4650,1010,1010,3870,4370,3890
"25-Nov",1000,2600,1200,1820,1200,1740,260,1180,670,1400,372,1650,1560,1230,1930,1820,2450,666,334,423,285,673,1060,1040,2680,2280,1840,2530,3540,3950,5800,3350,2000,530,5410,4000,984,996,3920,4440,4010
"26-Nov",950,2500,1300,1900,1200,1810,255,1270,740,1190,341,1700,1540,979,2040,1920,2400,705,347,426,270,677,906,1070,2440,2130,1920,2690,3820,3930,5700,3280,1600,633,4820,3440,662,974,3960,4670,4210
"27-Nov",1000,2650,1230,2020,1200,1800,250,1290,800,1100,376,1650,1680,1060,2030,1940,2380,694,360,453,250,651,694,1230,2330,2070,2040,2980,4290,3860,5600,3320,1480,646,4190,2800,477,924,3940,4770,4320
"28-Nov",1050,3100,1160,2200,1200,1800,240,1320,840,1000,385,1400,1780,1220,1900,2010,2380,724,345,472,275,641,556,1370,2430,2080,2190,3080,4670,3780,5500,2550,1500,611,3860,2600,520,864,4020,4790,4560
"29-Nov",1150,3400,1090,2420,1200,1790,230,1380,850,1100,406,1400,1820,1360,1770,2070,2380,735,333,470,281,640,540,1410,2690,2050,2370,2970,4730,3160,5500,1900,1590,517,3440,2450,535,839,4000,4710,4870
"30-Nov",1200,4000,1020,2560,1190,1790,210,1470,850,1200,435,1500,1900,1510,1740,2170,2390,744,322,446,296,623,600,1580,3020,2160,2470,2840,4740,2980,5350,1910,1650,460,3450,2380,550,843,3760,4530,5170
"01-Dec",1250,4100,1060,2470,1190,1790,195,1540,830,1250,493,1470,1980,1750,1710,2230,2440,738,316,446,313,604,754,1720,3130,2340,2510,2740,4810,3200,5250,1960,1590,494,3330,2330,616,868,3490,4490,5310
"02-Dec",1300,3900,1100,2290,1180,1790,185,1560,820,1300,418,1380,2080,1930,1520,2220,2480,711,308,439,270,596,1020,1800,3270,2510,2460,2750,5040,3400,5200,1720,1500,515,2910,2420,634,935,3440,4360,5300
"03-Dec",1300,3800,1100,2110,1170,1790,180,1570,820,1300,352,1290,2140,2020,1150,2190,2490,687,299,433,228,597,1000,1850,3550,2490,2460,2800,5340,3500,5100,1630,1350,526,2840,2500,649,955,3290,4110,5300
"04-Dec",1250,3650,1100,2090,1170,1780,180,1580,860,1300,359,1200,2260,2030,983,2150,2490,628,300,413,200,586,990,1900,3750,2410,2470,2830,5830,3500,5000,1950,1280,502,2930,2800,684,957,2870,3630,5270
"05-Dec",1250,3500,1080,2060,1170,1780,175,1560,855,1320,385,1190,2530,2020,850,2110,2470,565,299,412,189,557,960,1980,3470,2430,2500,2710,6010,3300,4900,2310,1250,617,3100,2880,737,985,2750,2600,5240
"06-Dec",1200,3400,1060,1880,1170,1780,180,1550,830,1600,410,1080,2760,2070,694,2090,2430,574,290,400,189,520,880,2070,3100,2380,2460,2610,5900,2800,4800,2630,1250,557,3170,2900,775,945,2650,2300,5140
"07-Dec",1150,3400,1080,1740,1170,1780,180,1460,810,1800,438,1040,2840,2120,759,2080,2300,620,294,383,197,477,810,2140,2720,2300,2410,2500,5710,2460,4600,2740,1250,519,3180,2950,790,942,2530,2160,5010
"08-Dec",1150,3300,1140,1700,1170,1780,180,1400,800,2000,410,1120,2700,2130,990,2050,2090,638,293,391,221,445,800,2190,2500,2260,2350,2550,5140,2190,4400,2750,1280,529,3450,3000,806,941,2420,2050,4850
"09-Dec",1150,3200,1170,1820,1160,1780,185,1340,790,2000,354,1110,2430,2130,1240,2020,2040,641,277,370,231,413,830,2200,2400,2190,2330,2580,4540,2230,4500,2690,1300,529,3900,3290,853,948,2440,1990,4770
"10-Dec",1150,3150,1170,1780,1160,1780,190,1260,750,2000,339,1050,2100,2090,1580,2030,1970,636,258,351,236,401,860,2200,2350,2140,2310,2610,4090,2420,4400,2740,1340,527,4000,3280,863,965,2460,2070,4770
"11-Dec",1100,3100,1180,1740,1160,1780,195,1220,730,2030,334,1040,1800,2050,1830,2030,1940,619,242,336,256,395,890,2180,2250,2040,2300,2690,3870,2540,4250,2690,1360,524,4020,3270,858,985,2440,2210,4770
"12-Dec",1100,3100,1180,1620,1190,1780,195,1190,720,2030,343,1060,1680,2010,1900,2030,1910,627,225,299,263,394,900,2190,2150,2140,2280,2750,3800,2690,4100,2910,1400,524,3930,3430,870,995,2390,2440,4610
"13-Dec",1100,3100,1190,1540,1200,1780,200,1180,720,1880,350,1080,1740,2020,1850,2030,1930,609,212,269,271,395,900,2220,2100,2250,2220,2810,3700,2790,4000,2770,1460,506,3860,3420,873,994,2370,2550,4590
"14-Dec",1050,3050,1190,1700,1200,1780,200,1180,725,1680,345,1150,1780,2020,1760,2030,1920,597,208,239,262,398,900,2240,2150,2270,2180,2860,4350,2990,3900,2760,1480,483,3510,3400,858,990,2320,2600,4590
"15-Dec",1050,3000,1200,1880,1200,1770,200,1180,728,1600,326,1170,1800,2040,1680,2040,1970,594,208,218,265,434,900,2290,2200,2270,2100,2950,4560,3040,3800,2820,1500,459,3020,3350,857,990,2300,2640,4560
"16-Dec",1100,2950,1200,1960,1200,1770,200,1190,730,1510,334,1110,1810,2040,1590,2020,1940,565,216,203,254,443,900,2270,2150,2250,2080,2910,4480,2650,3700,3120,1510,460,2790,3300,856,990,2290,2660,4510
"17-Dec",1100,3000,1200,2020,1210,1770,200,1230,730,1500,442,1090,1760,2000,1560,1980,1880,551,225,200,233,443,900,2200,2150,2180,2000,2870,4090,2460,3600,3290,1500,462,2720,3250,855,990,2270,2670,4470
"18-Dec",1100,3050,1200,2060,1230,1770,200,1270,725,1400,420,1080,1720,1940,1590,1960,1850,573,228,194,222,442,900,2150,2150,2200,2000,2850,3590,2350,3500,3320,1490,445,2660,3200,870,1000,2260,2650,4400
"19-Dec",1100,3050,1200,2070,1250,1770,200,1290,735,1360,387,1100,1740,1930,1590,2000,1830,576,234,163,223,461,900,2140,2150,2180,2100,2830,3070,2200,3400,3160,1480,428,2470,3150,887,1010,2230,2570,4310
"20-Dec",1100,2950,1200,2070,1270,1770,200,1320,740,1360,370,1100,1740,1910,1510,2010,1810,584,235,144,214,477,900,2110,2200,2150,2100,2850,2480,2130,3350,3020,1480,402,2400,3100,907,1020,2170,2450,4250
"21-Dec",1100,2900,1190,2060,1330,1770,200,1340,740,1360,340,1100,1720,1880,1380,2000,1810,612,235,130,197,472,880,2090,2200,2170,2050,2800,2270,1970,3300,2720,1460,434,2340,3000,903,1020,2110,2340,4160
"22-Dec",1100,2850,1190,2020,1360,1770,200,1390,740,1360,319,1100,1690,1850,1450,2030,1810,641,242,116,200,474,860,2070,2250,2180,2000,2660,2090,1930,3200,2530,1440,475,2260,3100,902,1020,2070,2290,4120
"23-Dec",1100,2800,1190,2020,1390,1760,200,1400,745,1360,312,1100,1670,1820,1540,2010,1850,652,253,116,179,477,850,2020,2300,2180,1950,2590,1950,1970,3150,2230,1420,526,2190,3200,909,1020,2060,2300,4110
"24-Dec",1100,2750,1180,2020,1360,1760,200,1400,745,1360,306,1100,1670,1800,1560,1970,1900,645,252,110,168,471,850,2000,2250,2200,1900,2540,1850,2000,3100,2120,1420,532,2130,3250,902,1030,2060,2310,4050
"25-Dec",1100,2750,1180,1980,1390,1760,200,1380,740,1360,306,1100,1670,1780,1560,1950,1940,635,264,115,184,483,850,1850,2250,2160,1920,2490,1800,2200,3000,2030,1390,524,2100,3300,890,1030,2060,2320,4020
"26-Dec",1100,2700,1180,1940,1330,1760,205,1380,740,1360,304,1100,1620,1770,1510,1960,1970,623,269,120,192,479,850,1800,2250,2140,1980,2440,1750,2400,3000,1860,1350,508,2090,3350,874,1030,2040,2310,3990
"27-Dec",1100,2650,1180,1920,1220,1760,210,1370,740,1360,298,1100,1560,1770,1500,1960,1990,614,270,124,192,458,860,1750,2250,2100,2000,2330,1740,2500,2950,1920,1340,516,2090,3300,858,1030,2000,2300,3970
"28-Dec",1100,2600,1180,1920,1300,1760,210,1370,740,1360,288,1100,1560,1770,1490,1940,2010,614,270,135,178,441,850,1750,2250,2090,2000,2360,1730,2500,2900,2030,1280,560,2040,3250,848,1020,1940,2270,4000
"29-Dec",1100,2550,1180,1940,1320,1750,210,1360,740,1360,282,1100,1550,1770,1490,1900,2010,614,272,139,180,439,840,1710,2150,2130,2000,2250,1720,2450,2850,2050,1280,580,2020,3250,838,1010,1900,2240,4060
"30-Dec",1100,2500,1190,1940,1320,1750,210,1360,740,1360,288,1100,1540,1770,1480,1900,2000,614,274,143,183,430,840,1710,2100,2100,2010,2190,1710,2400,2800,2040,1270,580,2010,3250,833,995,1890,2220,4010
"31-Dec",1100,2450,1200,1940,1310,1750,215,1350,740,1360,302,1100,1540,1770,1460,1900,1980,611,276,143,168,427,840,1700,2000,2140,2020,2100,1700,2350,2800,2010,1270,580,1990,3250,826,990,1930,2200,3920
