"day","1951","1952","1953","1954","1955","1956","1957","1958","1959","1960","1961","1962","1963","1964","1965","1966","1967","1968","1969","1970","1971","1972","1973","1974","1975","1976","1977","1978","1979","1980","1981","1982","1983","1984","1985","1986","1987","1988","1989","1990","1991","1992","1993","1994","1995","1996","1997","1998","1999","2000","2001","2002","2003","2004","2005","2006","2007","2008","2009","2010"
"01-Jan",NA,12,67,30,227,543,129,0.4,278,669,205,824,1320,358,526,1780,534,765,702,1070,895,1210,826,1700,0,0,0,0,15,0.34,2.8,122,2.4,1020,1400,208,229,271,231,193,241,292,251,276,246,248,210,242,233,240,224,223,169,159,183,197,173,171,181,159
"02-Jan",NA,10,73,10,314,565,178,0.4,276,655,208,820,1330,361,592,1390,364,796,738,959,965,1040,794,1770,0,0,0,0,18,0.34,2.9,121,2.4,984,1350,208,221,276,226,192,239,286,254,277,248,248,224,242,231,239,224,220,177,157,184,196,192,175,177,166
"03-Jan",NA,30,69,7,420,570,176,0.4,274,616,210,824,1340,358,501,1310,329,762,782,978,945,900,734,1700,0,0,0,0,21,0.31,2.9,119,2.4,870,1200,214,220,280,221,197,231,287,254,277,259,246,226,239,241,259,223,220,186,158,183,194,197,181,185,174
"04-Jan",NA,42,67,12,396,565,181,0.5,274,610,210,806,1310,364,480,1240,308,704,802,951,700,940,738,1630,0,0,0,0,22,0.33,2.9,118,2.4,833,1150,226,216,298,215,198,264,292,251,282,263,246,231,241,242,243,224,220,183,159,184,189,197,195,185,170
"05-Jan",NA,32,73,22,347,567,197,0.4,276,490,208,782,1340,389,504,1190,371,760,822,913,460,1020,726,1540,0,5,0,0,22,0.33,2.9,118,2.4,834,1200,218,212,320,193,193,289,292,253,280,267,246,238,244,227,230,225,219,184,165,182,178,196,190,185,173
"06-Jan",NA,23,105,24,479,522,197,0.4,282,417,205,774,1310,400,473,1150,382,750,830,800,300,770,830,1400,0,9.3,0,0,19,0.36,2.9,117,2.3,946,1150,217,210,342,212,181,293,292,250,278,265,246,247,244,228,225,224,219,182,161,180,177,194,189,185,179
"07-Jan",NA,11,114,24,554,517,182,0.4,280,398,202,746,1300,417,459,1070,470,759,789,749,200,525,826,1360,0,9.3,0,0,18,0.37,2.9,118,2.5,1090,1110,210,208,344,226,185,239,288,256,275,263,245,227,244,229,215,224,218,178,154,177,178,193,188,181,176
"08-Jan",NA,17,114,36,517,507,172,0.4,280,377,205,774,1210,414,480,1090,500,739,805,737,210,525,854,1530,0,15,0,0,18,0.33,2.9,117,2.8,1080,1150,191,204,275,225,191,234,281,265,279,264,245,234,250,232,215,219,213,168,156,168,179,188,191,181,173
"09-Jan",NA,9.7,100,26,497,494,176,0.4,282,386,205,771,1040,389,550,1070,500,687,776,721,230,500,814,1590,0,14,0,0,18,0.34,2.9,119,2.9,1020,1200,189,206,258,225,206,244,286,246,283,266,245,234,252,236,215,213,214,165,156,173,183,193,190,178,196
"10-Jan",NA,5.5,94,48,475,488,190,0.4,278,438,202,700,886,414,630,1060,450,707,768,689,300,485,834,1620,0,16,0,0,17,0.35,2.9,119,2.6,1060,1200,179,200,256,221,206,254,282,244,280,268,245,238,252,234,215,225,215,161,156,162,185,188,192,170,182
"11-Jan",NA,7.9,92,39,444,503,176,0.4,272,501,202,652,814,428,1450,1050,399,738,798,709,500,765,870,1630,0,14,0,0,17,0.37,2.9,118,1.7,1050,1300,181,200,258,205,208,256,286,247,272,269,244,245,253,235,218,225,213,157,159,137,184,189,183,172,184
"12-Jan",NA,7,87,34,451,534,174,0.4,268,578,205,530,802,392,1440,1100,370,717,790,760,600,795,854,1600,0,15,0,0,17,0.37,3.1,114,1.8,1060,1450,183,201,263,198,198,252,289,251,251,271,244,236,251,236,220,226,212,159,160,148,181,181,183,180,183
"13-Jan",NA,5.5,82,32,453,552,200,0.4,268,690,210,470,670,350,1100,1090,464,738,763,953,800,970,850,1570,0,14,0,0,17,0.36,3.2,115,1.7,1030,1400,201,202,265,197,191,252,291,249,242,274,246,236,250,238,219,222,215,163,159,151,179,177,178,186,180
"14-Jan",NA,3.7,32,53,468,539,252,0.4,266,820,210,450,370,300,850,1030,554,756,788,1160,850,1140,798,1540,0,14,0,0,16,0.37,2.9,110,1.9,657,1380,225,197,270,209,193,259,286,254,242,276,247,242,251,238,221,220,215,168,161,152,179,176,175,196,177
"15-Jan",NA,3,37,51,475,545,224,0.4,270,662,208,540,350,270,750,1050,616,713,798,1340,955,1460,742,1520,0,14,0,0,16,0.38,2.9,111,2.2,500,1350,220,197,250,227,194,262,283,250,245,273,248,235,253,235,226,220,204,180,163,147,179,174,172,182,180
"16-Jan",NA,2.8,46,48,457,541,184,0.4,274,746,210,610,410,260,680,1090,660,682,808,1210,935,1080,806,1600,0,10,0,0,16,0.37,2.9,125,2.3,732,1400,219,197,272,232,191,268,282,244,252,273,250,236,252,236,226,217,192,178,170,133,180,173,159,183,180
"17-Jan",NA,6.8,55,40,453,550,195,0.4,274,725,212,684,434,250,630,1020,663,705,821,1040,915,965,858,1570,0,10,0,0,16,0.37,2.9,110,2.4,1210,1350,221,200,302,231,187,261,282,244,254,271,251,240,252,238,225,203,205,179,169,135,179,177,155,184,173
"18-Jan",NA,24,59,36,446,548,221,0.4,274,686,215,712,490,260,600,1030,647,713,845,1240,910,920,818,1560,0,11,0,0,18,0.37,2.9,112,2.5,1300,1300,223,203,287,225,191,258,281,245,256,270,252,239,251,240,222,186,213,178,169,137,177,176,162,183,175
"19-Jan",NA,11,59,36,449,592,261,0.4,274,672,212,704,522,290,582,1040,682,705,860,1140,970,945,782,1510,0,7.4,0,0,18,0.37,2.9,125,2.6,1320,1310,222,207,287,198,198,253,278,255,261,271,253,241,249,240,222,216,211,179,168,145,176,209,189,176,179
"20-Jan",NA,7,53,37,497,651,290,0.4,274,683,220,746,520,330,585,1030,671,740,839,1060,1060,950,822,1530,0,6.8,0,0,17,0.37,2.9,128,3.1,1130,1350,223,219,264,190,198,253,276,252,262,276,255,241,249,242,222,211,211,179,168,161,174,201,189,188,180
"21-Jan",NA,4.8,73,38,517,677,294,0.4,270,574,225,894,423,302,592,1070,643,755,814,1060,1270,850,818,1510,0,4.4,0,0,15,0.37,2.9,127,2.9,1030,1300,223,221,277,188,200,252,279,251,252,278,256,242,247,254,225,211,210,180,161,166,178,192,192,189,186
"22-Jan",NA,80,75,37,468,618,302,0.4,270,529,225,914,458,378,588,1070,614,699,852,1090,1270,905,782,1500,0,4.6,0,0,15,0.76,2.7,120,2.6,962,1100,214,226,264,198,205,260,279,262,244,271,257,230,246,263,233,211,215,180,157,172,179,192,193,191,186
"23-Jan",NA,78,77,36,367,572,272,0.4,268,515,225,1030,500,406,599,986,637,691,838,1050,1290,900,762,1530,0,1.8,0,0,15,0.44,2.7,120,2.6,870,904,212,230,309,228,196,264,279,285,245,270,258,211,245,257,235,211,220,178,157,172,183,187,197,190,192
"24-Jan",NA,59,80,37,398,576,256,0.4,264,536,228,1050,510,428,588,966,711,718,846,1040,1380,885,818,1620,0,1,0,0,14,0.37,2.5,124,2.6,838,846,202,215,301,218,190,263,278,262,247,275,259,210,243,248,239,210,219,179,159,171,179,182,190,180,197
"25-Jan",NA,32,80,38,464,596,263,0.4,264,599,225,1010,578,476,585,946,742,731,878,1070,1150,875,766,1550,0,0.15,0,0,15,0.44,2.5,127,2.7,847,817,205,217,295,218,202,263,277,253,247,303,261,214,242,249,246,211,218,177,157,166,181,185,168,200,192
"26-Jan",NA,21,80,38,497,576,265,0.4,264,708,225,942,676,438,574,914,775,685,886,1070,1010,890,750,1540,0,0,0,0,15,0.37,2.5,140,2.7,851,792,215,217,267,219,208,271,277,246,256,275,262,218,241,252,247,210,218,177,157,161,189,187,179,196,190
"27-Jan",NA,19,77,39,376,563,252,0.4,262,750,228,995,680,414,578,850,764,748,840,1010,1000,890,798,1500,0,0,0,0,15,0.37,2.3,141,2.8,929,923,216,218,273,218,206,276,278,236,259,276,262,226,242,248,257,212,216,176,157,155,171,188,174,197,196
"28-Jan",NA,20,77,38,387,563,241,0.3,264,788,228,925,684,386,571,894,718,724,798,998,975,770,794,1520,0,0,0,0,14,0.3,2.3,138,2.5,940,1230,215,236,284,198,199,277,275,226,255,260,263,244,242,239,258,215,216,178,156,166,176,188,175,196,200
"29-Jan",NA,21,77,39,427,539,252,0.4,272,746,225,848,680,420,578,914,667,732,841,1070,1040,775,822,1550,0,0,0,0,14,0.29,2.3,135,2.6,882,922,191,244,268,205,193,282,274,242,255,264,264,250,243,236,238,217,217,185,158,172,182,188,156,190,198
"30-Jan",NA,22,77,38,493,496,290,0.2,270,711,230,830,656,487,536,862,642,737,1390,1120,1030,880,882,1540,0,0,0,0,14,0.31,2.1,133,2.7,926,674,210,254,286,232,181,280,272,241,254,262,265,252,244,236,237,216,202,199,169,178,182,192,153,176,196
"31-Jan",NA,22,80,37,508,530,302,0.4,272,700,233,820,656,498,515,846,663,754,1730,1110,955,805,822,1470,0,0,0,0,13,0.3,2.6,133,2.9,976,609,247,252,284,212,179,271,274,240,254,263,266,261,242,234,234,205,211,203,181,194,188,189,164,164,198
"01-Feb",NA,22,80,38,510,851,290,0.4,272,690,236,813,720,571,512,858,684,805,1450,1080,915,795,922,1500,0,0,0,0,13,0.3,3,131,2.8,981,578,237,257,284,206,181,263,274,240,258,262,269,258,240,232,225,216,207,199,178,193,184,187,170,163,196
"02-Feb",NA,21,52,38,460,625,280,0.4,262,658,281,810,1010,529,525,950,705,757,1020,948,915,790,942,1490,0,0,0,0,13,0.32,3,131,2.8,943,922,224,281,276,195,183,259,277,243,256,261,269,256,237,252,217,214,208,196,177,172,179,185,180,163,189
"03-Feb",NA,20,59,39,455,301,280,0.3,256,683,266,813,892,508,610,930,705,755,829,1030,1020,820,810,1500,0,0,0,0,13,0.3,2,131,2.8,915,1150,218,302,279,193,189,258,276,244,255,257,270,236,237,254,219,215,209,188,169,154,178,184,178,171,185
"04-Feb",NA,20,73,40,473,565,268,0.3,258,750,248,827,772,508,595,918,718,788,882,1060,1060,790,854,1530,0,0,0,0,13,0.37,2,133,3.4,895,1060,217,312,314,194,190,256,276,246,253,255,270,234,241,236,219,218,210,190,163,164,176,185,189,183,187
"05-Feb",NA,19,82,44,468,520,266,0.4,260,746,230,824,920,501,610,938,718,729,874,958,1080,745,762,1400,0,0,0,0,13,0.35,2.2,134,3,892,1080,212,309,323,202,195,251,276,243,250,255,271,234,237,235,220,223,206,183,162,174,176,185,188,193,184
"06-Feb",NA,20,87,44,488,595,256,0.4,260,298,222,918,920,476,655,934,686,758,829,943,1120,730,766,1160,0,0,0,0,13,0.37,2.2,133,3.2,902,1020,202,303,333,223,202,250,272,235,249,253,271,228,237,235,222,229,194,184,164,174,176,186,186,186,180
"07-Feb",NA,21,87,43,477,719,265,0.4,262,154,222,974,960,462,676,910,646,780,779,970,1120,670,846,1090,0,0,0,0,13,0.43,2.1,133,3.2,909,984,209,304,315,216,202,248,270,234,244,253,273,228,237,234,225,226,213,182,165,173,176,186,185,176,180
"08-Feb",NA,21,82,42,497,494,280,0.4,262,144,220,988,1080,466,690,922,660,766,822,941,970,660,998,994,0,0,0,0,13,0.23,2.1,135,3.2,889,950,184,298,307,211,202,247,268,237,246,251,275,230,235,233,225,218,224,181,168,176,180,184,183,189,183
"09-Feb",NA,22,45,46,479,665,294,0.3,264,152,236,950,1120,466,725,966,700,755,817,936,935,650,862,958,0,0,0,0,13,0.27,2.4,137,3,886,915,195,273,284,211,200,246,267,242,248,253,272,233,239,233,228,209,219,180,170,172,185,182,187,203,187
"10-Feb",NA,21,0.5,49,466,716,276,0.4,266,152,263,1010,1080,448,736,1010,718,762,839,914,995,615,922,946,0,0,0,0,13,0.39,2.3,137,2.9,902,909,237,231,291,211,207,241,266,241,247,253,273,251,244,232,230,212,213,179,177,171,185,183,192,191,188
"11-Feb",NA,25,0.8,47,427,647,274,0.4,268,548,242,1120,1130,431,746,1050,671,766,795,954,970,665,922,902,0,0,0,0,14,0.39,2.2,136,2.8,906,933,230,210,304,209,205,241,262,240,248,254,273,265,240,231,233,212,210,182,172,188,183,186,193,196,191
"12-Feb",NA,24,0.5,44,449,627,266,0.4,268,658,233,1490,1130,452,742,1010,631,785,731,939,910,660,858,866,0,0,0,0,14,0.37,2.3,140,2.7,922,982,216,229,288,208,195,244,259,240,246,254,274,245,238,247,233,210,208,184,169,192,182,192,194,181,181
"13-Feb",NA,28,0.3,60,477,570,256,0.3,280,666,233,1500,1190,515,767,926,652,842,789,984,900,625,870,910,0,0,0,0,13,0.37,2.5,146,2.7,899,1060,207,266,304,207,199,251,257,242,245,252,275,253,238,233,237,211,211,186,167,191,180,194,192,190,181
"14-Feb",NA,43,0.3,74,488,528,268,0.4,286,641,230,1470,988,540,694,898,649,827,830,1010,930,555,898,902,0,0,0,0,13,0.44,2.5,148,2.7,904,1030,202,282,296,214,211,251,253,245,245,251,275,253,241,222,240,212,215,185,168,190,174,194,192,198,184
"15-Feb",NA,50,0.2,80,493,517,286,0.2,288,648,233,1570,816,515,595,910,667,862,849,1060,920,570,914,910,0,0,0,0,13,0.44,2.6,148,2.6,888,972,201,304,288,219,240,248,252,247,252,251,275,251,244,226,236,213,217,181,167,191,176,194,191,196,184
"16-Feb",NA,54,0.3,108,466,547,292,0.3,296,641,248,1720,676,515,568,966,651,835,834,1110,890,540,842,890,0,0,0,0,13,0.31,2.6,147,2.6,885,947,203,313,294,216,223,241,255,242,261,253,275,250,241,227,236,213,214,176,164,192,179,186,190,191,181
"17-Feb",NA,53,0.3,96,444,561,367,0.4,312,624,251,1700,684,476,540,922,680,840,826,1330,935,560,858,986,0,0,0,0,14,0.35,2.8,146,2.6,885,960,198,315,289,211,217,246,256,250,257,255,277,244,242,235,233,214,213,181,166,187,178,186,190,194,180
"18-Feb",NA,49,0.1,90,405,543,482,0.4,321,648,242,1680,808,456,582,930,704,764,832,1340,895,610,918,950,0,0,0,0,14,0.34,2.7,147,2.6,906,1060,201,319,267,211,231,238,252,247,255,256,285,243,253,230,254,215,213,177,165,174,180,186,187,192,180
"19-Feb",NA,46,0.1,92,484,574,551,0.4,317,627,245,1680,840,459,588,914,660,753,868,1320,985,625,826,945,0,0,0,0,14,0.32,2.7,153,2.4,908,1270,223,323,267,211,238,227,251,248,256,260,278,247,254,225,238,216,212,177,168,174,183,193,186,190,180
"20-Feb",NA,45,0.2,104,453,585,604,0.4,306,627,245,1650,788,445,578,902,680,744,954,1330,1070,650,862,919,0,0,0,0,15,0.37,2.7,150,2.5,968,1350,209,319,282,213,239,215,244,247,255,263,279,247,251,231,229,213,205,187,165,175,189,190,191,185,183
"21-Feb",NA,41,0.3,96,424,561,615,0.4,306,634,245,1510,852,445,596,910,680,761,970,1200,1250,710,902,906,0,0,0,0,14,0.33,2.8,151,2.4,944,1400,208,317,279,208,228,215,243,241,250,267,279,250,246,236,228,212,193,202,166,178,188,187,191,180,185
"22-Feb",NA,38,0.2,84,545,532,558,0.4,304,616,245,1390,828,466,599,926,708,771,938,1170,1350,910,822,925,0,0,0,0,15,0.34,2.7,157,2.5,893,1380,211,315,282,210,217,223,239,238,251,276,278,254,227,235,227,213,198,242,167,185,160,192,190,173,174
"23-Feb",NA,39,0.2,77,603,534,511,0.4,300,662,245,1390,884,466,606,890,720,775,890,1190,1230,990,887,871,0,0,0,0,15,0.35,2.8,162,2.3,888,1380,227,317,286,216,207,225,238,246,251,275,274,254,253,231,224,212,204,254,167,190,167,187,189,177,179
"24-Feb",NA,37,0.3,78,510,508,502,0.4,298,666,248,1260,884,480,638,926,712,800,846,1130,1110,1110,970,885,0,0,0,0,14,0.3,3.1,160,2.4,920,1440,252,313,292,204,199,227,236,239,252,274,271,248,253,225,224,214,202,266,168,188,170,184,189,184,166
"25-Feb",NA,37,0.3,86,479,511,493,0.4,296,659,248,1200,872,403,630,962,695,822,850,1090,800,1320,774,865,0,0,0,0,14,0.3,3,158,2.5,888,1350,334,311,277,198,200,227,234,239,254,267,268,253,249,229,223,226,201,250,168,187,164,183,178,185,178
"26-Feb",NA,37,0.2,83,433,515,489,0.4,302,630,245,1190,840,342,630,1050,690,816,866,1090,800,1780,710,836,0,0,0,0,14,0.3,2.9,150,2.4,897,1340,344,308,280,197,203,234,235,248,257,265,265,257,241,226,225,219,201,246,168,188,168,178,182,185,175
"27-Feb",NA,37,0.3,71,488,548,487,0.4,306,624,242,1190,828,370,666,970,712,790,846,1120,990,1650,662,825,0,0,0,0,14,0.31,3.1,146,2.5,879,1400,381,304,344,224,202,245,237,251,254,265,263,243,247,229,223,219,204,249,200,184,149,186,182,216,188
"28-Feb",NA,36,0.2,64,528,616,454,0.4,302,641,251,1170,880,419,798,958,733,896,850,1070,995,1320,694,738,0,0,0,0,15,0.37,2.9,146,2.4,891,1320,400,296,365,251,208,257,238,255,256,265,259,256,252,228,231,234,207,252,261,185,149,196,183,245,189
"29-Feb",NA,36,NA,NA,NA,688,NA,NA,NA,606,NA,NA,NA,409,NA,NA,NA,987,NA,NA,NA,1420,NA,NA,NA,0,NA,NA,NA,0.33,NA,NA,NA,930,NA,NA,NA,383,NA,NA,NA,240,NA,NA,NA,261,NA,NA,NA,237,NA,NA,NA,258,NA,NA,NA,227,NA,NA
"01-Mar",NA,38,0.2,59,499,640,473,0.4,304,620,260,1030,832,445,641,914,706,897,826,980,955,1020,246,741,0,0,0,0,15,0.3,2.6,148,2.3,1010,1470,409,285,367,280,206,327,245,254,254,262,255,250,258,259,246,231,206,251,259,185,183,217,281,252,197
"02-Mar",NA,41,0.2,64,482,532,454,0.4,300,568,260,900,750,399,501,810,604,844,794,907,855,875,214,679,0,0,0,0,15,0.3,2.8,147,2.3,947,1470,415,254,355,289,284,320,248,280,293,294,277,245,247,315,274,250,236,266,224,208,182,189,268,249,228
"03-Mar",NA,45,0.3,63,497,513,434,0.4,298,529,427,876,700,340,582,826,617,870,812,851,750,1170,362,711,0,0,0,0,15,0.36,3,149,2.5,876,1460,404,242,335,323,322,317,292,322,340,341,295,236,289,333,330,264,267,286,226,239,256,209,272,232,248
"04-Mar",NA,57,0.2,68,484,469,517,0.4,334,515,652,810,776,368,624,822,565,812,753,786,760,1140,686,733,0,0,0,0,16,0.42,2.8,152,2.6,858,1430,393,235,338,324,302,320,313,328,365,375,293,266,352,329,335,268,272,277,244,290,269,220,225,243,248
"05-Mar",NA,78,150,75,420,534,473,0.4,347,592,600,866,740,333,676,906,540,757,740,784,720,1030,1310,715,0,0,0,0,16,0.4,2.6,155,2.6,866,1380,368,274,343,326,292,283,320,331,360,390,300,340,373,373,330,302,273,304,256,263,253,218,263,290,254
"06-Mar",NA,58,139,76,396,530,386,0.4,341,554,610,743,712,326,638,842,587,711,1040,888,660,1220,1310,711,0,0,0,0,17,0.52,2.7,155,2.6,844,1410,317,258,351,346,260,286,342,334,368,399,312,350,362,365,335,340,292,287,253,265,243,220,293,266,277
"07-Mar",NA,58,136,81,328,530,327,0.4,347,560,572,726,756,333,476,706,602,735,801,862,690,1020,858,630,0,0,0,0,25,0.52,2.7,152,2.5,858,1070,312,253,349,345,270,291,316,330,342,390,327,343,378,343,374,331,307,255,260,282,236,238,294,275,276
"08-Mar",NA,57,132,80,302,543,296,0.4,347,529,546,722,660,333,392,802,673,755,776,906,635,770,758,628,0,0,0,0,38,0.63,2.7,150,2.4,790,875,365,278,381,355,255,315,319,327,371,366,341,340,378,350,316,356,326,257,279,275,231,255,285,267,267
"09-Mar",NA,58,139,80,328,620,276,0.4,321,1150,556,768,656,298,448,730,672,769,729,860,720,695,618,580,0,0,0,0,46,0.65,2.5,149,2.2,730,778,366,282,393,312,267,314,316,336,406,363,332,326,375,316,298,353,331,253,266,267,239,261,249,224,248
"10-Mar",NA,59,132,75,306,565,280,0.4,365,1300,530,776,560,277,403,746,533,848,743,805,690,685,762,557,0,1.8,0,0,52,0.75,2.5,150,2.3,710,858,402,271,358,323,258,304,303,343,421,370,329,312,370,297,366,316,326,295,283,261,233,258,241,240,263
"11-Mar",NA,59,123,65,225,469,247,0.5,347,800,509,799,616,277,340,1050,395,1120,751,875,620,850,1350,626,0,7.2,0,0,57,0.81,2.7,150,2.3,700,1250,372,296,341,364,284,348,331,352,421,373,345,340,363,283,341,324,302,284,264,247,239,252,238,249,272
"12-Mar",NA,59,114,116,193,349,202,0.6,334,700,476,1170,575,274,333,1370,332,1410,728,857,625,870,714,933,0,5.8,0,0,59,0.87,2.5,150,2.3,680,1190,336,286,345,366,322,333,321,342,397,378,351,343,375,290,318,319,291,257,264,254,233,262,248,233,266
"13-Mar",NA,62,114,131,171,313,176,0.4,345,700,434,932,520,252,406,1610,325,995,553,869,640,955,694,787,0,0,0,0,63,0.94,2.6,152,2.4,650,1260,343,284,345,347,313,306,323,349,408,401,314,354,381,321,321,303,274,244,243,251,214,283,247,200,281
"14-Mar",NA,65,108,126,171,357,184,0.4,354,672,434,820,525,266,484,1840,337,825,578,816,620,905,870,733,0,0,0,0,63,0.93,2.6,158,2.5,640,1340,373,305,356,372,337,299,329,344,388,430,344,351,366,328,311,324,264,182,234,250,190,277,245,207,266
"15-Mar",NA,68,111,143,179,387,202,0.4,345,852,428,698,560,277,473,1820,435,778,626,720,685,1000,1210,713,0,0,0,0,62,1,2.5,157,2.5,638,1230,387,307,334,372,342,317,332,353,396,394,352,338,395,353,301,346,263,181,221,259,212,223,263,217,274
"16-Mar",NA,64,108,270,168,369,200,0.4,347,896,395,570,490,232,445,1800,295,819,657,813,745,1190,990,686,0,0,0,0,60,1,2.4,162,2.5,718,1070,377,320,354,312,325,327,342,359,391,403,356,340,414,340,280,325,205,156,191,271,203,230,311,223,279
"17-Mar",NA,62,114,392,182,311,220,0.4,361,808,419,538,525,214,438,1860,350,815,743,709,670,1260,1010,673,16,0,0,0,52,1.1,2.6,168,2.5,884,492,371,316,398,332,312,349,392,341,379,417,346,323,417,333,268,344,180,164,197,260,153,244,303,253,272
"18-Mar",NA,62,123,355,210,283,198,0.4,369,750,510,578,500,263,438,2040,278,838,667,786,680,1220,806,728,25,0,0,0,45,1.1,2.8,171,2.5,1050,439,372,320,376,358,309,342,388,322,405,430,379,316,415,347,241,350,168,171,163,263,159,260,280,226,259
"19-Mar",NA,65,129,284,174,259,176,0.4,363,746,760,622,608,249,400,2030,270,494,566,790,600,1070,1020,856,19,0,0,0,39,1.3,2.9,172,2.8,1190,401,362,321,339,312,299,352,396,337,416,429,370,312,417,379,230,339,165,205,179,262,155,263,274,222,279
"20-Mar",NA,86,129,242,158,256,181,0.4,369,768,818,658,590,277,350,1910,187,840,567,786,595,1040,1070,953,18,0,0,0,34,1.2,3,173,2.6,1270,460,352,320,347,336,304,347,368,327,420,422,357,303,406,385,234,320,175,194,201,265,174,305,246,220,278
"21-Mar",NA,80,129,207,166,238,184,0.4,350,728,722,678,475,252,354,1990,147,829,552,806,555,1120,1190,890,234,0,0,0,27,1.1,2.9,169,2.6,1230,438,343,305,350,400,286,341,342,309,442,367,348,330,391,388,281,303,192,187,193,266,145,269,273,227,281
"22-Mar",NA,79,123,160,158,195,172,0.5,345,772,639,710,450,148,420,1970,128,886,488,814,550,935,1500,747,504,0,0,0,21,0.95,3.2,172,2.5,1310,384,280,304,306,505,248,313,333,319,428,395,362,329,400,376,418,311,206,203,204,257,149,281,310,226,293
"23-Mar",NA,83,120,126,177,198,175,0.4,325,776,518,702,425,148,347,1870,151,866,598,798,610,760,1610,688,492,0,0,0,16,1,3.5,170,2.6,1350,368,252,325,235,509,321,341,354,286,396,395,358,321,392,353,382,292,189,237,201,245,188,297,278,211,289
"24-Mar",NA,99,117,110,288,196,210,0.5,310,904,485,850,420,178,308,1850,165,744,667,774,695,735,1700,752,510,0,0,0,13,0.97,3.5,163,2.5,1380,349,255,334,240,493,321,361,317,258,374,397,345,370,395,352,345,290,185,250,212,236,162,297,312,217,290
"25-Mar",NA,85,117,96,236,171,217,0.5,319,836,440,842,610,165,263,1870,136,734,746,758,500,575,1690,786,586,0,0,0,11,0.84,3.6,156,2.8,1390,347,285,326,306,492,329,365,347,269,379,412,385,360,394,345,349,276,178,194,170,243,160,335,262,227,323
"26-Mar",NA,71,114,94,160,168,166,0.5,312,832,425,814,1210,196,238,1690,100,655,575,646,455,520,1460,878,589,0,0,0,8.5,0.75,3.6,160,2.3,1400,312,257,338,376,508,340,365,361,279,411,394,366,370,373,349,364,303,173,186,168,253,162,344,235,221,327
"27-Mar",NA,36,111,91,129,156,181,0.6,312,812,419,790,1260,165,288,1360,127,662,482,574,485,630,1230,890,728,0,0,0,6.2,0.67,3.6,172,2.4,1410,335,260,335,374,533,339,386,375,293,407,396,333,396,360,357,355,317,154,190,164,251,174,338,214,211,312
"28-Mar",NA,30,111,92,118,129,189,0.4,310,988,431,570,1240,198,322,1230,181,619,436,686,775,575,1220,854,864,0,0,0,5.4,0.54,3.6,176,2.4,1360,314,232,313,408,488,285,376,405,296,432,395,333,417,343,365,344,286,142,215,147,250,163,340,237,210,307
"29-Mar",NA,35,105,106,125,120,170,0.4,302,908,434,470,1200,176,249,1080,111,541,427,806,765,540,1230,882,808,0,0,0,4.5,0.58,3.8,175,2.4,1430,285,190,330,421,502,298,399,407,328,442,393,341,417,374,353,337,287,121,222,134,241,158,337,236,229,288
"30-Mar",NA,46,97,170,116,132,168,0.4,290,864,434,542,1070,130,260,1060,340,526,367,836,1220,505,1460,970,716,0,0,0,3.7,0.48,4.1,172,2.4,1450,277,220,311,400,518,329,386,418,356,428,426,363,416,397,332,358,288,119,167,174,255,131,311,242,269,273
"31-Mar",NA,56,92,250,122,255,153,0.3,286,880,693,1310,1210,127,248,1810,317,465,312,767,1560,475,1830,906,716,0,0,0,4.2,0.46,3.8,172,2.3,1460,284,284,307,373,539,365,369,414,367,405,447,392,436,425,310,322,306,144,147,183,245,102,316,262,293,260
"01-Apr",NA,62,87,276,90,349,134,0.4,276,832,626,1300,1560,74,130,1630,260,521,283,629,1920,495,1490,914,684,0,0,0,4.2,0.35,3.1,173,2.5,1470,284,270,298,407,557,358,402,452,340,413,441,382,401,417,316,336,307,158,157,169,225,75.9,316,247,277,264
"02-Apr",NA,65,80,234,48,271,134,0.2,270,824,572,1400,1480,76,182,1730,173,755,281,613,1980,420,1440,978,621,0,0,0,4.2,0.29,3.1,173,2.5,1480,275,256,298,416,525,373,366,500,353,401,433,363,389,414,319,343,319,139,134,186,200,81.9,357,247,281,262
"03-Apr",NA,60,73,165,51,285,134,0.4,260,856,652,1050,1600,80,322,1810,143,796,645,571,1980,460,1590,1240,480,0,0,0,4.5,0.25,3.4,171,2.4,1490,330,238,315,465,527,460,380,511,365,403,435,351,394,409,332,373,318,146,119,300,208,87.6,340,257,286,238
"04-Apr",NA,64,65,130,58,534,133,0.2,246,800,562,938,1620,256,568,1970,107,983,1360,578,1760,388,1720,1210,399,0,0,0,4,0.25,3.6,174,2.7,1410,327,231,326,479,506,409,379,471,376,432,409,354,416,376,337,358,323,178,107,375,226,92.1,299,259,304,248
"05-Apr",NA,80,59,120,61,567,146,0.4,238,728,431,1360,1270,336,972,2020,92,1110,1360,505,1370,255,1430,1200,354,0,0,0,3.2,0.2,3.8,180,2.5,1190,347,320,359,425,486,450,377,457,381,368,397,354,438,375,364,326,295,162,99.4,406,228,122,273,275,307,292
"06-Apr",NA,88,59,134,70,554,127,0.4,230,624,365,1540,1110,414,1110,2040,96,812,1640,469,1200,205,1240,1050,321,0,0,0,2.6,0.2,5.6,180,2.6,1170,358,363,350,380,481,443,380,454,349,386,373,356,442,380,365,338,291,152,103,375,261,125,238,284,277,274
"07-Apr",NA,100,61,147,70,436,103,0.4,226,556,386,814,1020,364,1010,2010,78,710,1640,485,1000,185,926,854,351,0,0,0,2.4,0.15,13,181,2.5,1320,417,355,371,393,502,439,358,457,331,411,359,368,456,382,367,294,319,144,88,331,230,143,233,345,237,254
"08-Apr",NA,118,61,121,74,353,109,0.4,226,544,1180,874,864,305,840,1760,69,898,1630,443,900,146,1080,748,370,0,0,0,2.3,0.15,14,182,2.7,1300,379,272,377,408,540,421,382,421,354,389,380,375,424,403,373,299,313,146,103,270,205,142,322,352,234,261
"09-Apr",NA,120,61,92,66,226,116,0.4,234,608,1050,750,860,270,809,1610,65,761,1690,359,1060,132,1620,561,408,0,0,0,1.9,0.15,14,184,2.6,1280,343,276,361,420,528,420,341,421,365,383,396,385,385,401,336,322,335,127,117,285,206,134,331,299,239,273
"10-Apr",NA,128,61,81,70,214,108,0.4,232,717,1180,750,768,200,750,1660,65,588,1710,338,805,142,1150,462,468,0,0,0,1.9,0.15,14,184,2.3,1300,359,275,338,420,547,408,348,433,364,372,439,342,358,406,343,314,306,102,114,327,204,147,312,324,260,309
"11-Apr",NA,176,63,76,68,238,105,0.4,220,753,988,754,796,144,554,1880,62,474,1610,524,480,120,1020,427,600,0,0,0,1.7,0.2,15,181,2.2,1360,360,279,344,423,549,369,358,431,369,398,305,298,381,384,343,294,319,96.5,116,362,277,128,312,386,234,296
"12-Apr",NA,205,71,56,85,251,102,0.4,230,434,880,798,1220,158,933,1770,53,354,1800,810,670,124,930,379,1070,0,0,0,1.5,0.25,15,186,2.3,1360,415,255,333,425,581,318,362,417,398,398,319,288,421,411,362,321,298,98.3,99.4,360,283,82.8,331,355,228,305
"13-Apr",NA,183,80,49,88,172,86,0.6,252,378,732,850,1320,121,732,1900,47,334,1770,1430,360,120,906,360,1390,0,0,0,1.5,0.37,16,189,2.5,1330,397,310,325,406,555,307,354,421,335,372,370,270,427,444,331,307,293,95.5,103,354,281,66.9,358,313,267,327
"14-Apr",NA,168,97,111,84,134,70,0.6,262,427,668,1300,1140,100,585,1670,73,427,1740,983,258,118,1230,324,1050,0,0,0,1.4,0.3,17,181,2.4,1280,392,314,339,386,538,280,400,433,355,371,359,267,424,398,322,289,258,88.3,98.4,359,248,78,387,327,302,294
"15-Apr",NA,165,97,409,83,133,78,0.4,260,390,584,1290,1250,78,638,1550,66,561,1650,808,212,165,1920,359,1110,0,0,0,1.3,0.37,17,173,2.4,510,431,274,338,391,517,324,452,464,383,384,382,272,447,370,309,280,265,77,110,319,243,78.3,398,346,268,291
"16-Apr",NA,155,92,570,80,137,69,0.8,254,398,509,1280,1210,84,806,1570,85,883,1660,727,202,228,1450,327,792,0,0,0,1.3,0.37,16,172,2.5,334,400,329,352,406,565,372,456,460,354,386,411,249,469,381,332,315,329,73.9,125,290,233,101,388,356,244,286
"17-Apr",NA,190,87,600,69,188,65,1.2,254,414,639,1260,1160,77,592,1550,93,791,1680,603,212,240,1490,252,796,0,0,0,1.3,0.37,16,177,2.7,300,378,327,300,425,564,247,432,451,370,420,429,178,437,399,326,325,285,70.8,83,312,302,125,390,359,248,309
"18-Apr",NA,183,77,660,65,389,59,0.9,258,432,616,1280,1160,76,690,1570,81,749,1840,594,285,368,1450,210,784,0,0,0,1.3,0.37,16,180,2.7,285,387,297,270,420,524,232,456,433,382,440,410,191,432,387,342,272,273,77.5,70.6,351,318,126,347,346,273,362
"19-Apr",NA,176,67,680,76,333,61,0.8,262,410,479,1270,1280,68,944,1650,66,809,1730,498,410,228,1540,223,836,0,0,0,1.2,0.3,16,188,2.7,308,442,308,312,420,492,336,450,520,399,383,365,163,404,386,338,278,240,78.2,77.1,317,358,157,323,313,300,372
"20-Apr",NA,207,61,480,72,377,60,0.6,242,410,443,1250,1230,71,655,1760,68,756,1760,773,480,243,1590,191,984,0,0,0,1.2,0.3,19,192,2.7,333,421,324,312,404,485,368,454,517,344,375,358,146,375,398,272,281,195,88.3,86.4,270,378,155,301,334,317,349
"21-Apr",NA,233,59,364,63,395,138,0.4,246,410,461,1270,1040,64,568,1840,65,652,1670,542,460,231,1500,155,932,0,0,0,1.3,0.3,27,191,2.8,363,463,380,277,396,528,354,508,440,337,412,378,145,356,371,233,301,192,91.4,117,308,353,134,253,327,295,352
"22-Apr",NA,308,59,302,49,429,405,0.4,264,395,850,1370,1050,55,1010,1640,65,724,1490,586,384,220,1420,211,864,0,0,0,1.3,0.37,27,191,3.7,368,497,310,271,400,544,390,508,449,344,426,386,174,326,346,260,274,203,147,120,253,306,147,282,314,289,340
"23-Apr",NA,390,75,250,60,331,629,0.5,266,390,1290,1410,972,48,1520,1640,62,729,1380,493,580,163,1420,148,684,0,0,0,1.3,0.3,33,194,47,370,476,328,260,392,589,423,489,455,363,451,434,174,301,370,238,293,231,119,131,213,329,164,299,322,274,339
"24-Apr",NA,376,82,192,63,488,756,0.7,264,395,1260,1110,784,44,1620,1670,50,560,1690,444,855,185,1350,104,684,0,0,0,1.2,0.3,41,201,108,356,464,288,271,386,569,445,451,462,358,470,464,193,350,378,251,324,217,94.7,146,219,379,198,287,317,286,366
"25-Apr",NA,290,87,153,61,485,900,1.6,260,424,1080,1140,656,46,1830,1640,45,563,1670,430,685,168,1250,95,1430,0,0,0,1.2,0.37,49,211,145,391,456,312,287,370,527,439,436,462,378,498,400,207,422,367,268,315,221,84.8,134,192,393,127,213,318,281,373
"26-Apr",NA,240,94,129,52,281,1050,0.4,256,429,1060,1090,525,53,1800,1430,41,536,1680,367,600,150,1540,101,1370,0,0,0,1.2,0.37,55,217,254,488,513,338,345,399,536,430,455,470,407,468,409,227,445,368,299,335,239,84,135,230,347,98.2,241,340,287,387
"27-Apr",NA,245,100,124,64,309,871,0.1,228,422,1080,1220,380,57,1350,1300,42,437,1720,366,690,114,1470,133,1370,0,0,0,1.2,0.37,58,213,290,520,541,329,371,400,543,464,456,513,350,469,371,230,454,398,303,292,253,89.3,128,182,381,116,205,351,307,350
"28-Apr",NA,278,102,132,51,305,751,0.8,190,405,1140,1250,340,58,1290,1290,33,359,1710,413,565,90,1450,126,1340,0,0,0,1.1,2.6,65,200,292,921,539,273,340,393,521,463,466,478,364,458,358,263,437,381,323,303,275,100,139,171,347,157,245,391,314,311
"29-Apr",NA,320,132,140,43,281,746,0.6,179,400,1300,1280,390,53,1350,1430,30,395,1660,368,388,79,1480,171,732,0,0,0,1.1,19,70,187,284,1070,527,230,344,385,517,452,538,489,377,454,377,288,412,374,323,280,304,95.8,181,164,317,123,256,375,298,319
"30-Apr",NA,348,143,125,38,325,900,0.6,179,398,1100,1230,480,47,1330,1380,26,418,1580,529,435,80,1470,56,768,0,0,0,1.1,28,74,182,274,1130,525,279,360,383,485,493,519,466,424,453,402,248,381,402,313,284,323,79.3,168,172,360,131,286,368,256,306
"01-May",NA,488,146,113,38,795,912,0.4,183,398,1250,1230,415,52,1340,1460,29,277,1680,740,570,71,1480,182,808,0,0,0,0.86,37,76,184,270,1200,514,296,369,390,539,412,491,481,437,462,441,242,381,380,310,281,306,75.9,135,154,418,121,273,370,291,325
"02-May",NA,551,129,112,48,566,534,0,186,407,1360,1200,415,70,1330,1610,27,276,1750,913,490,57,1400,187,804,0,0,0,0.86,34,79,190,278,1280,541,327,380,426,539,444,473,464,486,475,403,240,357,379,302,284,264,82.9,145,161,442,76.2,284,372,298,344
"03-May",NA,551,105,106,58,507,331,0,194,407,1200,1180,435,118,1340,1570,28,164,1780,723,396,51,1370,172,772,0,0,0,1.1,24,79,199,267,1300,526,351,382,391,551,538,521,450,493,441,380,220,352,401,308,272,267,86.5,158,209,409,106,316,399,313,344
"04-May",NA,446,100,103,52,446,286,0,206,410,1100,1200,450,137,1300,1370,32,173,1690,1040,348,49,1450,313,792,0,0,0,0.97,16,82,209,259,1330,513,371,394,389,489,517,522,505,461,429,376,206,352,417,281,257,254,72.4,156,225,413,135,315,343,345,323
"05-May",NA,506,126,192,50,425,335,0,202,414,1050,1180,375,121,1290,1450,35,269,1760,683,228,43,1460,443,768,0,0,0,0.86,11,84,220,275,1340,492,362,360,328,486,507,515,479,448,425,402,178,378,395,288,282,295,79.1,150,256,401,125,322,366,314,315
"06-May",NA,759,129,360,45,433,650,0,196,424,1050,1160,280,80,1310,1670,34,619,1710,607,195,37,1490,395,688,0,0,0,0.65,7.5,85,230,294,1360,444,350,351,412,475,505,570,515,437,426,419,182,366,351,298,285,326,118,170,289,380,106,323,348,306,316
"07-May",NA,737,114,456,42,444,965,0,204,427,1050,1210,242,66,1320,1600,32,877,1700,530,183,39,1570,378,692,0,0,0,0.65,5.7,85,236,297,1360,390,310,361,479,512,512,574,492,442,446,431,149,351,364,313,281,345,133,165,277,347,106,354,304,312,317
"08-May",NA,1190,105,350,33,419,1190,0.1,248,410,1050,1260,226,74,1330,1580,36,1340,1720,533,348,37,1580,309,677,0,0,0,0.76,4.3,85,242,298,1380,441,303,370,503,473,498,613,515,437,455,460,92,369,366,324,299,350,122,142,293,366,116,353,307,327,293
"09-May",NA,2010,105,244,39,418,1310,0.1,228,383,1030,1270,200,140,1350,1960,35,960,1740,693,324,33,1550,301,712,0,0,0,0.86,3.9,87,244,297,1400,497,301,358,517,445,428,663,512,497,506,401,114,369,379,344,309,351,108,142,328,389,103,320,344,348,279
"10-May",NA,2880,100,185,45,385,1380,0.1,230,395,1020,1260,196,235,1320,1700,29,796,1740,1190,392,25,1570,374,692,0,0,0,0.86,4,88,246,288,1410,534,305,376,378,479,438,610,514,493,496,390,135,409,367,337,316,334,84.7,147,344,387,125,360,289,352,302
"11-May",NA,2840,34,174,42,348,1300,0.1,236,393,1010,1220,200,162,1300,1720,23,1060,1730,1650,324,24,1450,366,700,0,0,0,0.76,4.2,89,249,263,1420,515,328,417,451,474,417,513,527,459,491,387,162,434,376,332,322,340,112,134,305,348,147,336,309,396,304
"12-May",NA,2800,0.2,177,43,363,1030,0.1,222,400,1010,1240,230,392,1320,2100,25,1730,1750,1680,231,28,1590,258,659,0,0,0,0.76,13,93,243,261,1450,496,341,409,483,468,386,515,486,404,452,374,156,449,401,304,306,347,101,194,329,271,134,371,338,416,289
"13-May",NA,2540,0.3,244,40,423,1140,0.2,200,386,1000,1170,210,186,1290,2190,22,1950,1700,1580,246,28,1620,234,649,0,0,0,0.86,38,94,243,286,1450,531,322,426,455,464,369,570,497,421,489,403,153,451,405,328,308,352,118,169,341,297,126,376,374,387,261
"14-May",NA,2070,0.2,310,36,291,1380,0.2,225,383,1040,1200,158,238,1320,2200,20,2050,1780,1610,455,55,1690,102,663,0,0,0,0.86,45,96,245,316,1420,493,293,431,493,494,393,511,497,431,522,428,150,454,425,354,315,376,108,118,345,291,133,359,378,391,302
"15-May",NA,1640,0.2,445,37,375,1500,0.3,238,388,1050,1300,140,263,1300,2090,23,1850,1770,1700,360,58,1720,108,663,0,0,0,0.97,53,99,252,343,1450,428,340,448,483,528,415,514,473,454,504,444,102,435,453,348,341,387,94.1,127,316,319,119,370,426,389,316
"16-May",NA,1490,0.2,512,47,402,1400,0.3,240,410,1000,1230,134,302,1330,2050,163,1600,1780,1630,264,66,1650,101,670,0,0,0,1.1,60,97,253,341,1460,464,305,447,491,469,357,510,447,458,534,415,91,448,451,350,317,380,89.4,87.9,332,342,140,353,425,369,311
"17-May",NA,1490,0.2,534,50,196,1430,0.4,232,419,1000,1240,103,322,1340,1890,142,1610,1850,1750,289,88,1590,96,680,0,0,0,1.3,66,98,257,334,1450,477,325,447,493,475,347,558,465,510,515,383,89,460,449,361,306,336,88.2,92.3,339,370,163,379,433,376,337
"18-May",NA,1880,0.3,546,68,142,1400,0.4,215,414,770,1220,86,420,1340,1440,127,1600,1810,1800,380,77,1650,97,700,0,0,0,1.2,70,99,259,332,1430,482,331,461,509,502,365,559,446,467,491,399,129,451,463,374,301,375,136,112,325,347,141,451,438,419,375
"19-May",NA,2780,0.3,731,128,102,1320,0.4,339,412,732,1230,78,557,1360,1310,76,1710,1810,1810,352,55,1600,73,724,0,0,0,1.2,71,100,259,335,1410,482,307,487,518,519,345,558,439,482,487,446,135,455,432,367,295,350,131,140,316,354,111,391,453,384,336
"20-May",NA,3180,0.3,1040,180,93,1220,0.5,431,414,716,1230,78,512,1380,1280,51,1650,1840,1830,384,33,1590,169,744,0,0,0,1.2,72,99,256,350,1410,513,270,469,527,504,315,576,429,521,479,437,135,432,429,352,302,381,156,171,238,344,78.4,384,411,343,333
"21-May",NA,2560,0.3,935,212,96,1220,0.5,504,419,706,1170,79,487,1380,1260,87,1630,1840,1850,303,30,1730,184,677,0,0,0,1.3,75,99,252,364,1380,483,279,424,540,484,366,609,482,513,471,444,105,413,416,383,306,405,172,135,241,338,71.3,393,431,369,335
"22-May",NA,2420,0.1,910,225,88,1280,0.5,594,419,709,1090,88,532,1370,1300,105,1630,1890,1890,273,24,1750,267,666,0,0,0,1.2,75,97,253,378,1390,470,296,427,555,502,380,684,477,533,474,471,101,458,400,360,254,419,140,150,269,313,67,391,418,390,312
"23-May",NA,1990,0.5,1160,376,82,1310,0.6,522,432,712,1140,86,532,1350,1210,93,1910,1830,1910,306,21,1700,279,649,0,0,0,1.1,74,94,258,385,1310,473,283,441,518,481,340,639,513,520,490,455,126,452,385,367,256,408,150,125,272,262,53.7,381,422,375,306
"24-May",NA,1840,0.9,1110,592,79,1310,0.6,414,808,703,1140,79,602,1330,1310,103,1990,1880,1920,317,21,1710,292,688,0,0,0,1.3,75,91,263,386,1290,322,303,448,541,424,332,555,530,541,458,462,85,447,400,397,235,366,128,87.1,303,308,59.5,403,388,456,325
"25-May",NA,1690,1,1080,818,77,1310,0.7,445,1040,677,1100,74,680,1330,1140,106,1730,1900,1950,384,14,1710,216,540,0,0,0,1.4,75,87,260,404,1310,323,319,443,517,310,346,555,488,505,474,446,81,454,414,405,235,345,117,68.4,235,393,50.6,403,420,449,278
"26-May",NA,1570,1,1210,922,74,1310,0.7,660,571,696,1080,69,760,1360,1050,150,1620,1870,1940,249,11,1700,133,617,0,0,0,1.5,75,85,259,400,1290,319,360,394,512,274,306,618,394,483,500,436,100,472,438,404,210,364,109,56.5,240,395,29.7,404,417,453,308
"27-May",NA,1620,1,1210,1070,72,1310,0.8,532,414,684,1070,72,760,1430,1040,144,1650,1870,1930,190,9.8,1640,227,575,0,0,0,1.7,75,82,255,397,1330,309,281,420,504,312,292,599,393,457,529,420,142,429,412,405,205,326,93.7,62.9,212,384,14.2,415,389,452,285
"28-May",NA,1280,1,733,1270,63,1250,0.8,540,388,700,1060,71,750,1440,1120,148,1600,1810,1970,185,11,1670,179,673,0,0,0,1.5,76,76,254,370,1370,264,301,404,526,262,352,503,444,445,492,428,133,413,370,396,200,290,102,67.3,212,438,12.5,413,323,466,268
"29-May",NA,1250,1,489,463,24,1200,0.9,501,393,693,1060,69,732,1410,1220,144,1620,1810,1930,138,11,1690,185,700,0,0,0,1.5,77,70,255,392,1420,283,306,430,553,249,279,496,407,428,489,443,158,402,351,402,205,321,72.8,109,195,415,21.6,349,308,437,297
"30-May",NA,1410,1,423,206,5,1120,0.9,398,398,700,1030,64,1020,1440,1410,118,1640,1760,1880,146,14,1700,163,732,0,0,0,1.9,77,61,251,450,1410,274,324,409,542,188,241,505,431,460,483,381,171,382,359,385,205,313,64.3,90,251,443,25.5,347,316,418,299
"31-May",NA,1570,1,310,201,6,1100,1,347,381,696,962,56,1000,1450,1270,113,1650,1690,1890,126,21,1740,132,752,0,0,0,4.7,77,55,248,442,1440,231,291,425,518,140,292,483,407,486,446,394,109,382,385,420,200,331,82.2,97.3,208,420,28.6,340,267,395,319
"01-Jun",NA,1730,1,198,363,8,1150,1,302,482,690,1040,50,1270,1450,1250,143,1680,1730,1910,92,14,1750,130,764,0,0,0,22,78,49,244,486,1420,278,385,416,530,150,343,561,410,453,409,373,138,388,419,391,193,285,80.1,112,189,386,21.6,285,297,388,273
"02-Jun",NA,1970,1,161,427,16,1250,1.5,252,556,677,938,45,1200,1480,1200,388,1640,1710,1820,60,9.8,1770,139,792,0,0,0,21,78,45,241,460,1530,333,409,349,520,130,301,577,388,430,419,408,182,383,402,383,163,289,66.5,120,157,383,17.7,256,341,383,230
"03-Jun",NA,3160,1,134,343,26,1350,1.5,222,395,668,722,43,819,1450,1180,492,1650,1650,1850,54,9.8,1790,119,764,0,0,0,20,78,42,239,458,1610,303,330,341,486,120,309,559,429,433,377,396,199,364,371,367,254,299,67.7,131,122,350,18.3,267,279,313,268
"04-Jun",NA,3940,0.5,112,248,38,1380,2,195,383,664,750,39,725,1440,1230,1090,1710,1700,1820,52,9.8,1790,205,744,0,0,0,19,77,37,237,448,1630,267,335,353,485,150,375,537,484,417,386,425,177,380,340,347,221,306,62.8,121,124,335,22.4,314,250,277,263
"05-Jun",NA,3760,0.4,96,321,47,1150,2,159,376,661,690,37,588,1410,1240,1170,1650,1750,1860,49,8.4,1770,174,788,0,0,0,20,77,35,237,469,1610,285,324,332,487,180,320,499,494,452,438,431,97,371,338,351,223,291,85.9,167,113,376,32.5,253,254,264,310
"06-Jun",NA,3570,0.4,83,334,50,1130,2.5,156,386,1110,590,33,498,1400,1440,968,1710,1740,1880,48,5.6,1670,111,792,0,0,0,20,76,33,237,483,1600,294,342,370,536,200,300,521,454,459,481,405,91,385,374,377,230,287,111,161,89.9,385,16.4,221,285,314,299
"07-Jun",NA,3530,0.4,77,306,43,1240,2.5,152,400,1000,530,25,354,1460,1320,1240,1730,1780,1850,45,2.8,1630,110,732,0,0,0,21,76,28,237,471,1600,281,337,361,486,220,282,511,406,460,404,393,93,471,388,391,229,323,86.9,151,98.7,345,13.3,254,339,320,305
"08-Jun",NA,3420,0.3,69,288,47,1260,3,154,386,874,606,21,235,1440,1090,891,1750,1840,1840,40,1.4,1580,121,732,0,0,0,22,76,24,234,446,1540,264,352,452,441,250,295,525,445,406,434,369,91,531,392,365,248,290,102,116,69.1,331,15.7,314,388,329,254
"09-Jun",NA,3350,0.3,59,188,40,1280,3,148,400,805,774,22,182,1470,890,736,1850,1830,1830,39,1.4,1570,82,728,0,0,0,22,76,20,236,429,1560,264,352,415,451,290,278,506,429,365,440,377,91,501,389,327,283,262,109,94.2,57.9,343,25.4,285,343,306,265
"10-Jun",NA,3270,0.2,53,125,33,1290,3.4,144,417,773,822,22,148,1490,538,645,1860,1740,1810,36,1,1550,28,740,0,0,0,22,76,17,234,433,1620,291,325,424,437,240,202,562,443,345,421,423,109,480,382,301,277,265,80.9,89.3,54.8,300,26.7,293,319,335,249
"11-Jun",NA,3180,0.2,47,100,34,1370,3.4,138,429,668,1000,21,96,1520,482,592,1910,1710,1790,33,1,1500,18,744,0,0,0,22,76,15,233,413,1630,278,329,405,472,160,201,611,438,375,454,435,122,458,375,307,299,268,60,70,57.3,311,29.4,339,319,340,259
"12-Jun",NA,2940,0.2,44,59,73,1540,3.4,131,410,556,934,20,58,1520,482,637,1680,1760,1780,31,1,1540,14,720,0,0,0,22,76,14,234,412,1590,278,293,411,491,140,186,574,422,389,465,457,89,413,394,303,317,272,57.2,29.8,63.7,344,40.4,335,370,359,262
"13-Jun",NA,2940,0.2,41,36,92,1560,3.4,120,542,546,714,18,36,1570,562,565,486,1800,1760,30,1.4,1570,8.1,712,0,0,0,22,76,11,233,426,1580,272,285,383,459,130,189,510,418,429,471,392,78,400,393,332,310,260,89.4,26.5,86.9,339,47.7,260,341,343,266
"14-Jun",NA,2840,0.2,28,36,87,1560,3.4,113,1140,500,598,17,30,1550,419,351,361,1850,1800,27,0,1600,4.5,736,0,0,0,22,75,9,233,415,1550,260,296,375,309,90,122,560,402,437,405,394,82,411,375,332,299,246,102,31,84.5,355,27.7,264,311,369,251
"15-Jun",NA,2500,0.2,1.2,31,66,1540,3.4,104,512,365,570,16,25,1570,314,191,368,1800,1800,21,0,1580,13,756,0,0,0,21,72,7.3,232,411,1600,241,360,380,313,92,121,572,361,384,429,349,147,414,370,291,318,271,106,17.2,92.3,328,32.7,311,343,416,203
"16-Jun",NA,2320,0.3,1.1,36,79,1530,3.4,94,426,335,558,15,21,1550,260,157,372,1810,1740,8.4,0,1630,22,760,0,0,0,20,72,6,233,440,1580,253,360,343,365,84,120,611,344,387,432,391,195,421,387,323,334,301,81.1,19.6,84.6,362,37.6,289,372,388,217
"17-Jun",NA,2240,0.4,1.2,45,76,1490,3.4,88,434,395,598,14,17,1570,220,125,416,1820,1330,1.4,185,1700,14,740,0,0,0,20,72,4.5,232,454,1630,263,298,314,403,78,114,617,379,407,427,370,222,417,385,340,328,294,54.7,20.2,83.1,357,54.4,292,263,345,219
"18-Jun",NA,1950,0.4,1.2,48,56,1490,3.4,86,424,455,654,14,14,1580,190,149,325,1820,746,1.5,470,1790,2,712,0,0,0,19,72,3.5,229,469,1620,253,262,311,412,72,256,517,372,419,460,392,205,425,349,367,327,318,60.7,46.6,73.9,345,60,283,274,304,209
"19-Jun",NA,1950,0.2,1.2,52,41,1500,3.4,81,415,449,682,13,12,1620,180,150,334,1730,422,1.5,100,1740,1,724,0,0,0,19,72,3.4,221,462,1650,284,274,327,398,80,313,453,336,437,453,431,177,406,316,361,340,315,74,41.1,84.9,311,71,244,264,278,221
"20-Jun",NA,1710,0.2,1.2,51,36,1480,3.4,80,398,425,666,12,9.8,1630,171,690,345,1780,356,2,68,1690,81,704,0,0,0,19,73,3.4,221,484,1660,294,326,328,407,90,336,477,346,433,501,414,159,411,301,391,314,295,59.1,40.3,88.7,319,54.5,213,259,300,208
"21-Jun",NA,1450,0.2,1.2,50,31,1420,3.4,79,395,524,630,12,7.8,1610,166,951,373,1760,316,2.5,33,1670,86,724,0,0,0,18,72,4,229,466,1690,278,326,345,363,84,314,476,391,488,454,384,239,404,286,410,317,267,76.3,49.5,71.3,340,48.6,221,265,319,210
"22-Jun",NA,1310,0.2,1.1,46,35,1390,3.4,78,378,350,490,10,5.8,1510,170,740,385,1720,327,1.5,8.4,1630,38,752,0,0,0,18,72,3.7,234,452,1660,271,331,325,318,80,191,447,324,461,439,409,231,404,309,395,329,199,63.9,42.8,59.5,314,41.5,224,308,327,231
"23-Jun",NA,1150,0.2,1,23,22,1410,3.4,74,383,302,450,9.3,3.8,1510,148,441,365,1740,266,1.5,4.2,1630,14,772,0,0,0,18,72,3.8,231,460,1710,291,315,311,317,98,159,441,360,462,474,399,227,419,287,392,326,183,73.1,55.1,61.9,320,94.4,218,325,291,212
"24-Jun",NA,968,0.2,1.1,16,20,1460,3.4,73,383,254,430,8.8,2.6,1510,134,199,373,1660,238,1,0,1650,16,700,0,0,0,18,104,3.9,227,468,1750,314,345,311,300,89,125,488,395,438,473,419,266,386,231,384,322,156,139,64.9,71,279,84.3,210,290,230,194
"25-Jun",NA,715,0.2,1.6,24,20,1490,3.4,71,381,208,342,9.3,2,1510,124,259,361,1420,264,0.5,0,1620,18,696,0,0,0,18,114,3.8,214,483,1780,274,465,319,281,93,167,465,395,432,449,445,227,349,204,310,293,173,105,94.4,63.8,271,117,190,347,213,170
"26-Jun",NA,570,0.2,1.4,24,20,1490,3.4,69,395,202,350,8.8,0.5,1510,126,275,390,1130,174,25,0,1610,14,700,0,0,0,18,83,3.8,203,471,1740,267,501,345,287,99,147,462,397,434,459,500,213,352,188,318,308,202,88.1,76.3,60.8,302,157,192,343,211,163
"27-Jun",NA,479,0.2,1.5,21,20,1510,3.4,68,402,192,206,8,0,1490,134,344,389,961,186,2,0,1620,10,673,0,0,0,18,86,3.9,199,480,1730,240,503,391,304,82,100,487,392,439,488,455,250,340,183,316,337,196,78.8,66.3,74.8,317,190,195,319,209,160
"28-Jun",NA,376,0.2,1.5,18,18,1550,3.4,67,378,180,206,6.3,0,1500,136,264,430,764,183,0,0,1600,14,692,0,0,0,17,143,3.8,201,431,1700,250,476,410,267,50,90,474,378,423,443,423,330,371,180,345,252,194,73.7,50.9,66.7,281,255,193,302,238,186
"29-Jun",NA,341,0.2,1.5,15,18,1520,3.4,68,361,168,194,5,0,1510,190,202,382,691,176,0,0,1620,14,740,0,0,0,17,146,3.5,200,415,1710,255,450,450,297,59,85,435,376,368,422,458,362,391,218,342,246,202,63.5,41.4,55.7,256,230,174,365,327,263
"30-Jun",NA,314,0.2,1.5,14,18,1480,3.4,67,334,148,192,4.4,0,1490,834,162,344,633,179,0,0,1690,14,760,0,0,0,17,151,3.1,197,417,1690,280,432,395,330,56,80,491,358,378,398,450,332,411,208,323,305,199,65.3,46.6,84.3,222,260,198,348,328,262
"01-Jul",NA,390,0.2,1.5,15,25,1500,3.4,66,280,123,186,3.9,0,1530,1270,140,385,550,174,0,0,1730,6,844,0,0,0,17,152,3.2,194,400,1640,256,418,380,276,50,75,547,329,374,421,465,326,359,196,335,312,210,66.6,28.5,121,224,232,198,269,355,242
"02-Jul",NA,272,0.2,1.5,44,20,1500,3.4,64,259,102,208,3,0,1520,614,118,345,413,158,0,0,1750,42,884,0,0,0,17,148,3.6,198,420,1660,223,447,396,249,47,70,518,328,367,361,457,326,329,253,312,336,194,65.2,42.9,152,254,290,182,278,346,265
"03-Jul",NA,245,0.2,1.6,58,18,1150,3.4,64,251,104,206,3,0,1530,497,102,330,344,161,0,0,1700,2,888,0,0,0,17,139,3.8,200,449,1620,223,487,398,281,54,69,470,331,354,408,470,319,355,282,311,343,208,71.1,30.9,137,295,259,175,293,378,222
"04-Jul",NA,250,0.2,1.6,31,17,1120,3.4,65,241,134,200,3.7,0,1550,515,64,371,323,148,0,0,1790,1,1050,0,0,0,17,129,4.4,206,439,1580,218,443,380,273,46,16,481,270,367,463,409,330,357,314,346,314,271,67.1,21,146,268,175,203,269,450,197
"05-Jul",NA,327,0.2,1.6,22,16,1180,3.4,63,225,144,194,3.6,0,1520,479,46,406,329,149,0,0,1750,1,1090,0,0,0,17,112,12,204,404,1560,240,438,385,265,41,19,502,276,381,394,421,307,364,377,360,298,268,70.8,21.1,167,276,170,235,290,446,208
"06-Jul",NA,398,0.2,1.7,21,15,1240,3.4,63,201,137,188,6,0,1510,413,40,394,274,172,0,0,1730,0,1070,0,0,0,17,84,24,198,392,1510,267,429,359,426,43,16,480,300,326,375,423,275,368,383,356,245,269,61.9,23.8,170,304,243,293,337,422,212
"07-Jul",NA,302,0.2,1.6,19,13,1230,87,62,209,123,250,9.3,0,1510,368,35,380,272,169,0,0,1710,0,1100,0,0,0,17,67,32,195,383,1210,258,432,357,340,42,4.8,499,217,292,343,423,293,360,375,380,235,273,75.4,29.2,157,289,319,339,366,351,197
"08-Jul",NA,584,0.2,1.6,13,10,1170,317,59,209,110,223,2.2,0,1510,244,31,384,248,151,0,0,1720,0,1280,0,0,0,17,51,39,191,361,908,295,437,337,352,35,25,520,204,325,335,396,287,329,382,393,198,259,112,20.2,141,263,323,350,310,313,203
"09-Jul",NA,842,0.2,1.5,10,9,1140,306,58,217,110,150,3.4,0,1510,184,41,373,248,139,0,0,1770,0,1460,0,0,0,17,37,39,194,332,750,267,476,329,371,31,44,555,199,329,299,410,224,311,381,399,193,261,86.7,18.6,126,299,341,324,311,295,210
"10-Jul",NA,715,0.2,1.5,7,8,1120,262,57,217,210,260,3.2,0,1480,159,87,396,228,154,0,0,1800,38,1430,0,0,0,17,29,38,193,361,584,292,492,317,350,49,222,492,235,330,355,434,259,310,417,398,251,253,71.9,27.3,130,301,381,359,386,270,196
"11-Jul",NA,462,0.1,1.4,5,7,1100,232,56,219,340,430,5.7,0,1530,153,33,408,223,148,0,0,1810,94,1460,0,0,0,17,24,41,183,342,484,273,512,341,363,52,324,518,270,339,378,363,242,322,412,411,264,211,67.2,27.6,133,316,367,283,428,255,165
"12-Jul",NA,462,0.1,1.4,4,6,1120,254,54,213,377,450,6,318,1520,204,22,419,218,134,0,0,1740,0,1270,0,0,0,17,20,48,176,347,450,280,489,351,386,35,447,512,290,330,330,357,247,332,405,429,257,211,59,23.5,110,269,317,221,423,281,197
"13-Jul",NA,398,0.1,1.4,3,5,1170,266,53,199,302,454,3.6,938,1530,158,40,378,206,155,0,0,1730,0,1240,0,0,0,16,15,55,176,343,300,271,464,334,384,45,345,433,318,352,320,379,225,360,364,415,240,199,60.9,20.6,59.6,241,265,181,403,280,168
"14-Jul",NA,362,0.1,1.3,19,5,1170,244,54,179,353,232,2.6,556,1510,142,36,297,224,168,0,0,1730,52,1250,0,0,0,16,12,61,180,336,280,267,447,293,388,44,323,457,310,384,319,394,266,336,347,387,261,156,63.8,16.7,52.2,248,310,169,408,257,160
"15-Jul",NA,548,0.1,1.3,14,5,1240,240,53,164,329,225,2.1,128,1570,101,114,222,201,144,0,0,1770,270,1160,0,0,0,16,7.9,59,183,333,270,294,393,311,385,37,251,538,316,402,286,397,280,296,332,362,268,112,70,14.4,50.3,227,291,171,406,230,158
"16-Jul",NA,362,0.1,1.3,10,4,1240,177,52,166,281,220,2,96,1550,87,72,205,178,126,0,0,1640,338,1220,0,0,0,16,7.2,54,181,288,270,269,395,332,354,34,231,476,305,451,263,390,293,362,329,367,307,121,67.2,11.9,63.6,206,261,213,416,201,168
"17-Jul",NA,348,0.1,1.3,8,1,1160,166,51,172,220,190,2,77,1510,124,204,191,287,150,0,0,1530,218,1290,0,0,0,16,6.5,50,178,298,281,263,383,388,369,29,334,397,362,432,289,448,240,354,327,385,312,122,80.1,15.1,57.4,218,210,192,385,153,178
"18-Jul",NA,290,0.1,1.3,11,0,1110,153,50,172,180,147,1.6,55,1490,80,156,151,310,134,0,4.2,1570,47,1250,0,0,0,16,5.8,46,183,308,378,241,410,365,357,48,241,414,398,435,306,484,232,326,379,449,281,135,122,16.8,59.9,217,170,174,358,130,168
"19-Jul",NA,235,0.1,1.3,21,0,810,143,49,164,137,123,1.6,37,1500,73,1050,132,421,116,0,0,1680,48,1280,0,0,0,17,5.2,42,186,261,405,250,431,378,293,24,215,429,392,425,293,478,238,316,404,446,300,117,138,14.2,52.6,180,149,171,304,134,185
"20-Jul",NA,206,0.1,1.3,21,0,834,140,49,149,110,106,2.1,35,1530,68,480,102,410,195,0,0,1650,279,1240,0,0,0,18,5.2,44,186,240,485,316,441,364,257,32,218,447,402,410,253,510,225,327,398,420,319,121,147,13.5,55.2,198,176,168,309,144,245
"21-Jul",NA,185,0.1,1.4,15,0,830,140,49,138,68,83,1.5,76,1690,71,222,91,484,389,0,203,1590,296,1250,0,0,0,18,5,51,184,259,405,297,454,368,327,25,306,503,326,368,230,529,221,343,375,383,336,163,230,13.9,51.9,209,170,167,306,151,220
"22-Jul",NA,210,0.1,1.4,12,0,845,134,48,113,45,81,0.9,45,1340,78,123,89,492,250,0,336,1550,243,1170,0,0,0,18,4.9,52,183,221,331,303,470,361,293,84,376,517,291,352,265,487,216,291,372,385,294,140,189,19.7,37.5,191,206,180,315,155,200
"23-Jul",NA,132,0.1,1.4,35,0,845,132,46,89,41,103,0.3,30,1170,95,106,82,338,296,0,760,1550,150,1170,0,0,0,19,4.7,45,181,225,516,223,454,352,211,250,390,537,290,297,280,469,193,293,388,368,286,148,190,15,32.1,158,179,211,265,158,162
"24-Jul",NA,117,0.1,1.3,163,0,825,136,42,80,38,186,0,25,712,97,70,80,447,582,0,193,1620,106,1130,0,0,0,19,4.5,38,175,217,368,225,428,356,200,257,347,484,348,322,302,483,191,363,390,364,297,238,168,13.5,49.4,138,136,250,265,163,169
"25-Jul",NA,105,0.1,192,284,0,830,122,39,72,35,260,0,24,650,78,21,85,486,416,0,360,1640,86,1180,0,0,0,19,4.3,35,161,220,255,255,397,396,210,516,295,516,386,373,357,440,173,377,387,355,270,174,176,12,48.9,150,67.1,211,283,161,225
"26-Jul",NA,108,0.1,1090,578,0,858,116,36,64,34,172,0,27,860,91,24,98,444,446,0,850,1610,54,1040,0,0,0,19,4.1,30,153,235,237,284,333,376,190,363,255,538,398,326,371,399,183,386,400,359,202,185,198,7.52,134,168,69,217,244,203,221
"27-Jul",NA,136,0.1,753,354,0,1000,109,33,58,31,238,0,25,1130,84,339,172,824,398,115,195,1680,10,824,0,0,0,19,3.7,27,151,236,245,270,356,376,180,251,279,526,415,306,342,396,169,397,444,347,196,205,173,5.21,161,169,111,184,302,214,204
"28-Jul",NA,143,0.2,280,862,0,1040,108,33,56,30,152,0,25,980,77,679,146,545,826,396,173,1670,1,816,0,0,0,19,3.5,22,142,255,231,265,341,398,175,298,246,494,426,273,374,385,192,402,427,328,188,229,176,3.31,111,145,148,200,264,194,201
"29-Jul",NA,185,0.2,128,1470,0,1050,109,33,54,30,141,0,28,732,185,551,141,714,479,605,200,1690,0,888,0,0,0,19,3.4,19,138,239,223,276,304,368,180,297,231,484,414,270,386,372,191,396,363,317,179,207,187,3.5,146,135,405,217,259,237,212
"30-Jul",NA,139,0.2,78,1460,0,960,105,32,50,28,152,0,28,712,353,519,168,818,338,43,124,1730,0,696,0,0,0,19,3.2,17,135,234,230,258,258,349,150,281,194,446,375,292,401,397,174,442,290,302,172,193,151,3.1,130,148,513,250,276,255,238
"31-Jul",NA,172,55,53,660,0,905,102,30,49,26,172,0,30,1000,442,778,103,433,341,25,46,1750,0,432,0,0,0,17,3,14,140,228,190,298,241,321,140,261,214,414,335,283,388,402,184,399,307,296,204,205,179,3.95,129,139,465,212,287,251,230
"01-Aug",NA,181,137,38,576,0,841,98,29,48,26,264,0,115,1200,341,518,91,527,335,246,0,1710,0,337,0,0,0,17,3.1,12,145,227,150,280,186,320,215,249,222,462,337,315,360,377,153,361,331,358,235,164,109,3.77,80.9,124,451,209,269,247,228
"02-Aug",NA,139,149,24,278,36,286,98,28,43,26,238,0,540,1300,315,323,97,910,294,84,0,1770,146,318,0,0,0,16,2.9,9,151,196,120,270,217,397,214,240,290,501,311,435,375,403,147,302,302,300,240,269,79.6,3.16,109,114,365,204,252,252,234
"03-Aug",NA,161,147,19,215,760,294,92,28,40,24,216,0,406,1330,591,147,101,1080,249,48,0,1780,515,305,0,0,0,15,2.8,8.5,160,210,105,296,264,390,215,214,325,484,350,322,366,404,144,300,334,314,209,283,146,0.02,122,99.8,317,202,258,295,194
"04-Aug",NA,154,124,18,220,505,300,89,27,47,22,190,0,392,1350,1220,133,89,1220,187,9.8,82,1790,1220,295,0,0,0,14,2.7,8.2,169,236,107,279,339,374,246,263,291,481,310,299,333,367,146,275,326,390,241,261,165,0,156,107,329,333,281,211,157
"05-Aug",NA,189,113,17,206,214,300,89,26,44,22,166,0,224,1350,231,593,113,1150,187,4.2,560,1810,195,267,0,0,0,13,2.8,9.3,169,222,127,262,285,349,254,220,225,436,255,326,332,354,160,304,324,421,247,259,167,0,105,87.7,287,226,274,201,209
"06-Aug",NA,181,108,19,184,43,286,89,27,37,20,139,324,381,1410,202,1190,121,722,300,21,910,1850,170,239,0,0,0,13,2.7,9.3,170,221,258,238,300,361,297,208,242,382,261,321,296,383,157,369,380,409,242,216,218,0,137,84.9,277,248,347,155,216
"07-Aug",NA,172,102,67,246,12,313,94,194,33,20,117,290,314,1440,172,1210,124,742,499,22,450,1810,170,211,0,0,0,13,2.5,9,171,224,312,232,335,353,331,204,260,417,311,317,326,403,143,347,352,381,213,209,225,0,158,121,266,215,305,150,235
"08-Aug",NA,168,86,105,482,8,338,86,476,27,19,85,110,158,1460,192,777,125,1130,919,88,168,1660,151,183,0,0,0,13,2.5,8.8,182,233,318,219,323,351,384,140,227,436,324,317,330,363,139,322,305,359,213,220,239,0,169,139,253,170,283,145,264
"09-Aug",NA,150,62,205,721,33,342,98,975,26,18,55,50,172,1390,189,603,143,530,822,390,122,1450,20,155,0,0,0,12,2.5,10,186,223,253,208,393,363,394,92,206,467,298,289,316,368,144,320,326,375,197,197,234,0,171,165,246,180,302,149,273
"10-Aug",NA,161,55,155,1000,8,260,103,825,27,18,41,39,175,1360,765,718,150,482,722,368,85,1350,5,127,0,0,0,12,2.3,14,187,223,991,225,423,359,384,99,162,519,337,266,326,355,191,353,344,378,201,170,245,0,125,201,239,216,292,163,264
"11-Aug",NA,172,58,133,607,4,238,100,797,25,18,37,42,60,1120,256,391,162,455,801,192,39,1250,0,97,0,0,0,12,2.2,18,182,220,620,220,443,341,330,140,208,576,226,280,292,369,202,367,273,407,235,166,253,0,149,161,265,166,309,198,246
"12-Aug",NA,230,49,320,820,4,242,79,300,27,20,35,94,248,870,250,710,187,383,499,178,36,1170,0,77,0,0,0.05,12,2.3,20,177,214,516,273,358,338,358,140,188,579,333,325,250,386,200,350,188,408,266,129,212,0,91.1,231,255,149,276,151,204
"13-Aug",NA,382,36,288,1200,4,228,81,100,27,20,33,104,308,732,338,679,191,292,499,218,100,1170,0,71,0,0,0.1,12,2.2,21,171,203,397,251,383,331,301,142,220,553,320,329,259,385,183,358,209,387,260,221,136,0,72.2,257,268,143,284,149,185
"14-Aug",NA,193,40,216,1180,4,223,85,101,25,118,30,62,840,600,317,487,204,234,354,405,60,1120,0,120,0,0,0.44,13,2.1,23,168,205,481,246,370,350,282,112,235,606,238,323,287,393,159,409,235,379,279,275,94.9,0,68.5,295,286,159,266,168,190
"15-Aug",NA,176,48,111,618,3,231,94,160,25,129,25,37,1230,630,222,427,175,292,273,475,9.8,1080,0,140,0,0,0.8,15,2.3,25,163,232,603,250,359,332,303,111,268,540,260,354,379,358,176,390,281,388,287,246,59.8,0,66.5,279,340,137,267,180,171
"16-Aug",NA,146,61,70,530,6,262,100,384,24,87,19,18,336,500,176,974,159,198,363,252,0,1030,0,122,0,0,0.5,14,2.3,26,169,216,257,207,357,340,304,111,274,523,256,307,373,368,202,367,258,396,254,318,62.2,0,140,300,497,133,244,188,223
"17-Aug",NA,146,65,59,407,6,300,105,462,23,311,18,16,86,514,185,1180,162,195,358,303,0,1050,0,108,0,0,0.2,11,2.2,27,169,207,253,224,323,304,245,82,229,523,277,306,277,349,183,356,295,384,267,326,61.3,0,172,309,304,112,281,184,238
"18-Aug",NA,164,36,554,508,3,258,148,400,21,269,21,14,55,400,225,1330,169,135,275,132,66,862,0,119,0,0,0.1,9.2,2.1,29,152,196,289,212,373,253,249,76,205,554,282,349,266,356,167,350,312,338,244,302,59.1,0,187,310,281,72.5,331,189,231
"19-Aug",NA,172,30,701,596,333,270,162,279,20,800,23,125,64,440,246,1600,167,129,340,122,895,538,0,121,0,0,0.1,8.5,2.3,28,140,210,264,222,331,236,317,97,217,511,277,349,266,371,161,332,307,366,240,304,63.9,0,188,294,289,66.4,298,167,251
"20-Aug",NA,129,34,401,541,218,252,151,240,20,800,23,209,30,498,424,1270,141,117,283,243,535,446,0,128,0,0,0.5,10,2.2,26,129,204,279,185,288,185,331,165,254,448,246,332,287,315,143,305,307,359,293,287,55.2,0,178,253,321,63.5,307,163,266
"21-Aug",NA,120,38,221,905,101,231,140,629,20,754,23,134,18,400,250,1350,135,111,236,144,306,310,0,144,0,0,0.2,15,2.1,23,129,211,230,158,302,200,329,210,192,447,291,339,274,311,149,332,301,362,316,174,62.3,0,172,257,289,59.5,232,163,256
"22-Aug",NA,120,41,207,1240,309,230,145,200,18,562,22,98,13,388,228,1150,138,106,184,530,276,282,0,182,0,0,0.44,10,2.1,19,127,209,274,200,313,206,261,147,202,456,297,340,298,342,165,323,265,374,325,155,62.8,0,165,271,278,71.2,241,145,246
"23-Aug",NA,181,46,417,1360,174,230,145,350,17,800,16,45,10,412,226,893,134,103,146,415,130,378,0,187,0,0,1.1,8,2.3,23,130,192,338,100,397,191,243,124,273,468,304,336,336,405,199,342,279,379,325,148,58,0,139,240,272,91.8,256,123,262
"24-Aug",NA,488,75,158,1070,24,226,143,167,16,600,15,43,8.2,408,171,726,136,116,154,364,60,362,0,187,0,0,36,5,2.1,37,138,191,339,120,408,266,281,141,294,458,390,331,323,422,237,361,301,365,321,126,60.9,0,99.4,239,286,75.5,260,182,265
"25-Aug",NA,278,106,125,706,8,239,139,280,16,750,14,34,6.6,280,198,555,142,138,168,800,104,414,0,184,0,0,27,2.5,2.1,37,148,209,900,100,375,278,292,152,338,453,407,319,298,431,203,358,316,330,293,135,62.4,0,118,223,305,113,258,195,237
"26-Aug",NA,161,84,246,490,9,254,148,450,16,700,14,82,5,260,202,494,159,139,130,715,450,282,0,189,0,0,28,1.8,2.3,34,156,214,1100,118,326,248,306,144,257,442,367,301,335,416,244,319,296,374,271,148,58.4,0,86.7,218,327,121,229,199,244
"27-Aug",NA,157,59,132,315,6,234,159,240,16,500,14,218,2.6,200,177,399,166,119,108,420,1970,262,0,187,0,0,34,1.4,2.1,29,167,211,690,105,322,257,328,144,223,399,378,306,333,409,265,302,254,351,265,147,52.8,0,58.7,201,269,145,230,298,223
"28-Aug",NA,132,46,67,457,4,236,127,434,15,450,14,244,1.4,220,140,516,180,133,73,306,1920,258,0,160,0,0,40,1.3,1.9,31,168,203,707,100,319,259,389,231,193,369,297,344,321,408,271,299,251,379,251,136,57.9,0,41.9,187,254,163,223,288,209
"29-Aug",NA,114,40,44,710,5,260,130,320,15,425,14,250,0.5,179,134,1130,143,159,55,258,1900,298,0,159,0,0,42,1.2,1.8,39,172,199,843,112,355,242,335,219,215,320,279,336,364,388,276,332,239,383,241,136,62.1,0,39.8,171,262,139,212,227,207
"30-Aug",NA,114,37,32,950,4,607,122,350,14,338,14,540,0.3,228,114,632,148,195,45,310,1700,366,0,148,0,0,40,1.3,1.7,41,175,174,863,90,362,219,323,148,218,325,309,321,305,317,266,347,267,388,228,136,53.3,0,39.2,173,275,205,229,247,172
"31-Aug",NA,111,35,34,609,4,544,114,178,14,260,13,670,0.2,220,93,708,153,134,38,112,1630,646,0,152,0,0,36,1.2,1.5,39,177,140,662,85,354,217,342,252,212,356,341,329,278,300,245,366,264,388,220,151,46.9,0,35.5,127,268,245,235,267,205
"01-Sep",NA,102,33,27,453,4,615,109,127,14,248,13,685,0.1,240,173,1050,157,151,29,66,348,794,0,153,0,0,32,1.3,1.4,32,179,130,333,100,325,206,339,295,186,373,278,318,304,322,258,356,246,391,230,130,60.6,0,25.3,127,291,181,291,220,215
"02-Sep",NA,87,28,21,300,4,526,102,110,13,230,13,649,0,204,116,696,168,112,27,183,635,1030,0,120,0,0,25,1.3,1.3,27,175,128,285,95,278,219,353,261,199,391,271,300,343,313,273,334,238,363,297,142,53.6,0,25.3,151,294,206,283,142,196
"03-Sep",NA,84,27,22,196,7,468,96,74,12,212,14,335,0,370,188,549,176,250,22,185,1060,790,0,125,0,0,21,1.3,1.3,23,170,132,267,89,320,217,377,265,215,350,290,309,378,346,255,313,258,374,327,194,42.5,0,17.7,152,330,214,249,110,191
"04-Sep",NA,80,27,18,148,11,520,91,63,12,178,23,260,0,900,208,686,156,671,21,136,1450,730,0,140,0,0,18,1.3,1.4,19,170,138,255,175,385,219,378,241,177,337,322,301,406,370,241,289,260,398,282,187,41.8,30.6,16.6,201,339,171,262,99,201
"05-Sep",NA,77,29,18,117,5,713,92,56,12,148,22,116,0,428,119,499,126,586,21,76,560,622,0,178,0,0,15,1.3,1.6,19,176,161,242,150,377,229,359,171,169,294,335,300,349,336,236,310,232,392,219,174,52.8,23.3,15,239,312,154,286,101,154
"06-Sep",NA,75,28,16,132,4,896,93,54,12,134,17,278,4,312,128,578,89,522,21,34,465,482,0,158,0,0,13,0.86,1.6,22,178,138,216,133,366,250,354,187,207,477,322,287,292,327,229,306,247,388,181,170,44.1,9.17,17.2,228,302,176,282,129,151
"07-Sep",NA,71,26,13,186,3,898,106,50,12,139,15,110,9.7,493,129,712,0,371,21,21,710,530,0,162,0,0,11,0.55,1.8,38,182,136,204,131,327,238,345,173,170,502,344,272,287,342,218,292,266,397,197,151,40.5,28,6.8,193,305,184,225,177,140
"08-Sep",NA,65,25,10,236,4,858,140,47,12,139,14,413,0.3,804,118,1420,0,352,20,2,525,462,0,171,0,0,9.6,0.44,1.6,51,184,158,200,136,332,219,367,177,185,484,324,301,304,338,201,334,267,393,185,121,39.4,55.9,4.08,184,357,170,239,160,130
"09-Sep",NA,61,24,9,266,4,823,107,37,11,155,13,187,0,1210,107,1810,0,366,27,1,945,370,0,162,0,0,8.1,0.3,2.2,54,184,167,230,120,319,201,363,145,187,505,280,319,294,335,211,291,241,375,169,118,41.2,95.3,6.25,196,316,182,241,174,119
"10-Sep",NA,59,22,2,155,4,707,112,33,10,306,12,79,0,1410,102,1750,0,797,34,108,1350,410,0,175,0,0,5.6,0.3,2.4,54,178,163,221,94.1,325,200,323,155,172,489,244,327,321,379,228,320,226,365,179,117,47.5,101,4.74,198,308,221,226,169,110
"11-Sep",NA,57,24,1.9,200,5,614,153,31,10,400,12,49,8.3,1090,107,1730,0,1100,39,92,1080,722,0,203,0,0,2.6,0.25,33,53,172,157,195,121,341,183,299,160,178,471,250,327,331,351,206,325,221,345,177,110,115,108,2.79,209,299,162,201,182,141
"12-Sep",NA,50,23,2.7,190,4,524,198,29,10,920,12,31,476,1130,100,1080,0,881,45,71,1380,1490,0,240,0,0,2.1,0.2,28,53,170,153,191,145,339,184,297,140,214,460,249,333,318,348,246,338,219,329,198,103,143,127,3.33,235,240,180,226,196,147
"13-Sep",NA,29,23,43,164,5,432,258,27,10,600,11,26,247,1170,93,660,0,1210,54,36,1620,1570,0,265,0,0,1.7,0.15,13,54,172,146,186,137,361,182,328,120,164,454,233,333,313,365,315,366,231,359,183,147,99.1,133,5.91,201,209,151,249,236,100
"14-Sep",NA,28,23,324,75,10,331,216,26,10,512,11,23,58,1240,89,538,0,1510,63,4.2,1890,1210,0,242,0,0,1.7,0.13,7.5,55,171,168,181,117,363,193,464,110,177,460,304,278,341,354,323,367,228,315,180,145,104,93,3.14,186,183,144,243,244,99
"15-Sep",NA,30,21,699,43,11,313,186,25,10,450,9.6,20,33,760,75,396,0,1390,56,2.8,1410,930,0,223,0,0,1.7,1.4,6.4,56,170,199,180,154,368,197,409,116,181,451,328,271,362,318,275,375,224,351,225,176,161,117,1.36,194,174,110,248,237,100
"16-Sep",NA,30,23,330,42,7,298,192,24,9.8,383,9.3,18,25,506,89,428,0,853,192,1.4,845,718,0,200,0,0,2.1,1.1,5.8,57,167,193,178,222,352,195,417,123,192,453,408,274,312,409,214,374,260,352,219,188,167,87.9,2.93,181,167,118,234,244,93
"17-Sep",NA,30,22,100,18,6,302,202,24,9.8,296,8.9,13,20,465,145,424,0,659,169,1.4,1060,658,0,191,0,0,1.9,0.93,3.4,60,160,187,177,196,317,196,419,155,195,418,378,286,286,396,215,387,254,374,184,181,138,88.7,0.12,134,178,99.9,222,239,84
"18-Sep",NA,30,20,55,13,6,276,212,23,9.4,242,8.9,8,15,400,162,360,0,558,144,7,660,682,0,185,0,0,1.4,0.8,3.1,60,156,195,188,182,294,181,412,153,200,418,367,323,293,379,270,369,251,397,179,180,138,84,3.55,117,194,116,220,262,122
"19-Sep",NA,29,19,39,14,6,236,186,22,10,225,8.6,5.6,10,320,107,324,0,527,210,71,344,874,0,176,0,0,1.4,0.97,2.9,57,195,198,308,229,295,184,389,183,173,417,389,317,306,406,263,381,276,421,192,211,177,67,3.95,103,190,65.6,229,246,109
"20-Sep",NA,29,19,30,16,7,226,177,22,9.4,370,8.2,36,7,296,94,308,0,522,456,48,296,770,0,220,0,0,1.2,0.97,2.7,55,204,185,344,204,300,189,373,150,151,451,421,329,305,284,250,437,283,420,156,233,144,81.8,6.36,98.8,160,107,239,222,103
"21-Sep",NA,28,18,23,38,4,230,186,21,10,824,7.8,43,3.5,320,85,288,0,464,970,1.4,460,674,0,218,0,0,1.2,0.94,2.4,54,209,180,252,157,288,194,404,154,169,434,373,298,297,315,242,517,304,375,126,234,165,59.9,5.71,98.9,154,160,239,210,105
"22-Sep",NA,32,19,18,49,6,222,183,20,10,674,7.8,425,3.2,280,94,220,0,713,864,2.8,810,658,0,211,0,0,1.4,0.89,2.4,52,220,185,270,131,284,195,400,130,193,404,376,259,272,371,250,492,297,392,160,229,177,68.3,2.37,73,155,173,220,219,103
"23-Sep",NA,37,19,17,48,6,225,188,19,9.4,530,8.9,685,2.9,308,89,164,0,535,694,98,570,570,0,216,0,0,1.9,0.95,2.3,51,227,178,245,138,284,182,399,142,200,402,360,267,278,373,252,379,295,405,154,243,174,56,0.08,67.9,157,221,230,224,159
"24-Sep",NA,51,18,25,45,4,225,186,20,9.4,455,13,448,2.6,368,64,146,0,834,600,203,360,538,0,214,0,0,2.1,0.56,2.5,49,226,170,240,162,321,178,398,124,193,431,321,304,268,353,234,337,295,413,161,211,155,70.5,0,66.4,154,189,188,197,165
"25-Sep",NA,45,16,136,45,5,225,181,19,9.1,395,610,436,56,380,50,160,0,857,519,68,276,498,0,212,0,0,2.3,0.34,2.4,45,222,195,233,173,375,178,408,154,195,379,331,347,243,349,239,322,288,379,179,165,153,48.2,0.53,89.7,178,170,199,180,189
"26-Sep",NA,46,16,287,323,6,284,179,19,9.1,371,125,110,42,514,55,223,0,551,498,85,215,442,0,212,0,0,2.6,0.26,2.4,43,218,197,236,169,353,195,409,149,257,378,327,335,249,322,253,306,307,367,178,137,123,44.4,14.5,109,199,149,217,193,209
"27-Sep",NA,37,15,786,1300,1,239,177,18,9.1,305,348,62,32,304,52,1430,0,528,409,132,203,466,0,209,0,0,3.2,0.25,2.5,42,215,208,330,269,330,197,397,107,243,384,319,345,186,328,277,302,294,379,220,113,141,40.7,43.7,103,180,144,218,171,210
"28-Sep",NA,34,15,1050,635,0,226,176,17,10,228,324,36,142,404,64,800,0,468,350,90,175,462,0,200,0,0,5.1,0.17,2.3,40,218,212,278,360,338,205,369,96,272,404,337,324,230,351,277,299,284,331,244,114,147,36.8,49.1,131,150,135,213,162,213
"29-Sep",NA,36,14,912,206,0,236,164,17,9.4,251,682,24,60,412,443,495,0,574,371,37,120,418,0,189,0,0,10,0.13,2,36,219,208,375,304,342,226,306,123,282,422,313,303,237,397,273,303,274,331,249,103,172,12,30.6,125,106,144,200,177,216
"30-Sep",NA,36,11,214,121,15,230,166,17,9.1,218,544,18,60,470,188,255,0,462,340,108,88,366,0,185,0,0,12,0.13,1.9,33,219,218,430,261,325,210,318,142,282,407,298,297,250,317,291,338,295,325,261,118,157,13,83.9,184,92.9,183,208,155,181
"01-Oct",NA,32,9,77,108,4.5,218,169,17,9.4,208,388,15,45,455,117,276,0,371,320,435,76,286,0,184,0,0,13,0.11,1.8,30,218,211,496,235,321,198,296,107,340,450,302,335,245,288,290,427,278,328,222,96,136,12,120,176,141,169,186,145,187
"02-Oct",NA,29,9,56,279,5.2,202,170,18,9.8,180,216,12,32,546,80,278,0,314,299,1760,54,358,0,180,0,0,15,0.1,1.7,26,218,225,447,228,283,184,290,122,365,440,345,357,253,298,269,431,320,326,267,107,147,0,110,179,151,107,176,138,192
"03-Oct",NA,25,9,51,292,5.5,194,169,23,10,190,188,6.9,20,558,66,217,0,272,282,1560,28,358,0,175,0,0,17,0.29,1.6,35,219,219,423,194,277,173,324,97,348,408,324,357,256,335,249,413,301,329,240,133,147,0,106,185,140,145,180,140,185
"04-Oct",NA,22,6,48,780,4.8,192,174,17,10,200,160,3.7,14,642,65,470,0,286,388,1280,21,350,0,176,0,0,20,0.54,1.6,64,220,187,924,184,289,170,315,80,266,341,343,375,264,338,242,387,308,359,211,124,94.6,0.27,130,184,129,117,153,149,192
"05-Oct",NA,25,8,89,544,5.7,196,177,17,9.4,182,150,3,8,728,54,388,0,270,415,574,20,382,0,175,0,0,23,0.48,1.8,63,217,176,831,166,306,176,310,103,248,346,346,374,285,342,232,392,349,332,208,157,86.5,0.3,142,206,156,113,173,148,190
"06-Oct",NA,28,10,385,332,4.8,199,167,17,9.4,180,113,2.7,4.1,736,37,181,0,248,332,181,18,318,0,170,0,0,25,0.46,1.6,58,211,169,1090,165,431,174,308,196,258,354,325,381,275,343,264,411,325,328,231,150,77.5,31.1,154,235,176,144,242,149,175
"07-Oct",NA,28,7,310,201,5,200,167,17,9.1,160,132,2.4,2.4,732,28,234,0,248,420,199,55,422,0,173,0,0,28,0.35,1.6,44,205,165,645,147,371,180,305,230,256,392,316,375,301,337,284,400,325,327,203,154,76.4,70.4,153,283,185,143,304,150,186
"08-Oct",NA,26,6,389,162,5.5,198,194,27,9.1,153,110,2.2,2,610,42,221,0,228,376,222,68,402,0,171,0,0,28,0.32,1.6,45,199,166,630,146,358,187,341,204,262,387,325,396,342,330,273,413,314,314,247,177,103,106,180,277,230,145,251,171,189
"09-Oct",NA,25,6,396,149,5.5,202,212,47,9.1,139,117,2.2,1.8,606,42,204,0,237,292,281,82,362,0,162,0,0,27,0.34,1.8,45,198,170,613,191,349,185,339,196,245,368,389,403,382,353,287,395,308,311,334,189,81,165,158,294,364,102,247,155,166
"10-Oct",NA,24,6,450,140,4.5,211,200,52,9.1,123,115,2.2,1.4,550,29,116,0,226,273,246,94,298,0,147,0,0,27,0.7,1.6,45,203,171,591,228,398,205,369,194,226,398,351,398,404,323,280,379,293,310,362,184,60.8,110,166,306,496,83.3,270,173,159
"11-Oct",NA,23,5,418,119,4.8,246,194,60,11,132,115,2.2,1.2,400,33,121,0,196,306,263,84,410,0,144,0,0,28,0.54,1.3,45,214,189,562,202,423,202,366,213,272,388,352,413,419,317,249,386,294,325,338,166,71.1,94.8,181,286,289,139,287,159,155
"12-Oct",NA,23,6,343,99,5,438,190,64,18,139,132,2,1.2,420,30,152,0,226,285,260,102,510,0,147,0,0,27,0.64,1.2,45,222,200,538,196,434,204,335,194,280,380,371,383,426,334,246,377,307,343,364,191,81.2,57.8,171,290,246,136,309,170,151
"13-Oct",NA,24,6,164,93,6,377,174,65,19,137,123,1.8,1.2,376,21,141,0,240,246,199,667,542,0,165,0,0,25,0.59,1.5,46,225,203,526,200,456,219,314,194,263,382,362,385,426,328,266,379,301,355,413,235,88.1,32.9,165,271,247,136,298,189,142
"14-Oct",NA,24,6,91,87,5.5,347,177,69,20,139,107,1.8,1.2,368,22,127,0,306,261,141,635,494,0,164,0,0,28,0.54,1.5,45,226,195,526,216,423,218,319,180,247,400,383,379,458,328,297,352,310,369,402,227,83.5,75.5,149,264,253,156,281,187,166
"15-Oct",NA,22,7,57,78,5.7,329,192,63,22,150,103,1.8,1.8,360,24,126,0,380,213,93,600,534,0,150,0,0,28,0.3,1.5,48,226,173,485,202,380,217,315,180,237,379,378,412,539,322,247,348,322,357,368,235,87,57.5,155,299,253,161,272,189,169
"16-Oct",NA,23,9,43,86,5.5,290,192,46,25,158,106,1.8,2.4,392,28,153,0,413,360,78,621,494,0,152,0,0,25,0.08,1.3,50,231,196,507,216,361,238,322,150,163,336,373,424,525,336,231,349,296,346,350,238,84.3,52.3,173,302,284,133,249,157,161
"17-Oct",NA,24,8,39,87,6,270,194,74,27,168,115,2.1,2.2,424,27,137,0,467,475,63,635,494,0,158,0,0,25,0.06,1.4,48,235,226,1090,256,349,235,335,140,202,338,360,424,545,320,252,426,272,356,371,217,70.1,44.1,190,309,261,122,248,173,138
"18-Oct",NA,24,8,37,76,6.2,266,188,74,384,192,113,2.2,2.2,480,28,127,0,530,372,71,695,486,0,154,0,0,24,0.06,1.5,47,236,198,1160,206,348,230,303,136,191,314,346,441,562,336,232,417,271,413,300,229,68.9,41.3,186,297,254,117,246,156,133
"19-Oct",NA,25,8,35,62,3.4,369,192,78,1080,190,115,3.4,1.8,650,26,132,0,550,380,104,640,446,0,152,0,0,23,0.07,1.5,46,219,171,949,231,352,231,310,135,193,313,372,413,493,339,242,425,267,443,244,228,78.1,59.3,180,287,257,109,225,151,130
"20-Oct",NA,25,9,36,54,3.4,341,162,69,1010,162,318,3.2,2.2,910,26,127,0,766,445,189,1430,410,0,147,0,0,22,0.06,1.6,48,190,167,769,219,344,243,325,154,194,358,367,416,416,341,256,435,296,420,209,217,86.9,61.5,156,243,262,109,244,155,128
"21-Oct",NA,25,9,36,52,3.2,334,172,66,600,175,476,2.7,2.2,680,26,100,0,1170,410,209,1720,378,0,140,0,0,22,0.08,1.6,52,174,178,736,266,325,266,324,180,185,377,361,433,425,330,283,432,343,378,218,206,99.6,64.2,114,269,265,111,241,162,129
"22-Oct",NA,26,9,33,50,3,309,185,67,479,185,188,71,2.4,622,41,85,0,1780,400,202,1720,378,0,153,0,0,20,0.07,1.8,56,161,174,734,301,324,247,324,189,254,365,357,433,419,335,289,435,361,395,246,196,104,83.2,129,256,260,117,244,196,134
"23-Oct",NA,26,8,28,51,2.9,294,179,66,395,155,172,56,2.6,622,37,114,0,1310,410,168,1640,398,0,173,0,0,16,0.13,1.8,59,153,176,782,300,340,258,307,168,247,342,339,429,423,344,286,425,369,382,242,210,92.7,88.8,125,255,242,127,216,180,166
"24-Oct",NA,26,8,23,52,2.6,274,176,63,341,146,156,49,2.9,720,40,112,0,1310,420,149,1430,402,0,164,0,0,19,0.15,1.8,62,150,193,896,310,331,288,313,172,247,353,402,426,410,369,296,428,349,354,255,195,95.5,63.9,98.3,255,240,116,198,203,194
"25-Oct",NA,26,8,27,58,4.3,271,177,61,275,180,156,37,3.2,788,46,99,0,1170,455,285,1160,458,0,156,0,0,31,0.15,1.7,68,147,216,994,281,326,282,321,184,211,359,398,401,420,349,295,422,362,350,246,184,116,48.9,79.5,253,328,121,223,227,188
"26-Oct",NA,25,8,34,59,3.8,271,170,63,254,180,166,30,6.6,780,47,89,0,1380,420,849,1630,466,0,158,0,0,38,0.15,1.8,72,143,216,1050,275,315,261,314,167,174,351,431,341,382,336,300,404,361,325,226,184,110,64.9,101,260,315,89.4,240,206,175
"27-Oct",NA,24,8,30,62,3.6,263,166,50,220,119,407,23,3.8,720,40,84,0,1510,376,936,1630,454,0,158,0,0,45,0.15,1.9,77,143,210,957,266,321,258,296,194,201,317,459,333,357,339,305,415,370,310,217,183,108,79.8,99.5,238,267,101,238,186,147
"28-Oct",NA,24,8,26,58,3.6,266,185,43,215,110,282,18,2.9,626,29,75,0,1620,368,1230,1440,426,0,157,0,0,52,0.15,2,80,138,213,898,271,326,229,313,187,221,359,429,348,347,335,249,390,382,340,226,164,130,76.6,133,237,272,130,228,200,150
"29-Oct",NA,25,8,31,55,2.9,274,185,43,218,110,231,12,2.9,598,29,70,0,1670,392,692,1190,466,0,153,0,0,58,0.14,2.1,82,136,206,928,305,300,221,307,175,228,331,412,363,343,347,239,400,361,320,224,196,146,60.1,113,210,254,92.3,207,201,156
"30-Oct",NA,26,8,30,52,4.5,274,183,44,236,110,194,7.2,2.4,602,26,77,0,1710,450,773,915,498,0,162,0,0,62,0.15,2.3,83,137,215,895,251,316,239,309,169,215,317,408,365,365,363,235,396,348,345,235,205,150,55.2,126,235,251,96.2,176,231,186
"31-Oct",NA,28,8,28,54,4.3,271,143,153,281,158,178,6.9,2.6,614,23,82,0,1690,585,742,1020,566,0,170,0,0,64,0.15,2.3,82,136,200,853,308,314,257,325,141,288,331,399,370,383,352,228,404,370,370,237,212,146,65.8,131,217,297,96.4,222,233,207
"01-Nov",NA,28,7,33,60,3.5,266,164,443,338,290,214,6.6,2.9,646,62,184,37,1550,795,876,1290,738,0,256,0,0,71,0.15,2.4,82,135,170,1030,308,267,222,318,222,293,373,392,426,406,377,249,417,357,374,227,228,167,67.5,156,231,294,159,253,262,196
"02-Nov",NA,26,7,33,59,5,255,162,726,320,456,257,37,19,788,72,320,132,1610,870,1010,1560,870,0,205,0,0,74,0.16,2.7,81,133,179,1090,216,308,176,320,169,328,304,362,352,351,319,242,343,299,350,224,297,118,63.6,137,225,275,150,241,205,158
"03-Nov",NA,24,7,32,52,6.1,271,162,448,317,693,248,45,37,840,54,216,124,1540,930,737,1580,1030,0,142,0,0,73,0.19,2.9,81,115,193,980,199,326,182,333,130,270,293,309,278,293,272,221,299,273,300,225,215,97.6,49.7,113,186,229,102,177,196,126
"04-Nov",NA,20,7,35,50,10,254,164,395,323,728,245,35,29,1140,79,191,120,1600,1010,760,1420,962,0,236,0,0,67,0.21,3.1,79,91,190,915,196,367,182,316,136,225,297,271,281,289,271,208,290,259,290,241,208,97.7,59.7,92,182,228,97.8,157,183,121
"05-Nov",NA,19,7,36,50,7.6,249,164,484,344,728,251,62,16,1770,83,175,106,1650,1060,717,1310,950,0,628,0,0,58,0.2,3.1,77,75,245,929,224,385,202,295,140,212,314,259,277,283,270,205,289,253,280,264,195,102,53.8,93.9,180,224,89.6,154,175,119
"06-Nov",NA,19,7,36,49,6.2,130,181,431,353,693,225,122,12,1700,90,200,87,1710,1010,991,1370,794,0,888,0,0,49,0.21,3.4,75,60,218,991,224,386,213,276,138,227,311,266,274,276,269,203,281,248,275,244,192,86.6,72.6,92.7,179,217,89.7,156,170,117
"07-Nov",NA,8,6,39,44,6,2,190,431,353,1440,407,51,12,1690,121,311,59,1710,1160,1140,1470,926,0,1250,0,0,42,0.25,4.1,74,48,227,999,222,394,221,274,140,235,311,265,276,275,269,204,277,248,270,248,187,85.8,70.8,91.3,181,216,94.7,165,162,116
"08-Nov",NA,6,6,40,38,6,0.5,200,398,350,1610,736,43,14,1620,400,454,112,1690,1340,1740,1530,926,0,1700,0,0,34,0.31,4.6,73,37,230,985,218,400,222,245,147,266,317,265,278,267,269,202,274,246,260,237,180,94.1,63.7,91.5,185,217,111,167,160,120
"09-Nov",NA,6,6,41,40,6,0.5,212,383,356,1620,1020,39,14,1630,500,443,625,1670,1420,1600,1450,886,0,1650,0,0,28,0.3,4.4,72,22,236,1110,206,351,222,257,143,272,325,266,277,275,268,203,271,249,255,224,163,103,71.1,96.2,190,189,105,163,159,114
"10-Nov",NA,8,6,38,39,6,0.4,224,377,365,1640,1290,37,13,1560,710,474,873,1690,1460,1720,1590,882,0,1700,0,0,24,0.31,4.3,73,15,232,1200,204,345,233,274,90,255,331,265,272,280,268,202,255,245,250,224,172,128,79.6,112,186,189,107,154,159,108
"11-Nov",NA,11,13,40,24,6,0.5,236,398,464,1600,1340,37,11,1660,874,531,999,1700,1570,1540,1390,866,15,1710,0,0,22,0.26,4.3,77,12,237,1200,200,342,245,305,99,254,335,263,267,284,268,202,241,223,240,229,176,118,64.7,116,187,185,110,162,149,107
"12-Nov",NA,13,11,41,33,5.7,0.5,261,392,461,1570,1310,36,12,1710,966,540,1110,1700,1790,1490,1400,858,45,1760,0,0,21,0.29,4.1,81,8.9,235,1190,199,340,247,263,106,253,336,260,265,310,267,198,248,225,236,228,184,102,69.1,109,185,193,110,156,146,114
"13-Nov",NA,14,21,48,41,5.7,0.4,240,398,464,1640,1420,43,14,1770,1000,581,1200,1730,1840,1450,1330,822,0,1830,0,0,20,0.3,4.1,80,7.7,225,1170,180,325,223,250,135,258,334,262,267,307,265,191,246,225,229,222,192,112,76.1,115,185,188,107,154,153,112
"14-Nov",NA,15,17,46,49,8.7,0.4,246,404,700,1650,1470,52,14,1830,1050,605,1260,1750,1820,1440,1270,806,0,1800,0,0,20,0.34,4,79,8.2,230,873,180,329,219,290,203,259,327,266,268,315,266,180,236,228,231,213,200,112,82,121,183,188,104,146,148,101
"15-Nov",NA,17,10,52,57,7.6,0.4,248,417,1020,1660,1470,140,16,1830,1150,608,1260,1800,1820,1480,1270,646,0,1730,0,0,20,0.37,4.2,81,8.5,203,743,182,328,215,322,190,259,336,263,271,320,265,180,251,230,239,207,201,122,88.7,128,166,191,112,145,152,141
"16-Nov",NA,17,9,57,78,6.8,0.3,250,470,913,1650,1570,389,124,1850,1230,626,1320,1770,1700,1600,1210,494,0,1490,0,0,20,0.37,3.7,130,8,161,716,183,326,216,278,170,261,348,259,277,319,264,178,251,233,240,208,204,131,105,136,154,198,116,145,160,137
"17-Nov",NA,18,9,58,92,6.2,0.3,260,518,880,1680,1600,368,307,1770,1230,657,1120,1670,1540,1640,1250,458,0,1470,0,0,19,0.31,3.1,85,7.8,158,684,184,326,213,274,165,268,342,228,266,301,263,180,255,232,239,211,188,138,98.2,133,135,200,119,146,153,103
"18-Nov",NA,8,10,47,117,6.5,0.3,270,1130,859,1700,1530,445,512,1800,1240,681,1280,1820,1470,1720,1300,506,0,1690,0,0,19,0.37,2.3,84,7.5,157,844,193,313,217,302,160,268,347,236,266,289,263,190,260,226,232,207,196,144,88.9,126,138,196,126,148,164,123
"19-Nov",NA,6,11,44,164,5.2,0.3,274,581,868,1700,1580,543,698,1740,1300,1380,1410,1790,1570,1420,1330,606,0,1840,0,0,19,0.37,2.3,82,6.8,205,1000,192,310,233,250,158,270,358,233,257,287,263,204,261,213,237,204,197,156,94.6,122,155,183,130,154,161,124
"20-Nov",NA,10,10,59,186,6.8,0.4,280,152,815,1700,1530,602,996,1650,1350,1380,1400,1650,1620,1170,1260,638,0,1850,0,0,18,0.36,2.2,81,6.4,586,1450,203,305,233,240,157,261,345,244,255,290,262,193,262,211,254,211,212,172,73,124,175,181,138,166,156,124
"21-Nov",NA,14,8,90,207,6,0.4,278,984,668,1700,1460,546,909,1670,1310,1400,1370,1670,1570,1070,1260,698,0,1760,0,0,18,0.37,2.1,80,6.2,655,1600,203,303,232,230,159,257,349,251,261,298,262,196,258,215,227,212,232,171,89,129,189,197,140,167,148,134
"22-Nov",NA,15,11,112,206,6.4,0.4,280,1030,600,1680,1340,466,606,1750,1240,1400,1370,1630,1530,978,1260,750,0,1730,0,0,17,0.33,2.1,80,6.2,645,1650,179,295,236,200,155,251,340,250,268,295,262,206,252,220,223,216,214,168,77.4,137,197,203,141,154,162,128
"23-Nov",NA,21,30,121,201,6.8,0.4,284,812,578,1690,1350,375,417,1770,1220,1390,1400,1610,1610,1020,1270,1140,0,1720,0,0,15,0.37,2.1,294,6.7,774,1600,177,278,237,211,157,247,344,258,268,291,261,207,249,216,219,215,209,179,116,131,196,199,138,154,154,130
"24-Nov",NA,24,58,128,220,6.2,0.4,284,725,556,1680,1430,305,378,1760,1300,1460,1410,1760,1640,960,1230,1290,0,1730,0,0,15,0.37,2.1,129,6.6,839,1550,203,254,236,208,159,247,340,274,266,292,259,204,247,214,221,211,199,174,122,136,196,198,127,156,155,132
"25-Nov",NA,21,65,131,214,6.2,0.4,286,666,536,1640,1470,277,350,1770,923,1490,1420,1920,1570,944,1130,1340,0,1750,0,0,15,0.37,2.1,82,6.2,809,1600,204,243,239,201,157,253,334,257,267,294,259,202,249,215,224,213,202,169,115,146,194,192,140,157,157,132
"26-Nov",NA,10,71,134,250,6,0.4,286,627,530,1610,1470,266,330,1830,742,1550,1480,1960,1530,960,1170,1370,0,1730,0,0,14,0.37,2.1,82,5.8,854,1580,185,242,230,196,159,261,336,246,265,295,259,202,252,219,222,216,196,157,114,154,185,184,147,158,159,134
"27-Nov",NA,8,81,132,277,5.7,0.4,290,669,515,1600,1490,260,316,1860,770,1530,1550,2040,1580,939,980,1360,0,1560,0,0,13,0.3,2.1,84,5.8,934,1500,181,242,226,194,162,261,352,245,266,291,259,198,248,220,220,216,181,147,119,165,180,188,152,162,153,133
"28-Nov",NA,10,117,136,291,8.7,0.4,292,676,461,1610,1550,260,312,1910,748,1570,1620,1830,1740,927,835,1430,0,1390,0,0,17,0.3,2.1,86,5.5,920,1230,181,243,233,193,166,265,355,244,273,292,258,195,247,222,222,220,193,160,124,158,183,191,160,159,152,136
"29-Nov",NA,12,90,116,285,7.3,0.4,296,652,186,1610,1520,260,305,1870,777,1520,1630,1870,1730,933,960,1450,0,1210,0,0,23,0.3,2.2,90,5.3,833,1200,186,244,235,214,170,270,349,242,276,286,258,198,253,226,231,221,198,171,134,159,186,191,154,168,156,157
"30-Nov",NA,15,104,163,263,7.6,0.4,300,641,110,1630,1530,260,305,1890,745,1760,1120,1770,1680,975,1040,1430,0,1590,0,0,25,0.37,2.3,92,5.2,856,1160,168,242,235,232,170,272,342,246,277,273,258,199,254,225,240,220,201,165,137,166,186,187,153,170,165,157
"01-Dec",0.5,87,122,172,273,7.6,0.4,302,574,110,1620,1600,260,294,1840,710,1120,808,1600,1680,1040,900,1460,0,1730,0,0,25,0.34,2.3,94,4.9,906,1120,186,243,244,223,168,270,340,245,280,262,257,200,262,228,238,220,197,166,133,157,186,187,148,171,174,153
"02-Dec",0.6,51,151,156,297,7.9,0.4,302,522,125,1620,1620,256,326,1660,686,851,754,1700,1860,1050,995,1470,0,1800,0,0,25,0.25,2.3,97,4.9,923,1070,183,255,242,217,165,268,338,250,282,258,256,206,263,242,238,220,201,167,135,152,187,187,171,163,178,157
"03-Dec",0.4,50,187,161,321,7.6,0.4,304,536,128,1600,1600,256,280,1810,658,855,696,1700,1300,1030,915,1520,0,1920,0,0,25,0.3,2.3,102,4.6,965,1050,176,255,248,221,165,251,342,258,276,258,256,208,262,261,236,220,210,171,144,153,183,188,144,164,169,151
"04-Dec",0.5,50,228,163,315,7.3,0.4,304,568,130,1580,1560,252,354,1860,670,820,690,1720,1210,998,835,1660,0,1760,0,0,25,0.3,2.3,108,4.6,1000,1070,176,253,233,216,165,236,313,262,275,258,255,187,259,258,247,218,208,171,148,164,179,190,157,173,170,139
"05-Dec",0.4,55,40,172,380,7.9,0.4,304,560,130,1610,1540,280,420,1850,667,758,736,1910,1160,990,930,1700,0,1770,0,0,25,0.3,2.3,103,4.3,1100,1140,184,253,240,224,168,230,293,263,287,264,255,195,265,255,252,219,200,166,134,159,183,193,165,165,171,146
"06-Dec",0.2,56,18,168,400,7.6,0.4,304,550,132,1610,1510,270,386,1910,680,683,706,2060,1100,899,970,1750,0,1750,0,0,26,0.3,2.3,132,4.3,1110,1130,190,252,238,226,169,224,288,257,285,289,255,234,269,232,250,217,197,165,134,162,190,190,171,154,168,155
"07-Dec",0.3,57,19,185,390,7,0.4,306,536,137,1590,1500,266,364,1900,686,698,694,2000,990,856,950,1750,0,1710,0,0,28,0.3,2.3,189,4.3,1150,1060,187,253,237,219,167,228,285,256,286,284,255,236,268,232,245,196,198,180,133,173,189,189,173,156,163,141
"08-Dec",0.4,57,28,195,377,9.3,0.4,306,522,150,1580,1500,263,375,1890,715,671,678,1850,1000,780,940,1760,0,1710,0,0,30,0.3,2.4,292,4.1,1210,990,185,257,245,221,169,233,281,256,298,280,255,232,265,231,240,211,187,184,137,180,186,188,167,165,170,144
"09-Dec",0.6,55,22,198,316,7.9,0.4,306,508,158,1550,1470,260,358,1890,926,729,674,1530,1010,907,930,1750,0,1760,0,0,25,0.3,2.3,242,4.9,1190,996,176,259,259,218,167,226,279,252,292,277,255,231,260,244,235,243,195,185,154,173,186,189,170,161,178,146
"10-Dec",0.8,53,22,224,321,9,0.4,308,532,180,1490,1480,256,333,1880,1250,727,706,1440,1000,801,815,1730,0,1720,0,0,23,0.3,2.3,184,4.9,1140,1050,165,244,260,222,166,228,277,249,291,274,255,225,258,240,234,236,196,190,151,168,183,189,169,159,188,143
"11-Dec",0.7,63,22,266,360,14,0.4,308,550,175,1430,1480,260,308,1890,1140,762,702,1420,975,872,935,1710,0,1690,0,0,25,0.3,2.3,172,4.9,1070,1180,162,242,257,214,166,254,296,254,296,271,254,216,258,236,233,237,203,185,142,165,181,192,179,153,178,145
"12-Dec",0.9,65,23,258,381,10,0.4,308,532,170,1470,1480,238,291,1890,1150,673,694,1460,980,815,855,1720,0,1640,0,0,30,0.37,2.3,164,4.6,1040,1250,166,248,236,212,173,263,336,254,291,277,253,201,259,236,232,239,227,178,140,166,181,191,182,155,172,156
"13-Dec",1,59,22,272,365,11,0.4,308,532,168,1430,1470,249,302,1890,1030,618,718,1560,1030,699,885,1690,0,1680,0,0,27,0.34,2.3,159,5.2,1000,1300,157,242,246,202,190,267,314,251,280,277,253,201,263,237,234,237,229,178,146,167,187,185,183,151,169,157
"14-Dec",2.2,53,22,284,337,28,0.4,308,536,175,1280,1400,270,315,1910,859,584,702,1540,1080,824,935,1670,0,1650,0,0,21,0.3,2.5,157,6.3,1120,1400,168,238,217,212,196,283,301,252,272,276,253,207,262,228,235,234,212,179,147,165,185,207,178,156,168,159
"15-Dec",4,51,22,278,365,36,0.4,308,592,180,1170,1390,277,300,1930,660,641,694,1640,1030,901,935,1690,0,1680,0,0,17,0.3,2.5,159,7.8,1160,1610,180,235,211,234,204,288,297,259,272,272,252,198,260,231,241,232,213,181,144,161,183,193,179,160,168,167
"16-Dec",5,48,23,300,365,40,0.4,308,669,185,1180,1390,280,350,1930,655,692,702,1750,980,856,785,1710,0,1730,0,0,14,0.3,2.5,159,6.5,1270,1550,174,232,206,243,210,257,293,278,276,277,252,204,256,228,233,232,214,159,144,153,179,192,179,162,167,167
"17-Dec",7.9,50,56,294,377,46,0.4,308,672,185,1390,1410,270,340,1950,660,630,685,1800,885,822,805,1680,0,1760,0,0,10,0.3,2.6,159,4.9,1230,1530,173,223,238,235,217,261,296,271,280,273,253,198,254,229,228,231,207,159,143,160,181,190,179,171,161,170
"18-Dec",9,57,46,268,405,69,0.4,306,658,192,1470,1470,270,252,1950,695,599,694,1780,835,829,805,1620,0,1490,0,0,10,0.3,2.8,153,4.3,1230,1530,177,226,280,234,226,255,302,266,275,270,253,209,254,235,227,235,183,174,143,170,179,188,182,178,170,165
"19-Dec",14,51,33,288,415,76,0.4,306,620,198,1250,1470,274,238,1910,685,617,802,1900,820,828,760,1680,0,856,0,0,11,0.3,2.7,147,3.6,1200,1450,181,231,278,233,213,253,314,256,275,264,252,211,254,234,227,228,183,177,145,171,183,189,180,186,166,162
"20-Dec",15,50,27,314,442,75,0.4,304,560,200,1020,1500,305,266,1830,712,600,798,1940,870,789,870,1620,0,892,0,0,12,0.33,2.7,155,3.4,1170,1350,180,231,269,226,206,240,329,250,270,258,251,212,256,234,220,258,217,181,143,177,188,190,181,164,168,177
"21-Dec",10,53,26,306,452,82,0.4,304,606,210,953,1500,322,263,1860,708,795,810,1690,805,768,935,1580,0,784,0,0,13,0.41,2.7,153,2.5,1160,1300,166,240,279,224,201,238,319,245,269,254,251,228,259,239,219,244,198,185,148,179,184,187,173,166,170,169
"22-Dec",7,50,25,203,522,86,0.4,302,620,210,900,1540,336,280,1740,685,972,690,1350,905,818,805,1650,0,461,0,0,13,0.36,2.8,141,2.5,971,1250,174,246,264,218,201,235,323,236,269,245,250,230,257,230,219,233,203,183,157,185,182,185,178,171,170,169
"23-Dec",7,50,23,104,541,99,0.4,300,630,210,928,1580,336,358,1810,712,843,686,1390,885,772,855,1630,0,0,0,0,13,0.34,2.8,134,2.5,633,1280,181,247,266,216,202,232,318,233,270,248,249,228,259,234,216,228,202,188,151,182,181,186,182,171,175,174
"24-Dec",14,63,24,256,532,57,0.4,298,652,208,918,1530,333,386,1880,705,723,562,1350,915,752,885,1680,0,0,0,0,12,0.3,2.7,130,2.5,738,1300,182,253,256,216,200,252,307,235,266,252,249,216,258,233,217,226,206,184,150,179,182,181,177,177,175,171
"25-Dec",40,65,26,336,498,38,0.4,296,655,210,928,1500,344,438,1930,713,665,554,1330,975,829,800,1620,0,0,0,0,13,0.35,2.7,126,2.3,1100,1220,180,250,242,223,193,258,312,240,267,253,249,214,261,233,223,225,203,187,150,178,182,177,175,175,172,163
"26-Dec",24,59,27,343,488,43,0.4,292,641,210,894,1510,344,448,1910,657,666,558,1310,970,857,850,1630,0,0,0,0,13,0.41,2.8,124,2.3,1140,1100,185,249,206,217,187,255,318,241,269,251,248,217,262,233,225,225,205,183,149,177,182,177,171,181,174,171
"27-Dec",20,57,30,443,492,40,0.4,288,683,210,883,1480,333,448,1910,592,698,534,1190,865,901,890,1640,0,0,0,0,13,0.47,2.7,123,2.5,1160,1070,212,247,225,210,185,252,316,242,270,253,248,220,261,232,225,228,208,174,154,179,180,177,170,177,178,172
"28-Dec",21,61,30,495,517,49,0.4,286,725,210,872,1350,330,456,1930,579,726,758,1360,840,1130,865,1650,0,0,0,0,13,0.4,2.8,139,2.5,1190,1020,213,240,258,209,182,249,307,246,269,252,249,223,259,233,224,229,211,174,151,177,180,183,169,174,171,166
"29-Dec",21,61,30,286,539,68,0.4,284,832,210,862,1260,336,473,1920,572,732,814,1400,875,1190,850,1640,0,0,0,0,12,0.37,2.8,141,2.5,1210,1080,213,234,254,211,179,240,310,250,268,250,249,224,254,232,226,229,215,174,155,182,184,182,173,181,167,176
"30-Dec",17,69,31,230,509,69,0.4,282,760,212,852,1270,350,487,1910,624,794,750,1310,890,1330,1010,1610,0,0,0,0,12,0.33,2.7,126,2.6,1090,1300,215,234,262,217,185,249,305,244,269,250,248,224,258,232,231,229,215,179,158,195,195,173,173,193,167,181
"31-Dec",13,71,30,176,513,85,0.4,280,718,208,834,1340,347,484,1910,592,766,710,1180,915,1410,962,1730,0,0,0,0,13,0.33,2.9,119,2.7,1020,1400,214,234,267,232,191,243,300,248,274,249,248,219,244,233,239,229,216,163,163,189,199,173,173,191,165,182
