"day","1950","1951","1952","1953","1954","1955","1956","1957","1958","1959","1960","1961","1962","1963","1964","1965","1966","1967","1968","1969","1970","1971","1972","1973","1974","1975","1976","1977","1978","1979","1980","1981","1982","1983","1984","1985","1986","1987","1988","1989","1990","1991","1992","1993","1994","1995","1996","1997","1998","1999","2000","2001","2002","2003","2004","2005","2006","2007","2008","2009","2010"
"01-Jan",100,140,500,199,400,240,260,65,320,240,200,130,80,440,141,225,420,420,150,211,145,150,668,361,447,155,200,7.8,418,105,420,125,189,390,250,253,721,719,161,54,98,66,220,120,450,370,549,430,420,540,450,630,540,330,145,710,990,326,347,670,876
"02-Jan",100,150,440,202,400,250,250,60,350,230,210,125,80,440,150,205,480,415,150,225,160,150,647,360,440,155,200,7.8,415,105,420,115,132,370,260,273,722,649,190,53,98,68,220,105,600,350,549,430,410,520,450,640,600,340,150,700,990,347,349,560,871
"03-Jan",100,140,520,188,400,240,240,75,340,240,170,135,81,440,148,200,420,380,145,235,170,150,630,358,430,155,200,7.8,415,105,420,105,132,350,265,263,714,687,190,47,98,70,220,110,590,340,466,430,410,500,450,650,640,340,150,690,990,381,359,510,863
"04-Jan",100,140,460,184,400,250,240,70,340,260,160,140,83,430,147,220,500,380,155,233,170,145,623,355,400,154,210,7.8,415,105,410,105,219,350,278,276,707,750,190,42,99,76,225,110,580,320,428,430,400,500,450,650,650,340,150,680,990,413,394,500,859
"05-Jan",75,150,520,181,400,280,250,50,250,260,220,140,75,430,139,215,520,360,160,227,173,145,619,351,390,155,210,7.8,415,105,410,100,299,355,288,279,692,741,180,50,99,80,230,120,570,300,431,400,390,500,440,650,640,350,145,665,980,430,426,495,859
"06-Jan",80,150,440,158,380,270,230,55,250,260,240,140,60,410,136,205,500,350,145,226,174,145,637,349,376,155,215,7.8,415,105,410,100,251,360,282,261,680,732,190,52,99,82,230,140,570,200,440,350,390,490,440,650,620,350,145,655,990,435,452,555,836
"07-Jan",85,160,540,191,390,270,210,70,210,270,270,140,75,420,138,220,460,375,150,220,180,145,662,347,374,156,215,7.8,425,105,330,100,219,350,280,258,666,646,190,54,100,84,215,200,560,175,500,370,390,490,440,650,587,350,145,650,980,425,448,607,827
"08-Jan",80,160,460,186,400,270,250,60,260,300,260,130,75,410,150,200,460,400,150,200,175,145,649,346,377,145,220,7.8,437,105,330,100,229,350,252,231,683,604,190,51,100,86,200,190,560,155,531,400,400,500,430,650,627,350,145,650,960,401,398,672,829
"09-Jan",90,170,540,176,400,270,260,50,330,310,240,125,70,390,145,160,500,425,140,175,170,145,635,345,391,141,225,7.8,367,105,410,95,210,345,240,231,694,592,190,31,102,88,190,160,560,165,466,430,390,500,430,650,640,350,140,650,895,376,388,755,851
"10-Jan",85,150,460,169,350,270,280,60,350,300,250,150,65,300,113,215,500,435,130,150,165,145,620,345,393,140,225,7.8,469,105,410,90,190,330,215,261,691,549,190,43,104,88,180,130,560,265,353,430,380,500,430,670,625,330,125,645,860,365,378,790,879
"11-Jan",90,150,520,171,420,270,280,75,350,290,240,170,80,300,150,230,500,440,125,175,165,145,611,350,410,130,230,7.8,480,105,410,85,202,290,205,244,687,590,180,50,105,90,170,145,560,475,580,390,380,500,430,700,607,310,120,630,890,354,370,790,894
"12-Jan",85,150,540,169,420,260,280,75,350,290,240,160,90,300,150,225,520,420,125,219,170,145,615,350,420,130,235,7.8,500,105,330,85,222,230,235,243,685,670,132,56,106,90,160,150,560,515,443,370,380,500,420,730,600,350,120,630,920,349,369,783,898
"13-Jan",95,140,460,161,430,200,270,100,350,280,240,165,95,340,150,210,500,400,125,223,170,145,600,350,437,130,240,7.8,500,105,410,95,335,300,265,260,678,689,100,61,107,90,150,160,550,520,472,400,390,510,420,700,595,350,120,620,860,349,380,764,900
"14-Jan",85,160,520,156,430,260,270,115,350,250,240,140,95,360,148,215,480,380,125,226,171,140,600,345,468,240,245,7.8,470,105,470,95,465,322,272,269,675,675,105,64,108,92,140,160,550,490,469,440,400,520,410,700,592,350,125,600,830,361,405,760,898
"15-Jan",80,170,520,158,410,260,250,130,340,220,230,145,90,360,148,200,480,360,130,226,168,130,590,345,483,250,250,7.8,450,105,450,95,358,298,270,241,669,584,110,67,109,92,130,150,550,465,428,480,400,540,410,700,610,340,130,585,850,389,411,766,885
"16-Jan",80,150,540,153,390,260,190,125,340,220,240,160,85,340,143,185,460,375,140,221,157,130,590,344,483,245,255,7.8,440,105,310,90,278,315,265,258,671,467,115,77,110,96,125,150,540,460,456,440,400,560,400,700,620,320,140,580,860,418,407,771,867
"17-Jan",95,150,540,178,380,260,250,130,330,250,250,160,80,320,148,205,440,380,140,228,158,130,590,342,465,240,260,7.5,430,105,260,95,254,325,265,267,673,603,110,81,111,98,120,150,540,460,431,420,400,600,400,700,610,300,140,580,790,423,401,780,855
"18-Jan",95,150,560,179,370,270,260,130,330,260,250,155,85,280,150,205,440,390,140,223,165,125,580,340,448,235,265,7.5,420,105,420,95,254,328,260,254,675,632,110,82,120,96,120,160,540,455,422,420,400,630,400,670,594,290,140,575,780,427,398,783,861
"19-Jan",85,150,480,125,360,260,250,140,330,250,220,150,90,260,152,200,460,395,145,217,160,122,580,335,388,232,270,7.5,410,105,410,95,237,325,270,227,678,639,110,80,130,90,125,170,540,440,198,470,400,660,400,650,571,290,135,555,840,434,392,780,876
"20-Jan",80,150,560,92,350,260,240,145,310,260,230,145,95,240,158,190,460,400,145,217,155,118,580,330,367,230,270,7.5,391,105,410,105,225,330,270,216,678,607,120,85,140,82,130,160,560,450,416,500,410,680,400,640,585,290,135,545,830,456,387,775,884
"21-Jan",75,150,580,148,350,260,240,145,280,260,240,140,90,240,166,185,420,395,145,219,148,128,580,335,387,220,265,7.5,320,105,420,115,225,330,258,282,682,594,143,76,150,78,135,180,560,435,531,520,410,700,395,640,575,290,130,540,800,462,384,773,886
"22-Jan",85,160,580,167,350,240,240,140,310,260,240,170,90,250,154,185,420,390,145,218,142,126,570,340,421,218,260,7.5,320,105,420,116,232,338,260,271,648,518,161,79,160,76,140,215,580,400,510,530,420,740,395,640,550,290,115,540,780,459,380,784,876
"23-Jan",80,170,560,164,350,220,240,110,300,260,240,170,90,250,138,185,500,380,145,237,163,120,570,340,454,214,260,7.5,320,105,330,120,210,330,260,276,650,446,146,83,170,76,150,250,590,365,500,530,440,760,395,630,510,300,105,550,760,452,378,794,857
"24-Jan",80,160,580,169,350,260,250,125,300,260,250,160,90,250,119,200,520,375,130,218,179,110,570,340,487,208,260,7.8,320,105,420,120,161,325,258,314,676,507,132,82,169,74,170,250,600,380,517,530,460,800,395,630,470,320,95,560,820,400,377,800,830
"25-Jan",80,170,520,166,350,220,250,125,330,260,250,150,95,240,147,195,560,380,130,182,170,110,560,370,522,200,265,8,310,103,420,120,184,292,282,309,688,630,123,81,169,74,185,245,590,400,524,530,470,810,390,630,490,320,94,560,845,360,376,815,772
"26-Jan",85,170,580,152,350,200,250,135,350,260,230,190,95,220,154,170,600,380,140,182,147,110,560,378,539,200,270,10,300,103,420,120,206,300,288,285,666,638,108,81,169,74,205,300,580,420,538,530,470,820,390,630,495,320,94,565,830,330,374,830,743
"27-Jan",85,150,580,127,340,200,250,140,310,260,240,200,90,200,184,160,620,380,130,196,135,110,560,380,533,200,270,14,300,102,440,115,215,320,262,285,597,604,138,93,169,74,215,290,570,430,603,530,470,840,390,630,500,320,94,570,820,337,366,820,766
"28-Jan",90,150,540,169,340,220,250,150,310,260,240,190,90,200,172,170,600,385,115,262,136,110,550,370,529,200,275,14,300,100,470,110,215,330,282,323,648,556,157,106,169,74,230,280,560,425,628,530,470,830,390,630,513,320,93,570,815,345,353,812,804
"29-Jan",90,160,540,172,340,220,240,145,330,250,220,185,90,200,184,170,600,395,125,288,122,110,550,370,541,198,280,14,340,100,460,105,214,328,300,314,669,555,162,121,150,76,220,278,540,420,640,530,460,820,390,630,528,340,93,580,810,355,343,805,827
"30-Jan",110,170,520,174,340,200,230,130,320,240,240,180,85,200,174,165,580,390,110,262,114,110,540,367,532,196,290,14,360,100,450,100,212,320,300,299,672,557,182,128,120,78,210,275,540,400,625,550,450,810,390,630,549,345,92,590,804,365,329,792,829
"31-Jan",100,170,560,178,340,200,230,160,290,240,250,185,80,220,184,220,580,395,125,265,126,110,530,365,480,194,300,14,360,100,450,100,200,315,300,297,673,593,200,117,110,80,210,270,520,430,689,600,450,800,390,630,568,350,92,600,820,376,313,738,829
"01-Feb",110,170,560,161,350,200,230,145,280,260,240,185,90,200,192,180,540,380,125,265,125,110,520,364,486,192,300,14,360,100,440,95,200,295,310,280,686,646,220,163,107,84,210,300,510,475,736,600,450,750,390,630,572,350,92,615,815,362,308,680,833
"02-Feb",115,160,600,155,350,180,230,140,280,260,240,180,92,200,176,165,510,380,120,265,125,110,522,363,490,192,300,14,360,100,440,90,198,285,305,316,686,643,247,153,107,90,210,290,520,475,748,610,450,720,385,630,529,350,92,625,760,348,312,662,837
"03-Feb",102,160,540,164,350,180,230,135,280,250,240,180,94,220,168,185,500,380,120,260,134,110,510,360,490,198,290,14,360,100,430,110,188,280,298,316,687,659,282,207,107,94,210,260,520,475,759,610,460,700,385,630,499,350,92,635,690,343,322,654,839
"04-Feb",110,150,560,208,340,180,230,125,300,240,240,185,95,220,172,195,480,380,125,270,159,135,492,358,480,220,290,14,360,100,430,130,185,290,292,320,683,711,233,215,120,98,220,250,520,440,720,610,450,670,380,630,435,310,92,635,640,344,344,657,851
"05-Feb",130,140,560,228,330,180,230,135,310,250,240,175,90,220,174,185,460,370,120,280,160,150,482,357,480,260,285,14,360,100,430,125,190,320,210,320,682,702,139,220,130,100,220,248,520,415,660,610,440,660,380,630,509,290,92,635,690,348,361,654,855
"06-Feb",160,140,560,241,330,180,230,135,290,250,240,160,80,220,172,205,460,355,125,270,163,140,477,355,470,260,285,14,360,102,430,120,188,300,145,318,679,710,143,215,140,100,230,245,530,400,610,610,440,660,380,620,574,335,120,630,770,348,370,678,838
"07-Feb",140,150,560,249,330,180,230,120,280,270,230,180,90,240,143,205,460,340,125,280,157,137,475,352,460,260,280,14,360,105,430,115,198,300,242,300,680,717,200,182,150,100,235,244,540,410,550,610,460,650,380,600,610,340,130,620,790,345,371,747,816
"08-Feb",130,140,580,238,330,180,230,120,300,270,230,170,95,240,160,185,440,340,125,310,149,136,477,350,450,260,280,15,360,105,430,115,200,312,285,304,673,715,260,165,160,100,220,243,540,450,500,610,480,640,380,580,608,330,135,620,800,345,366,745,795
"09-Feb",150,130,580,219,340,180,230,80,300,270,210,155,100,240,196,205,420,345,120,350,153,135,454,349,440,260,280,15,355,105,420,120,200,328,292,315,671,698,250,140,170,98,215,242,540,560,460,610,490,620,380,580,607,320,135,625,810,344,362,740,772
"10-Feb",140,140,600,147,360,160,230,60,310,260,200,160,100,240,192,200,400,345,120,380,151,135,466,345,430,260,280,17,344,105,420,135,218,330,298,311,667,724,245,140,180,96,210,240,550,580,435,610,500,620,380,580,545,320,135,635,800,343,360,682,757
"11-Feb",140,160,560,195,350,160,230,60,300,250,210,160,100,200,176,180,380,350,130,380,165,135,493,345,428,260,280,18,338,108,410,140,230,335,302,295,670,722,240,110,190,94,210,239,560,440,421,610,500,620,380,630,594,320,140,645,790,344,364,628,746
"12-Feb",160,150,560,208,330,200,230,65,290,260,220,165,100,240,182,190,440,350,135,378,206,120,475,349,441,260,280,20,324,110,400,140,242,340,300,297,671,730,240,110,188,92,210,238,570,425,359,615,490,600,380,630,620,320,140,650,780,345,368,692,746
"13-Feb",160,150,600,210,325,200,220,65,290,250,230,160,100,260,190,165,440,360,120,367,220,110,494,348,437,260,280,20,316,112,400,145,240,340,310,304,675,731,244,100,185,90,210,237,580,470,389,650,500,600,380,620,650,320,140,650,790,345,367,771,744
"14-Feb",140,130,540,210,310,200,210,60,280,260,240,155,105,240,182,190,440,360,125,363,220,120,491,340,453,260,280,20,308,105,390,150,240,338,320,330,670,703,248,102,180,90,210,235,600,485,456,680,500,600,380,620,676,330,145,650,770,350,366,802,744
"15-Feb",140,140,560,193,310,200,210,60,250,240,250,155,110,280,184,185,440,350,125,370,214,120,476,336,489,260,280,20,294,100,390,150,235,332,330,296,673,698,252,114,178,90,210,225,600,495,440,700,500,600,380,600,665,330,160,650,750,390,368,799,744
"16-Feb",140,120,540,140,310,200,220,65,240,230,270,150,105,280,176,200,440,340,125,371,208,120,456,350,501,258,290,20,283,100,390,150,245,330,360,300,677,688,256,117,175,90,210,215,600,420,427,720,510,600,380,600,650,340,180,650,720,435,369,802,755
"17-Feb",150,120,540,138,330,200,220,60,240,220,270,155,100,280,178,195,440,350,120,369,231,120,458,383,497,258,300,20,281,100,390,150,260,325,360,309,669,691,260,116,170,90,210,215,600,345,446,750,520,600,375,600,668,340,180,645,690,445,361,796,770
"18-Feb",140,120,540,184,350,200,220,65,240,210,280,140,100,260,192,205,420,360,125,374,214,120,427,409,502,258,320,20,281,100,380,150,290,320,370,307,663,659,259,156,170,90,230,215,600,340,450,780,540,600,375,600,700,340,185,640,670,452,352,781,834
"19-Feb",150,120,540,193,360,160,220,65,240,220,250,155,100,240,178,205,420,370,150,431,200,130,415,394,500,258,330,20,320,100,390,150,279,325,380,299,662,676,257,186,170,90,240,210,600,340,450,800,600,600,380,600,707,340,185,640,710,442,348,762,934
"20-Feb",140,110,540,186,360,160,220,70,240,240,270,190,100,220,147,200,440,380,160,541,209,140,447,393,500,258,360,20,330,100,410,154,225,330,385,325,663,666,254,180,180,90,250,210,600,345,450,800,700,600,380,600,667,330,190,640,734,430,348,727,1040
"21-Feb",140,120,480,169,360,200,210,90,250,250,270,190,100,220,132,185,460,395,175,603,207,130,458,360,530,256,380,20,330,100,420,220,299,320,405,344,661,655,223,179,190,92,250,220,610,345,450,820,850,590,390,600,563,310,195,640,734,400,350,684,1100
"22-Feb",140,140,480,179,360,200,210,140,240,240,260,200,105,240,145,160,460,390,175,581,212,120,450,360,550,256,380,20,330,100,420,215,312,322,415,328,651,653,270,176,200,94,250,230,620,350,460,840,1250,590,410,600,537,300,195,640,734,350,355,681,1130
"23-Feb",150,140,480,167,370,220,220,150,250,230,260,220,110,260,130,165,380,380,175,580,195,125,458,380,560,256,390,20,330,100,420,210,314,332,425,317,613,653,280,161,198,96,245,240,625,420,460,860,1560,600,450,600,528,300,195,620,721,329,357,687,1150
"24-Feb",150,150,460,202,380,200,220,145,250,230,270,220,115,240,110,155,400,375,175,550,184,130,449,365,560,255,410,20,330,100,420,205,315,335,430,309,622,650,290,165,190,100,240,240,620,510,460,880,1650,620,550,590,528,300,190,605,614,327,358,684,1170
"25-Feb",120,170,500,200,390,180,210,185,280,230,270,210,120,220,143,155,460,370,175,550,174,140,446,350,550,255,480,20,330,100,420,200,340,340,450,324,628,655,300,176,180,105,235,240,610,525,460,900,1500,640,650,580,440,300,190,605,486,328,354,667,1180
"26-Feb",90,190,480,212,390,180,220,190,340,240,270,230,125,220,134,170,440,365,175,520,166,160,452,350,540,255,580,20,320,100,420,200,351,345,465,315,628,670,323,185,189,115,240,240,600,520,450,900,2250,660,800,580,400,300,190,605,475,331,350,635,1180
"27-Feb",85,200,480,195,400,180,200,220,390,240,270,235,120,200,134,175,440,360,175,500,162,190,493,350,540,255,650,20,288,100,450,200,355,370,480,300,642,697,345,152,198,125,245,240,600,510,450,900,2780,700,1000,580,410,300,210,610,515,370,350,622,1190
"28-Feb",85,230,460,204,410,180,170,240,450,240,280,235,125,180,125,170,420,355,175,500,155,190,529,350,530,255,660,20,290,120,450,200,355,385,495,317,638,718,358,170,200,130,255,240,590,470,440,900,2490,740,1300,580,440,300,240,605,538,425,352,624,1200
"29-Feb",NA,NA,480,NA,NA,NA,90,NA,NA,NA,270,NA,NA,NA,101,NA,NA,NA,170,NA,NA,NA,532,NA,NA,NA,650,NA,NA,NA,450,NA,NA,NA,498,NA,NA,NA,360,NA,NA,NA,260,NA,NA,NA,420,NA,NA,NA,1500,NA,NA,NA,260,NA,NA,NA,353,NA,NA
"01-Mar",110,260,440,163,420,180,80,250,470,240,270,235,130,190,104,190,420,370,175,510,160,210,534,361,515,255,640,20,330,160,450,205,352,410,500,327,647,711,366,170,210,130,280,250,600,445,560,900,2150,740,1700,580,470,290,265,600,588,440,353,631,1220
"02-Mar",130,250,480,186,440,180,80,260,430,240,270,235,120,220,108,220,440,380,175,550,165,205,564,395,528,255,630,20,372,180,450,210,350,440,495,333,655,647,357,167,220,130,300,270,600,440,470,900,2000,760,2000,580,510,290,265,645,648,435,350,640,1270
"03-Mar",140,230,440,147,430,180,100,210,470,240,270,255,135,250,103,230,460,375,180,580,200,200,562,408,529,250,610,20,379,230,460,205,359,460,485,382,663,576,341,198,230,120,350,290,610,490,470,900,1810,780,2100,600,540,290,265,725,828,440,352,660,1375
"04-Mar",140,200,460,238,420,180,210,225,530,220,260,260,145,240,94,220,460,380,180,580,174,195,558,406,521,250,600,20,402,240,460,205,370,510,490,413,687,800,338,210,240,125,400,300,620,620,660,900,1640,800,1900,650,565,290,265,770,950,435,348,707,1510
"05-Mar",140,170,420,210,480,180,260,235,540,240,270,295,150,220,107,230,320,380,175,575,175,190,530,399,517,250,580,20,464,250,430,205,365,580,510,395,726,853,372,219,250,130,500,325,620,800,928,900,1450,840,1650,780,590,290,270,795,1100,435,343,747,1580
"06-Mar",160,130,460,178,470,180,280,215,570,240,270,315,150,240,98,215,300,375,175,564,255,210,541,420,525,250,450,20,484,250,440,205,367,600,480,449,743,1120,443,210,260,135,700,350,640,950,975,900,1300,900,1640,950,630,290,270,880,1150,450,340,795,1605
"07-Mar",180,180,450,178,460,180,280,210,580,230,270,325,155,270,98,210,340,370,170,562,272,250,551,462,514,250,450,25,481,250,460,205,367,600,440,483,740,1330,538,204,270,140,1100,385,660,990,1000,900,1160,1000,1580,1150,680,290,270,950,1200,467,341,827,1605
"08-Mar",200,210,450,183,450,200,290,215,560,260,280,325,170,290,101,215,400,365,180,540,275,240,540,504,517,250,460,30,468,250,470,205,376,260,448,485,730,1610,627,211,289,150,1900,420,670,1000,1030,900,1040,1150,1610,1300,730,290,270,985,1250,496,345,870,1605
"09-Mar",240,210,450,186,440,200,350,240,550,260,270,325,175,280,110,220,440,410,190,517,259,205,552,622,546,250,470,45,448,250,510,205,323,260,445,494,756,1380,650,211,315,160,1600,480,700,1050,1060,900,970,1300,2410,1420,780,290,270,1040,1300,580,350,920.5,1635
"10-Mar",270,200,450,163,450,200,330,255,530,260,260,330,185,280,113,230,500,425,250,520,239,180,600,818,586,250,480,42,459,260,540,205,345,405,450,526,784,1150,701,229,335,175,985,410,750,1050,1100,900,940,1400,2330,1500,840,290,270,1070,1350,685.5,390,970.5,1690
"11-Mar",230,180,430,252,460,220,250,260,500,270,260,330,195,270,126,230,600,410,340,494,191,164,600,890,613,250,490,50,438,270,540,205,373,645,442,600,804,1600,758,243,361,190,909,340,800,1100,1120,900,980,1500,1890,1550,940,290,270,1060,1400,812,529,1020,1905
"12-Mar",180,160,450,294,460,300,230,260,480,280,240,330,210,240,139,225,800,410,360,487,205,180,588,890,690,250,540,80,445,270,540,210,366,800,435,703,828,1010,657,295,456,200,998,325,850,1100,1200,900,1050,1400,1590,1600,1050,290,280,1060,1420,1025,565,1095,2335
"13-Mar",160,130,450,284,440,370,240,260,500,290,230,325,230,200,178,220,1500,425,360,509,247,214,604,1080,770,255,470,80,459,250,530,250,383,880,430,821,866,772,483,337,491,210,755,320,950,1300,1320,900,1150,1300,1410,1600,1150,290,300,1070,1400,1255,584,1175,3360
"14-Mar",140,150,420,291,430,400,260,245,490,300,240,325,240,230,221,225,2500,435,350,504,279,308,656,1040,890,260,480,110,449,250,520,290,383,800,430,1030,904,690,425,377,570,240,547,315,1000,1900,1520,910,1220,1350,1310,1550,1100,320,305,1100,1350,1505,594,1260,5580
"15-Mar",150,170,420,284,420,400,250,90,460,310,250,325,250,270,234,230,3500,460,330,466,282,510,812,1180,950,275,490,170,440,240,530,290,410,720,435,1390,949,580,465,383,640,260,408,325,1100,3400,2000,910,1300,1380,1200,1500,1100,380,305,1120,1300,1810,623,1380,7625
"16-Mar",140,170,420,252,420,380,250,60,400,320,250,320,260,270,243,235,4200,460,310,483,283,639,1110,1200,750,300,500,160,434,240,550,275,425,700,430,1870,1040,590,508,374,720,280,392,340,1050,5200,2620,910,1300,1500,1100,1450,1140,505,315,1120,1280,2060,673,1525,7600
"17-Mar",120,180,430,298,470,350,260,150,390,330,250,315,270,290,246,245,4500,415,380,498,280,755,1840,1110,580,325,550,140,437,260,600,260,475,564,440,2310,1120,616,527,371,800,290,409,340,1000,6200,3400,920,1300,1810,1070,1350,1170,700,330,1130,1250,2315,739,1775,7165
"18-Mar",140,170,470,391,520,320,260,210,390,340,260,315,275,300,221,210,4530,420,480,509,247,874,2780,979,690,370,600,85,457,270,630,240,535,556,470,2520,1160,641,464,402,880,300,434,335,1100,5570,4000,930,1380,1910,1060,1280,1160,770,350,1160,1200,2620,805.5,2220,6910
"19-Mar",130,170,490,472,480,220,260,220,410,350,250,315,270,350,234,115,4060,430,500,503,246,872,3310,902,780,380,690,65,473,280,610,210,600,564,495,2550,1190,698,427,435,850,320,381,330,1300,4940,4640,950,1420,1900,1040,1250,1030,770,390,1220,1180,2715,852.5,2890,6905
"20-Mar",140,170,510,703,480,260,230,260,450,360,240,310,260,370,221,195,3160,440,460,491,248,781,3280,819,710,400,850,55,480,270,550,224,680,568,500,2430,1220,725,447,476,800,360,339,410,1500,4470,4490,950,1280,1840,1040,1250,930,765,480,1250,1150,2765,894,3835,6700
"21-Mar",110,190,520,1140,620,260,240,350,420,340,250,300,265,380,238,260,2270,460,330,477,258,756,2960,774,610,420,1080,45,600,250,570,240,690,564,495,2170,1230,745,448,531,740,400,356,410,2000,3820,4100,950,1310,1600,1030,1250,850,830,530,1270,1150,2915,923,5035,6350
"22-Mar",130,210,510,1300,745,260,280,700,410,320,230,295,270,420,250,280,2120,460,400,480,274,626,2710,777,530,440,1180,45,750,360,670,232,675,548,500,1430,1330,749,480,569,640,440,396,410,3000,2900,3200,950,1340,1470,1000,1280,810,980,570,1270,1120,3175,949,6825,6030
"23-Mar",140,210,460,1460,822,280,310,1400,400,330,270,296,300,500,262,280,1840,490,375,529,260,549,1960,788,360,470,1430,40,1000,360,720,232,642,536,560,1000,1450,821,518,581,560,450,400,500,4900,2170,2700,950,1280,1370,1010,1320,760,1030,590,1350,1150,3505,965.5,8735,5665
"24-Mar",190,220,470,1260,861,260,310,1700,410,360,250,302,340,700,262,260,1340,550,465,559,253,531,1310,891,300,500,1780,45,1530,400,740,229,650,511,780,1210,1570,982,633,592,520,460,407,675,4700,2460,2300,950,1200,1260,937,1320,690,847,600,1530,1200,3500,979,12950,5180
"25-Mar",210,240,500,1010,870,220,310,1400,490,360,260,296,360,800,223,240,1480,750,450,585,279,497,1110,891,300,490,2190,65,2000,450,770,218,660,500,1550,1540,1740,1570,753,604,500,520,428,820,4500,2670,2000,980,1150,1240,852,1300,571,694,600,1700,1260,3110,1010,11720,4595
"26-Mar",360,260,500,976,750,260,310,1050,530,360,280,290,360,730,243,245,1660,1250,325,581,322,449,1250,906,310,480,2650,143,2600,480,830,208,692,493,3000,1470,2470,1700,662,649,495,600,410,1100,4300,2850,1830,980,1180,1170,877,1250,524,673,575,1900,1350,3455,1050,10180,4155
"27-Mar",880,290,490,944,750,220,300,774,490,360,320,281,340,700,255,245,1630,1650,281,586,351,429,1360,906,320,460,2280,250,3560,520,910,221,710,479,4150,1520,3580,1350,855,714,460,640,368,1450,4200,3700,1500,980,1180,1100,848,1200,525,648,588,2160,1430,3750,1100,8575,3860
"28-Mar",1340,360,500,960,850,240,310,569,520,380,410,216,340,700,229,250,1450,1680,275,500,308,424,1320,921,330,450,1690,218,4800,560,1050,218,760,465,4500,1570,5060,998,693,870,451,680,360,2170,4100,4450,1520,980,1080,1230,893,1140,836,609,604,2270,1570,3475,1155,7740,3815
"29-Mar",1810,500,510,988,770,280,320,573,540,400,840,355,370,750,205,230,1410,1800,309,500,322,435,1380,956,363,440,1670,185,4900,580,1360,245,890,458,3900,1550,5680,822,517,1590,445,720,353,3370,4020,4830,1570,1000,1060,1890,942,1100,1080,512,556,2320,2040,3050,1225,7435,3790
"30-Mar",2400,620,520,868,680,350,310,544,570,450,1180,287,420,750,184,210,1300,1840,322,550,292,477,1790,939,421,440,1470,179,5430,580,1900,248,1530,451,3750,1510,5820,946,474,2420,457,680,357,4890,3970,4570,1640,1100,1580,1810,857,1050,1150,455,604,2420,5180,2625,1255,7085,3720
"31-Mar",3030,700,550,779,660,550,300,504,540,540,1200,272,450,626,203,195,1250,1380,325,520,284,600,1890,899,455,430,1360,140,6190,600,2510,237,2570,455,3500,1490,4910,930,467,3080,488,623,363,5930,4170,4070,1760,1200,1660,1440,792,1050,1060,513,671,2110,8065,2680,1235,6615,3710
"01-Apr",3690,780,590,715,610,950,300,432,519,530,1070,269,420,623,210,200,1270,1110,333,540,233,650,1890,869,442,420,1270,121,5610,620,2960,251,3070,476,2990,1460,4500,831,461,3540,493,580,392,5610,4350,3440,1880,1400,1510,1340,801,1070,901,523,650,1590,8630,4540,1135,5975,3785
"02-Apr",4120,1000,610,601,580,1100,310,320,515,504,870,275,435,651,280,240,1270,960,322,520,221,555,1890,857,481,420,1220,101,5140,660,2180,237,2700,486,2540,1430,4170,802,462,4180,474,528,400,5010,4320,2990,2060,2000,1390,1300,823,1150,774,482,557,1240,7610,6505,990,5650,3855
"03-Apr",3920,1400,630,498,513,1050,380,287,533,490,810,266,450,651,490,320,1230,878,291,510,178,400,1880,844,519,420,1190,90,4680,800,1300,232,1880,492,2240,1400,3410,780,471,5940,500,496,397,4430,3960,2830,2280,3000,1550,1330,829,1270,647,425,469,1090,6535,6025,856.5,5565,3900
"04-Apr",3090,2500,680,510,624,820,420,302,504,480,780,252,470,613,740,315,1180,834,204,550,119,500,1860,825,530,420,1140,79,4400,1000,850,232,895,486,2140,1370,2650,744,461,7770,549,486,397,3750,3300,2840,2490,5800,1850,1510,829,1280,606,387,418,1060,5860,5165,874.5,5570,3920
"05-Apr",2330,4000,740,563,578,574,560,329,483,473,1100,232,530,574,770,345,1160,906,369,590,183,551,1860,793,569,480,1080,66,4820,1500,746,232,796,479,2020,1340,2490,733,478,8310,548,462,400,3110,2660,2740,2630,9000,1910,1710,809,1520,624,415,403,1010,5615,4245,915,5530,3920
"06-Apr",2250,5460,840,578,608,517,800,290,487,480,1800,232,690,686,630,430,1140,973,336,818,339,570,1850,724,570,500,953,59,4860,1450,630,227,789,469,1890,1190,2720,727,500,7860,522,421,395,2400,2430,2640,2780,10000,1790,1570,803,1850,613,487,412,962,5440,3200,1080,5435,3910
"07-Apr",2270,5960,1280,491,692,513,780,272,606,456,2200,241,830,718,542,670,1120,1000,296,1260,517,433,1850,691,576,500,754,50,4520,1360,518,224,945,458,1810,1010,2510,724,504,6830,483,403,401,1990,2450,2610,3040,9000,1670,1370,750,3600,657,514,439,949,5135,2520,1020,5410,3845
"08-Apr",1650,5550,3780,435,849,536,800,263,720,456,1700,238,930,644,463,1700,1100,1040,281,2560,1200,445,1820,698,600,520,697,54,3920,1380,590,226,1070,448,1750,973,2240,681,471,5490,415,390,373,1690,2540,2530,3380,7500,1590,1250,747,8060,744,480,487,940,4565,2670,1105,5470,3655
"09-Apr",1060,5110,5600,643,814,544,800,284,697,371,794,230,860,567,475,3100,1100,1110,304,6250,1400,709,1790,689,657,520,701,64,3320,1500,786,218,967,441,1690,872,2180,653,410,4310,399,384,408,1500,2600,2400,3820,7200,1520,1200,769,9260,724,472,454,948,3600,2660,1315,5580,3420
"10-Apr",838,4620,6170,818,1020,491,870,290,682,339,514,227,940,522,463,4300,1080,1230,372,8940,1000,794,1750,647,701,580,709,70,3990,2000,965,197,1000,434,1620,751,2220,655,410,3420,382,393,448,1460,2620,2350,4110,7000,1460,1190,776,8810,721,494,415,971,2870,2690,1270,5855,3200
"11-Apr",946,3860,6770,700,924,484,1000,284,689,355,354,235,1010,500,460,5560,1070,1170,429,8890,792,808,1780,564,730,621,697,66,4270,2800,1120,194,1090,434,1660,746,2170,665,409,2840,362,385,481,1610,2570,2330,4100,8000,1420,1170,777,8080,752,478,412,1020,2705,2710,1250,6730,3000
"12-Apr",1010,2640,7100,578,833,443,1280,207,735,358,341,263,970,546,445,4990,1060,1090,480,8590,760,772,1820,551,851,681,677,56,3980,4140,1060,197,1150,434,1810,755,2100,666,406,2440,350,361,536,1690,2520,2360,3950,8800,1380,1160,779,8110,874,452,411,1210,2820,2670,1165,8350,2855
"13-Apr",979,1700,7000,544,791,435,1680,361,806,358,652,269,1140,560,487,3910,1100,1050,522,7780,732,686,1870,551,919,1110,677,55,3450,6230,854,202,1200,438,2020,780,2070,669,406,2130,326,340,544,1680,2470,2430,3720,10000,1360,1220,779,8440,923,442,409,2010,2820,2855,1135,8175,2850
"14-Apr",830,1460,6710,517,734,435,1920,293,850,348,995,249,1450,567,535,2460,1100,1110,498,7390,672,610,1850,534,923,1750,657,100,3000,7000,806,208,1190,445,2040,820,2480,673,429,1980,334,334,493,1640,2360,2690,3580,11300,1330,1350,779,8180,807,456,409,2340,2780,3255,1145,7450,2795
"15-Apr",784,1400,6480,476,662,435,1750,281,858,329,978,205,1650,588,884,1690,1100,1290,471,7210,592,568,1840,506,892,2060,626,200,2680,6830,786,202,1210,441,1970,820,3640,672,464,1950,312,341,403,1580,2310,3000,3330,12700,1290,1380,785,7940,753,490,408,1940,2710,3525,1185,7005,2725
"16-Apr",1100,1240,6080,484,635,432,1350,299,858,326,790,125,1860,578,1350,1610,1090,1570,417,6590,460,550,1820,484,854,1600,685,300,2420,6180,758,192,1210,424,1870,824,4170,674,458,1940,310,379,405,1590,2300,3020,3100,12500,1190,1420,781,7460,789,503,444,1550,2650,3460,1335,6700,2670
"17-Apr",1360,1190,5530,417,593,439,996,314,826,326,681,308,1970,613,1560,1460,1090,1860,336,5970,476,513,1800,471,786,1830,677,270,2150,5560,798,192,1220,418,1800,828,3630,679,443,1880,315,536,498,1660,2300,2870,2940,12300,1120,1400,778,7050,859,551,484,1410,2585,3190,1240,6420,2630
"18-Apr",1180,1220,4960,544,574,439,826,345,810,281,635,361,1940,654,1270,1340,1110,2160,304,5520,548,500,1790,466,731,1770,641,236,1970,5510,846,202,1180,414,1750,846,2610,677,449,1810,331,609,498,1660,2260,2730,2810,12200,1080,1340,776,6880,874,681,487,1320,2545,2905,1110,6120,2595
"19-Apr",1060,1210,4190,491,567,446,782,530,786,269,596,305,1760,651,1000,1260,1310,2080,348,5180,556,493,1780,449,705,2050,626,250,1890,6640,838,205,1120,414,1710,893,2990,670,435,1570,374,536,465,1630,2210,2650,2680,12000,1060,1320,834,6760,823,892,489,1250,2505,2675,1240,5930,2565
"20-Apr",877,1080,3100,476,570,421,750,1020,766,290,614,290,1600,672,892,1270,1750,1980,399,4920,536,491,1760,448,649,2200,622,300,1880,5980,830,205,1090,418,1690,889,3350,665,367,1410,395,516,457,1600,2200,2630,2570,11800,1050,1330,1030,6550,787,1150,489,1260,2485,2540,1300,5800,2535
"21-Apr",841,1020,2070,484,574,458,727,1960,762,320,610,317,1320,686,900,1460,1800,1980,402,4720,652,476,1730,394,649,1960,614,250,1980,5250,818,194,1100,414,1680,878,3210,674,304,1360,399,508,532,1590,2190,2600,2420,11400,1030,1360,1080,6260,787,1050,505,1280,2485,2565,1280,5650,2515
"22-Apr",574,980,1610,484,574,498,708,2250,758,364,593,342,1070,679,1000,1670,1830,1810,426,4550,854,496,1710,403,649,1630,611,150,2120,4480,802,192,1080,411,1650,897,2580,672,313,1330,401,500,613,1580,2170,2550,2320,11000,1000,1380,1150,5930,817,933,497,1290,2475,2900,1250,5530,2470
"23-Apr",430,961,1430,472,570,461,701,1980,746,368,621,355,882,665,1030,1700,2020,1700,490,4440,833,530,1700,406,673,1590,583,170,2170,3580,806,197,1060,408,1620,866,2490,674,369,1260,405,495,619,1560,2150,2490,2210,10600,1010,1380,1240,5740,823,866,493,1250,2465,3625,1210,5390,2435
"24-Apr",417,996,1240,487,551,476,693,1500,704,368,798,358,745,640,972,1690,2260,1630,490,4390,792,523,1690,418,717,1590,552,200,2180,2670,806,205,1040,411,1510,775,2550,704,411,1230,404,490,621,1640,2140,2450,2130,10000,1010,1370,1220,5770,796,832,489,1280,2425,3715,1320,5160,2415
"25-Apr",394,1320,1120,529,567,480,685,1040,644,345,987,355,682,588,904,1670,2260,1570,518,4360,748,493,1680,433,671,1550,535,170,2180,2200,790,199,1010,411,1340,812,2610,789,400,1220,406,480,634,1560,2140,2430,2090,9190,1060,1370,1180,6060,751,818,479,1290,2410,3340,1405,4845,2440
"26-Apr",513,1550,1340,551,627,480,704,894,566,332,1140,345,682,560,868,1660,2180,1540,568,4290,724,483,1660,400,626,1650,524,152,2150,2040,782,194,996,405,1300,831,2670,883,390,1210,435,457,642,1490,2220,2420,2060,8330,1140,1360,1140,6090,763,813,476,1280,2415,3050,1400,4430,2430
"27-Apr",368,1540,1730,551,764,465,693,866,526,323,1130,374,723,553,848,1650,2130,1510,599,4200,708,463,1610,349,617,1800,521,140,2040,2040,774,202,932,408,1300,853,2760,883,412,1200,449,458,638,1470,2440,2410,2010,7600,1150,1370,1130,5910,822,838,478,1320,2425,2855,1320,4035,2395
"28-Apr",350,1470,1810,551,798,480,693,826,504,302,1050,406,866,567,896,1680,2120,1510,582,4060,696,421,1410,334,650,1900,514,130,1920,2010,770,208,808,405,1230,905,3200,871,410,1210,495,443,607,1460,2660,2410,1960,7050,1140,1360,1090,5720,805,854,471,1380,2425,2730,1300,3725,2360
"29-Apr",496,1530,1830,540,757,506,720,898,384,293,945,403,954,550,948,1670,2280,1490,550,3860,680,407,1160,316,698,1840,511,110,1850,1970,758,234,784,405,1140,911,3410,808,392,1230,553,450,564,1460,2670,2380,1920,6610,1130,1350,1050,5550,855,828,470,1380,2465,2665,1385,3505,2360
"30-Apr",487,1500,1820,559,757,484,742,946,358,269,900,396,998,560,984,1660,2450,1500,508,3620,672,526,1110,319,752,1790,502,80,1820,1960,750,238,792,398,1110,911,3430,756,408,1230,557,632,541,1480,2760,2340,1830,6220,1130,1340,1070,5390,1000,773,475,1370,2530,2615,1630,3425,2385
"01-May",356,1520,1840,665,806,476,735,928,412,284,866,396,994,560,1020,1620,2380,1530,462,3350,672,531,1090,352,798,1740,502,60,1800,1930,746,241,788,392,1110,957,3690,743,432,1220,563,776,526,1480,2980,2320,1600,5850,1120,1330,1090,5140,999,738,455,1350,2790,2580,2100,3375,2415
"02-May",554,1610,1880,730,857,525,735,955,409,284,843,396,974,567,1010,1580,2360,1510,462,3120,688,459,1080,394,765,1600,487,40,1780,1880,742,233,780,395,1150,952,3800,715,401,1220,578,805,509,1470,2910,2300,1520,5590,1120,1300,1080,4790,931,725,403,1320,3040,2540,2455,3290,2445
"03-May",841,1660,1940,760,845,559,731,950,409,296,839,393,970,584,1010,1550,2300,1530,504,2980,712,438,1070,403,772,1470,454,34,1760,1930,714,229,772,401,1160,931,3320,669,416,1200,575,819,514,1450,2750,2280,1590,5310,1110,1290,1080,4410,946,709,397,1280,2905,2530,2520,3205,2445
"04-May",1440,1660,1940,787,845,517,735,834,409,302,835,384,990,567,980,1540,2200,1530,515,2950,700,484,1080,394,775,1410,410,30,1790,2050,674,232,756,404,1150,934,2610,653,414,1190,581,890,512,1360,2640,2280,1520,4970,1100,1300,1050,4080,978,722,393,1240,2655,2530,2195,3140,2415
"05-May",1500,1620,1900,738,861,574,746,822,387,339,816,377,986,553,964,1550,2060,1520,504,2950,684,522,1100,376,776,1340,396,30,1820,2150,666,222,708,399,1130,974,2430,656,407,1150,612,920,484,1220,2560,2260,1480,4690,1080,1320,1030,3740,909,736,400,1210,2500,2840,1905,3100,2385
"06-May",2010,1610,1900,703,884,563,758,814,384,380,843,400,974,525,1560,1540,1980,1430,498,2920,680,523,1110,355,750,1300,385,35,1840,2160,662,198,696,369,1140,981,2540,655,401,1130,613,932,430,1100,2510,2230,1490,4420,1040,1320,1020,3420,904,726,424,1190,2425,3825,1790,3050,2385
"07-May",2720,1600,1890,669,892,498,750,818,374,446,936,393,974,511,1520,1510,1970,1280,487,2880,692,515,1120,361,750,1270,367,50,1870,2150,682,190,708,372,1120,943,2590,640,390,1130,605,866,398,1030,2490,2250,1550,4200,1090,1330,1030,3270,838,813,453,1170,2385,4090,1780,2985,2395
"08-May",2760,1590,1890,406,872,484,754,834,339,446,957,371,954,508,1210,1370,1940,1260,456,2830,732,500,1120,358,766,1250,363,45,1900,2120,714,186,744,378,1120,917,2730,620,393,1120,536,821,345,1030,2540,2270,1600,3940,1230,1350,1110,3060,909,857,448,1190,2355,3835,1750,2910,2390
"09-May",3440,1580,1880,760,849,458,739,850,302,436,957,368,962,481,1080,1120,1930,1270,468,2790,700,471,1120,358,793,1230,361,40,1890,2090,714,181,800,371,1120,879,3410,580,410,1110,432,778,309,1030,2540,2400,1630,3660,1100,1380,1090,2880,1260,853,447,1200,2335,3365,1720,2845,2365
"10-May",4050,1600,1860,738,833,454,770,850,249,419,945,358,914,463,1020,1050,1920,1260,546,2710,652,452,1120,361,837,1220,330,29,1890,2040,706,185,820,345,1120,842,4580,563,411,1100,421,718,315,1020,2480,2540,1690,3420,867,1430,1090,2710,1440,849,448,1250,2345,2920,1700,2815,2330
"11-May",3450,1620,1880,760,822,432,810,854,249,409,936,342,846,460,980,1050,1930,1260,606,2650,652,422,1120,364,881,1210,326,25,1850,2050,706,192,820,350,1090,873,5640,553,403,1090,446,709,328,989,2330,2670,1880,3210,816,1490,1090,2600,1390,915,433,1280,2420,2675,1700,2805,2355
"12-May",2500,1600,1870,798,818,406,790,850,244,396,932,345,846,475,960,1080,1930,1260,602,2630,684,407,1130,364,914,1200,324,20,1830,2050,698,190,880,332,1080,915,5520,526,377,1080,485,708,400,993,2270,2700,2000,3050,881,1630,1130,2550,1400,872,449,1250,2430,2570,1730,2830,2420
"13-May",1850,1680,1860,806,822,406,790,838,235,412,932,355,858,475,988,1090,1940,1260,599,2580,740,406,1180,370,958,1200,329,15,1800,2040,694,190,916,302,1070,1310,4390,486,330,1070,489,706,511,1020,2240,2670,2030,2960,972,1690,1180,2530,1460,1010,452,1240,2425,2515,1740,2850,2505
"14-May",1520,1700,1880,738,818,398,798,890,275,416,916,371,858,475,1000,1090,1940,1250,613,2470,748,405,1180,370,1020,1210,338,18,1770,1980,686,187,936,303,1060,1780,3100,489,266,1060,505,690,477,1020,2240,2790,2050,2910,1340,1640,1180,2520,1450,1140,450,1260,2405,2475,1720,2850,2590
"15-May",1300,1690,1900,719,826,398,782,886,358,416,908,374,950,484,972,1150,1960,1240,627,2440,752,389,1190,361,1050,1230,324,11,1760,1950,681,187,944,308,1050,1800,2780,486,265,1050,502,671,431,996,2240,2960,2180,2830,1630,1680,1150,2500,1440,1150,477,1260,2385,2440,1690,2855,2585
"16-May",1130,1660,1900,707,829,398,814,870,348,409,888,374,1310,539,964,1200,1950,1210,672,2460,752,326,1260,352,1060,1210,328,9.9,1740,1940,670,187,928,308,1030,1860,2810,481,276,1040,498,691,409,966,2230,2940,2450,2810,2250,1760,1130,2520,1340,1090,507,1250,2365,2440,1690,2870,2500
"17-May",1060,1710,1880,677,837,395,822,874,266,409,881,380,2070,626,960,1250,2010,1200,694,2490,760,207,1390,328,1060,1210,329,12,1720,1940,617,186,940,308,1010,2180,2800,490,298,1050,494,736,407,958,2270,2790,2630,2780,2430,1760,1070,2540,1230,1090,535,1240,2345,2430,1620,2835,2415
"18-May",1080,1770,1900,662,833,373,762,878,238,393,877,390,2170,549,940,1280,2110,1180,700,2490,760,225,1390,295,1080,1210,327,11,1700,1930,546,186,960,308,998,1970,2780,509,327,1080,501,736,395,910,2380,2610,4440,2750,2160,1740,1030,2540,1310,1100,516,1220,2330,2430,1550,2805,2345
"19-May",1140,1800,1890,650,861,268,798,870,230,358,873,403,2670,514,908,1280,2120,1170,683,2470,768,309,1350,301,1090,1220,312,11,1700,1930,534,165,1010,308,981,1620,2760,502,336,1090,503,729,384,838,2380,2470,5320,2710,1810,1710,1010,2530,1340,1130,513,1220,2310,2430,1530,2770,2295
"20-May",1280,1750,1900,703,864,199,742,882,227,332,846,406,3210,484,924,1270,2120,1180,662,2450,764,316,1300,304,1100,1200,287,11,1680,1920,527,140,1040,326,979,1450,2730,511,344,1120,503,724,382,814,2360,2380,4790,2700,1700,1650,1010,2510,1320,1050,525,1210,2290,2410,1415,2710,2240
"21-May",1480,1730,1920,734,849,169,742,910,224,332,827,406,2440,472,904,1250,2120,1180,630,2450,756,314,1780,301,1170,1180,250,12,1660,1920,482,150,1030,316,978,1360,2710,541,358,1100,496,705,378,755,2330,2350,3570,2680,1610,1580,1000,2520,1290,984,534,1200,2280,2410,1255,2670,2210
"22-May",1370,1740,1900,738,853,116,742,894,213,317,816,396,2120,475,896,1340,2120,1170,578,2450,764,306,2100,310,1200,1180,250,15,1650,1920,427,270,1020,306,928,1280,2650,543,385,1090,493,679,428,746,2250,2340,2480,2710,1530,1470,1000,2500,1260,979,522,1200,2270,2525,1195,2615,2175
"23-May",1260,1750,1870,826,841,118,750,906,221,302,812,393,3770,475,880,1660,2110,1150,564,2440,792,281,1930,310,1230,1200,251,14,1590,1920,417,175,997,306,821,1300,2610,549,368,1080,497,678,421,743,2210,2320,2440,2780,1410,1330,992,2500,1210,953,521,1180,2245,4270,1105,2450,2145
"24-May",1180,1720,1860,868,822,122,762,1000,194,314,812,419,4980,475,860,1780,2100,1140,568,2430,829,249,1740,352,1240,1170,253,13,1490,1920,416,150,980,292,789,1290,2600,578,374,1080,496,693,371,833,2220,2290,2560,2740,1290,1310,976,2520,1120,931,538,1120,2735,6290,1060,2310,2145
"25-May",1100,1680,1860,853,845,124,762,1070,121,317,812,416,5140,469,850,1860,2140,1100,571,2410,808,250,1730,370,1230,1110,270,12,1520,1920,415,150,975,281,777,1270,2590,593,405,1010,494,705,363,1010,2200,2250,2600,2670,1240,1300,974,2510,1090,929,559,1110,3965,5215,1025,2305,2205
"26-May",1080,1640,1840,833,849,127,742,1130,116,736,831,422,4410,454,850,2000,2160,1080,574,2390,812,259,1960,361,1210,1090,280,12,1520,1910,389,153,963,278,784,1250,2580,609,406,980,496,702,357,1200,2160,2200,2590,2620,1210,1300,943,2510,1070,914,550,1170,4025,3455,1002,2395,2300
"27-May",1100,1620,1820,818,837,141,750,1170,116,1020,850,416,4390,494,844,2030,2140,1080,568,2380,837,269,2250,469,1190,1090,290,14,1500,1910,254,153,959,268,781,1230,2570,612,421,970,499,699,410,1300,2150,2190,2540,2590,1180,1290,898,2580,1030,896,590,1340,3345,2240,1003,2235,2280
"28-May",1060,1630,1820,806,861,143,758,1200,119,782,839,409,2210,508,844,2040,2120,1070,571,2340,858,290,2440,519,1170,1080,285,16,1480,1910,354,153,936,260,779,1220,2560,646,421,1000,499,699,534,1240,2140,2240,2490,2560,1140,1260,883,2620,977,899,633,1400,2575,1930,1003,2095,2225
"29-May",1040,1460,1850,976,880,134,794,1140,121,551,827,409,1730,475,826,2020,2110,1060,574,2310,879,284,2800,471,1150,1070,280,13,1470,1910,344,148,927,252,792,1220,2590,640,412,1100,490,725,546,1210,2130,2240,2430,2540,1090,1180,851,2590,1080,849,660,1340,2125,2130,1000.5,1980,2135
"30-May",1040,1160,1840,940,896,132,1420,1070,127,459,839,406,1650,475,816,2010,2100,1040,564,2300,883,294,3000,449,1150,1040,270,17,1450,1910,354,146,914,255,752,1260,2600,644,407,1430,491,771,491,1380,2120,2230,2320,2520,1080,1170,865,2620,1220,751,876,1280,1950,2570,1010.5,1910,2020
"31-May",1030,910,1810,868,996,130,1590,1020,134,487,850,390,1480,619,805,2040,2090,1020,568,2280,923,321,2530,449,1190,1010,260,23,1430,1910,390,147,906,257,656,2530,2580,639,406,1280,515,830,400,1840,2110,2220,2250,2490,1050,1290,855,2760,969,752,1540,1260,2140,2995,1060,1875,1970
"01-Jun",1100,844,1790,826,1340,179,1320,964,139,606,843,403,1800,912,798,2000,2080,1010,550,2270,927,326,2100,466,1190,1010,247,16,1420,1900,422,149,908,253,639,3450,2550,630,368,1120,514,1050,379,1970,2100,2220,2180,2410,1020,1450,847,2770,809,716,1870,1270,2365,2880,1065,1855,1960
"02-Jun",1310,1140,1770,791,1230,230,1100,942,136,666,831,416,1740,1490,780,2040,2080,996,564,2230,927,321,1800,480,1200,983,253,13,1410,1880,389,153,905,247,662,3410,2540,624,301,1090,521,1600,402,1720,2050,2220,2070,2370,1000,1470,891,2710,737,709,2260,1280,2360,5085,1045,1705,1950
"03-Jun",1460,1260,1770,861,900,238,964,928,141,625,827,446,1720,1450,770,2180,2060,982,568,2100,963,312,1870,457,1220,967,265,13,1410,1840,372,159,893,240,687,2530,2530,619,291,1020,532,1530,454,1540,2030,2210,1970,2290,965,1440,1030,2640,700,713,2200,1490,2295,8385,1040,1535,1870
"04-Jun",1520,1300,1780,924,872,232,906,774,141,566,827,501,1700,1210,763,2260,2040,982,557,1930,963,334,1950,434,1220,982,265,12,1380,1820,400,156,864,230,673,1790,2540,599,288,1010,539,1220,422,1480,2000,2210,1860,2170,898,1380,1080,2600,670,693,1880,1975,2265,8210,1025,1340,1705
"05-Jun",1560,1310,1740,996,936,230,874,898,104,573,824,512,1790,830,742,2390,2060,973,560,1870,923,356,1980,403,1190,955,224,8.8,1320,1810,471,150,818,216,644,1400,2510,535,284,1000,526,1040,300,1400,1960,2190,1760,2240,887,1820,1060,2590,623,677,1600,2385,2265,7160,991.5,1260,1485
"06-Jun",1570,1380,1730,1040,960,230,854,882,99,584,816,515,1990,884,724,2640,2050,973,560,1840,858,348,1960,380,1170,896,204,7.7,1300,1790,743,152,772,191,627,1290,2490,517,280,930,522,945,290,1260,1920,2160,1650,2280,845,3130,1040,2580,595,679,1400,2500,2470,6305,1715,1285,1305
"07-Jun",1570,1400,1730,1050,996,230,850,870,101,587,809,515,2220,1250,714,3040,2020,973,515,1810,804,336,1940,381,1150,881,189,6.6,1350,1760,924,160,759,180,696,1360,2500,514,279,769,521,874,333,1220,1890,2130,1640,2250,786,4090,1050,2530,582,686,1340,3345,2895,5755,2930,1320,1285
"08-Jun",1540,1350,1710,1130,1480,230,838,854,106,576,794,519,3720,1550,696,3210,2000,986,522,1780,720,328,1910,372,1140,882,137,6,1420,1740,894,166,761,182,1940,1460,2500,517,281,736,510,812,345,1300,1880,2050,1630,2210,740,3880,1030,2510,568,669,1300,5000,2820,5540,3200,1340,1265
"09-Jun",1540,1300,1690,1150,1780,246,826,830,104,598,809,537,5030,1980,648,3190,1980,973,532,1760,688,259,1870,355,1150,899,79,5.3,1420,1720,775,170,777,189,3580,1480,2500,522,276,742,499,752,345,1350,1770,1920,1610,2170,713,2880,1000,2520,532,661,1270,5585,2520,4250,2735,1345,1230
"10-Jun",1560,1290,1660,1110,1350,235,810,782,119,584,839,530,5390,3430,644,3070,1970,973,560,1680,672,228,1830,335,1170,906,51,5.4,1400,1700,687,167,826,195,4090,1480,2530,519,277,732,496,734,341,1390,1640,1960,1600,2120,696,2180,980,2760,529,681,1250,5420,2290,2975,2290,1365,1150
"11-Jun",1560,1260,1670,1070,948,230,794,830,119,594,839,522,5610,3560,634,2900,1960,982,585,1550,616,266,1810,333,1160,868,129,7.4,1380,1680,629,164,823,228,3760,1540,2770,514,247,725,492,706,387,1500,1540,2030,1550,2000,689,2240,987,3140,574,662,1210,5180,2145,2255,2105,1390,1070
"12-Jun",1620,1180,1640,1060,948,219,770,806,112,573,831,522,5140,2450,640,2770,1940,1020,616,1490,512,304,1770,300,1120,880,156,9.2,1340,1600,570,164,810,215,3230,1570,3160,511,195,772,481,670,427,1470,1470,2020,1450,1960,729,2310,966,3650,550,635,1270,5325,2070,2460,2465,1375,1030
"13-Jun",1560,1110,1640,1060,980,214,685,806,114,522,839,519,3990,1680,672,2740,1920,1090,672,1410,620,340,1740,265,1110,867,199,12,1270,1600,579,180,797,220,2590,1670,3140,481,201,771,459,656,318,1380,1450,2000,1420,1940,698,2260,960,3490,540,609,1290,5305,1720,2840,2770,1350,979
"14-Jun",1210,1060,1610,1070,1020,235,640,802,112,602,831,508,2650,1450,637,2730,1790,2060,680,1330,668,357,1700,262,1120,872,204,14,1220,1570,736,227,783,245,1970,1770,2920,429,219,755,456,687,297,1320,1390,1980,1410,1890,686,2210,944,3080,538,612,1180,5595,1405,2940,2675,1305,965
"15-Jun",1040,1030,1580,1130,988,265,621,806,119,558,824,497,1780,1560,570,2680,1660,2470,672,1290,728,353,1660,259,1110,909,172,29,1240,1540,838,417,765,240,1660,1780,2760,429,207,740,519,790,346,1290,1320,1950,1420,1850,718,2170,931,3250,529,606,1110,5785,1360,2980,2520,1280,1075
"16-Jun",985,1010,1580,1400,1010,262,606,822,119,466,812,466,1640,1640,522,2660,1600,2460,666,1260,850,344,1630,260,1110,896,127,36,1260,1470,792,408,758,240,1990,1740,2610,437,199,707,604,954,580,1270,1190,1900,1340,1790,778,2130,945,3430,522,599,1040,5270,1455,2945,2395,1290,1090
"17-Jun",995,996,1490,2080,1070,265,644,802,116,422,809,425,2170,1670,457,2640,1530,2230,648,1220,896,338,1580,269,1120,905,104,74,1110,1390,670,313,732,250,2060,1720,2550,479,196,685,608,996,731,1210,1060,1700,1280,1660,806,1990,955,3410,521,607,972,4415,1705,2910,2310,1830,1060
"18-Jun",1150,977,1520,2330,1120,281,651,886,125,446,790,419,2670,1680,439,2590,1360,1560,596,1130,914,305,1480,279,1120,924,108,155,988,1350,528,246,675,252,1880,1740,2510,478,193,676,607,881,784,1140,1130,1500,1260,1490,784,1830,943,3350,516,599,931,3440,1805,2965,2260,2470,1060
"19-Jun",1520,902,1480,2290,1120,319,621,928,119,470,775,419,2840,1690,430,2550,1200,1060,550,1020,900,276,1470,276,1120,1140,123,109,978,1330,469,223,666,251,1730,1770,2370,489,190,666,599,788,744,1140,1230,1400,1230,1430,896,1790,926,3180,523,600,861,2675,1745,2930,2205,2880,1145
"20-Jun",1630,821,1480,2460,1090,302,587,982,121,512,798,400,2620,1660,556,2510,1420,847,550,964,905,336,1420,284,1100,1640,123,71,1050,1630,433,204,668,248,1690,1740,2260,488,190,629,569,806,656,1200,1230,1110,1170,1440,1000,1780,963,3080,506,595,841,2735,1680,2845,2175,3135,1185
"21-Jun",1670,824,1450,3010,1080,308,555,1120,125,512,827,308,2390,1610,724,2480,1400,822,564,884,854,376,1300,246,1100,1990,117,62,1040,2380,421,208,663,229,1670,1660,2240,474,191,571,562,993,589,1210,1090,915,1150,1430,831,1780,1010,3020,474,590,842,3585,1615,2770,2135,2360,1155
"22-Jun",1690,856,1470,3020,1090,380,519,1300,156,512,790,269,2220,1570,679,2450,1390,937,585,836,866,340,1260,209,1090,2510,119,74,953,2560,413,195,621,189,2020,1660,2250,468,191,572,559,1550,532,1220,877,859,1100,1410,614,1940,1010,3090,484,678,811,3430,1455,2720,2100,2155,1135
"23-Jun",1670,895,1480,2630,1060,446,537,1680,161,508,749,311,2190,1520,542,2410,1360,1010,585,812,927,327,1170,210,1090,2600,117,116,920,2290,404,190,609,186,2590,1650,2240,447,202,554,552,1670,495,1260,819,748,1050,1420,447,2150,1010,3160,546,772,751,2915,1310,2695,2080,2135,1100
"24-Jun",1550,926,1450,2460,1040,465,537,1920,158,508,757,384,2180,1480,454,2360,1380,1010,578,784,963,359,1070,206,1090,2220,131,243,1140,1990,399,207,606,187,2960,1560,2240,435,188,589,532,1390,467,1530,824,676,1040,1390,503,2180,1000,3110,538,1290,705,2735,1145,2655,2060,2190,1020
"25-Jun",1540,953,1430,2650,1040,454,544,1850,179,508,772,432,2140,1430,472,2320,1500,996,588,768,854,369,1040,211,1080,1880,145,513,1240,1830,402,238,573,184,2910,1460,2260,432,160,633,533,1120,448,2550,817,664,1010,1380,821,1980,1020,3050,508,2980,666,2660,1035,2620,2060,2145,950
"26-Jun",1520,930,1450,2530,1010,454,508,1620,194,530,772,432,2160,1340,532,2300,1410,978,606,740,808,397,1030,211,1080,1750,143,415,1210,1750,382,259,605,195,2600,1450,2260,431,155,594,529,985,438,2940,822,671,930,1380,993,1700,971,3000,507,3740,651,2590,1010,2600,2000,2010,936
"27-Jun",1500,918,1450,2240,912,454,456,1440,227,544,760,380,2200,1270,504,2280,1330,973,602,696,800,413,1020,216,1040,1620,147,281,1120,1730,354,232,607,193,2220,1680,2250,431,151,555,493,960,427,2810,814,678,888,1260,2090,1550,941,2980,516,3450,637,2535,1020,2565,1880,1935,929
"28-Jun",1500,902,1400,2020,776,450,459,1370,224,576,775,281,2200,1240,433,2200,1280,964,578,692,792,408,1030,230,960,1550,147,161,995,1720,342,192,622,180,1930,1820,2210,429,147,523,481,914,416,2430,759,595,865,1190,3810,1520,948,2950,497,2800,626,2460,1065,2520,1595,1970,913
"29-Jun",1540,887,1060,1890,643,450,453,1300,216,782,702,216,2190,1160,415,2120,1210,1050,546,688,784,447,1020,234,965,1550,161,113,858,1740,338,174,647,167,1750,1750,2180,430,147,500,496,1180,413,2120,636,521,874,1250,4170,1510,896,2920,476,2480,634,2840,1085,2485,1415,1930,935
"30-Jun",1560,867,932,1800,454,443,453,1230,238,810,635,166,2160,1090,418,2060,1150,1120,568,680,776,466,996,219,963,1570,156,113,1040,1780,337,222,629,162,1630,1490,2180,471,147,483,537,1500,419,1960,592,488,882,1250,3330,1500,843,2890,472,2390,617,4710,1060,2450,1370,1775,977
"01-Jul",1520,836,983,1740,665,435,442,1180,246,786,628,168,2200,1070,418,2020,1080,1120,550,670,756,436,962,208,953,2370,156,90,1480,1740,313,265,620,135,1560,1320,2140,637,143,488,542,1860,582,1930,613,458,877,1260,2250,1490,848,2870,477,2330,575,5460,1030,2425,1350,1585,967
"02-Jul",1480,805,1030,1690,703,458,387,1150,281,754,646,161,2260,1020,394,1980,1050,1100,550,656,740,435,936,229,914,3480,154,77,1680,1700,264,238,636,137,1520,1280,2050,816,125,514,539,2610,672,1950,647,430,867,1290,1770,1520,853,2850,444,2290,534,5145,1030,2425,1160,1380,986
"03-Jul",1470,809,1130,1660,681,469,345,1150,339,701,663,192,2250,936,343,1900,1020,1100,540,648,720,480,904,202,876,3810,152,73,1690,1720,253,228,648,180,1460,1310,1960,890,92,514,496,2960,632,1920,678,637,847,1380,1730,1580,849,2820,411,2200,524,4765,1030,2545,1000,1250,1020
"04-Jul",1460,774,1150,1630,745,506,355,1090,439,666,646,227,2360,864,334,1740,973,1090,526,638,728,632,873,201,869,3800,154,81,1550,1800,218,202,640,209,1390,1310,1920,872,82,444,427,2870,564,2120,698,914,774,1500,1800,1530,836,2710,410,2090,554,3905,1020,2505,952,1285,1070
"05-Jul",1480,743,794,1620,884,513,358,1050,480,723,642,232,3020,826,343,1660,919,1070,512,620,728,530,850,204,849,3550,152,83,1400,1800,182,187,628,233,1360,1310,1900,838,80,312,416,2460,513,2150,674,1120,729,1510,1960,1470,986,2650,406,1980,532,2725,1010,2420,905.5,1335,1100
"06-Jul",1500,736,682,1600,944,544,374,1010,446,770,610,232,3490,721,352,1650,834,1050,465,586,700,497,806,202,836,3130,123,77,1280,1740,170,172,648,262,1260,1290,1890,792,75,317,418,2030,475,2090,711,1680,713,1500,2450,1430,1060,2640,402,1890,622,2490,932.5,2360,899.5,1245,1100
"07-Jul",1520,758,650,1560,688,624,400,955,406,754,600,232,4300,591,319,1620,686,1040,426,522,648,517,741,199,828,2660,89,74,1740,1720,167,160,647,298,1160,1180,1870,734,76,443,415,1740,426,2050,918,1560,662,1540,2600,1410,990,2580,430,1810,857,2700,780,2335,901.5,1200,1120
"08-Jul",1520,766,746,1530,275,677,368,919,400,701,590,232,4650,522,300,1680,648,1030,432,508,580,521,704,205,796,2190,97,72,2970,1690,167,151,590,302,1100,1100,1870,680,79,431,423,1620,357,1980,1630,1270,644,1300,2390,1460,1010,2550,491,1710,1100,2685,727,2315,901.5,1175,1130
"09-Jul",1830,728,790,1500,589,696,320,882,393,632,576,227,4170,518,337,1640,626,1020,444,491,624,503,657,213,726,1930,104,80,3460,1670,170,152,627,283,1060,1100,1880,639,83,379,421,1560,315,1970,2330,1060,660,1200,2110,1450,1080,2530,688,1680,1150,2620,726,2285,899,1155,1120
"10-Jul",1840,709,949,1500,896,692,284,846,387,617,558,227,3290,511,376,1580,623,1040,453,530,628,507,641,231,718,1770,108,73,3450,1520,163,148,614,272,904,1130,1920,582,86,367,399,1500,306,2140,2490,940,681,1100,1750,1470,1080,2520,1500,1670,1110,2565,717,2215,932.5,1120,1100
"11-Jul",1560,698,966,1490,956,711,197,806,380,591,568,230,2550,508,355,1580,630,1190,438,572,620,566,628,185,718,1670,110,76,2940,1080,161,159,596,269,795,1130,1970,525,81,357,367,1450,331,2340,2340,892,663,1080,1530,1430,1070,2520,2720,1720,1170,2515,643,2160,1265,1065,1090
"12-Jul",1560,690,802,1450,787,662,102,758,396,558,510,218,2310,500,349,1430,634,1210,405,572,596,659,741,147,726,1600,112,70,2410,985,149,164,601,254,844,1130,2140,422,89,341,335,1560,380,2490,2100,977,607,1050,1590,1340,1140,2510,3300,1810,1440,2390,532,2105,1405,1035,1070
"13-Jul",1880,686,928,1420,605,612,106,739,403,540,458,205,2390,486,343,1260,634,1150,384,554,556,682,985,146,713,1580,112,70,2020,1060,131,153,610,214,846,1130,2150,387,185,331,330,1680,386,2460,1910,1030,561,990,1700,1300,1340,2520,2980,1840,1580,2360,488,2040,1180,1025,1010
"14-Jul",1810,679,953,1390,601,620,61,720,425,483,477,202,2450,463,340,1280,637,1110,393,536,512,648,1010,154,701,1560,125,66,1740,1100,143,193,619,172,786,1120,2040,394,142,304,341,1630,382,2350,1780,1010,556,937,1510,1410,1490,2520,2370,1790,1460,2330,490,1940,1045,1290,971
"15-Jul",1390,595,895,1360,563,620,45,697,429,453,487,207,2450,427,322,1270,634,1110,393,554,456,617,1030,164,683,1540,110,58,1560,1120,134,179,616,80,760,1120,1930,296,91,274,341,1540,376,2300,1690,985,555,898,1370,1430,1380,2520,2000,1730,1250,2240,500,1795,965.5,2315,924
"16-Jul",1250,485,899,1340,491,586,43,678,442,436,477,205,2420,400,250,1250,630,1080,390,502,448,593,992,155,684,1570,91,67,1460,1120,131,178,634,134,772,1110,1810,145,70,255,343,1440,388,2580,1620,1080,578,885,1250,1420,1150,2520,1780,1700,1080,2150,500,1785,932,2315,852
"17-Jul",1420,527,750,1310,417,567,342,697,439,425,474,192,2390,382,214,1110,620,1050,399,464,429,526,933,127,715,1540,94,65,1360,1080,131,167,618,270,725,1090,1770,118,63,249,386,1350,399,3320,1570,1120,622,882,1400,1370,1160,2500,1560,1650,1010,2090,500,1525,893.5,1890,738
"18-Jul",1570,511,734,1290,428,555,406,693,432,419,474,171,2360,361,253,946,609,1020,408,369,335,404,883,94,724,1470,97,63,1200,975,151,156,572,317,612,1100,1740,122,60,269,465,1300,376,3780,1510,1100,615,883,1500,1380,1260,2490,1500,1580,1000,2060,502,1395,855,1545,682
"19-Jul",1620,546,698,1250,428,544,275,674,425,436,442,168,2720,334,265,968,550,932,411,346,264,400,838,86,703,1400,97,58,1040,940,170,156,557,338,651,1090,1690,136,58,274,515,1290,365,3510,1870,1030,575,879,1450,1380,1410,2460,1430,1290,984,2050,393,1445,814,1355,660
"20-Jul",1600,508,798,1220,413,540,205,682,416,429,403,176,3450,227,253,968,487,860,423,327,278,406,770,84,661,1320,93,57,1010,935,225,149,544,537,687,1070,1620,174,58,297,537,1280,366,2810,2220,937,564,871,1400,1340,1470,2420,1360,1080,943,1980,323,1465,767,1270,705
"21-Jul",1580,489,790,1200,398,510,153,678,387,422,416,179,3610,234,241,946,481,805,417,324,338,390,731,86,645,1280,93,60,1080,935,215,162,538,734,688,1060,1570,168,59,300,506,1210,364,2350,2360,809,521,871,1350,1240,1280,2410,1290,1040,895,1910,296,1225,754,1370,786
"22-Jul",1550,489,746,1160,380,461,168,666,377,412,520,171,3170,236,229,896,484,735,429,341,338,388,689,94,640,1220,91,60,1170,935,209,184,508,733,685,1060,1540,156,61,271,433,1180,361,2260,2350,724,513,864,1300,1090,1100,2350,1230,1020,867,1900,291,956,748,1315,794
"23-Jul",1520,454,600,1130,391,450,184,663,368,409,520,168,2570,258,229,924,472,693,414,352,317,390,755,109,614,1190,95,105,1160,980,203,200,486,649,681,1050,1500,157,59,252,416,1120,359,2420,2210,722,513,860,1220,1000,1060,2250,1160,953,817,1920,292,908.5,744,1180,829
"24-Jul",1520,424,547,1110,387,450,187,655,308,409,429,168,2210,275,262,942,463,672,393,346,300,387,814,142,591,1100,95,73,818,1010,194,250,457,591,678,1080,1270,115,78,246,372,1050,350,2520,2060,722,515,861,1150,985,1040,1940,1080,869,767,1940,293,854.5,740,1060,914
"25-Jul",1530,443,547,1100,373,443,194,674,260,409,326,168,2250,248,262,973,451,620,393,355,280,379,804,121,573,1050,93,62,530,980,197,251,456,560,675,1110,1070,84,85,238,312,1020,350,2990,1930,661,520,868,990,962,1050,1590,982,903,720,2010,302,808.5,720,976.5,856
"26-Jul",1540,451,551,1190,337,377,192,670,255,403,269,166,2370,232,260,973,478,542,396,349,260,384,797,109,567,1000,100,57,462,980,198,233,458,483,686,1160,1080,76,82,214,310,968,335,4680,1840,510,495,868,1020,943,1090,1490,865,901,665,2210,317,837,679,956,813
"27-Jul",1320,447,452,1170,323,298,194,655,252,396,255,163,2380,305,241,856,430,445,405,355,245,385,829,106,567,980,98,49,658,922,194,216,450,377,666,1190,1080,76,81,212,308,881,353,4840,1780,444,433,860,1190,960,1130,1330,848,881,557,2420,305,851.5,661,940.5,809
"28-Jul",1440,397,399,1140,319,291,194,647,258,355,249,161,2360,349,232,668,418,370,405,355,230,374,839,115,554,960,98,31,714,898,196,195,421,350,536,1190,1060,73,79,236,292,834,337,4310,1700,430,392,859,1180,1080,1110,1350,894,864,448,2410,287,835.5,657,910.5,830
"29-Jul",1470,397,413,1090,316,294,192,617,258,302,241,146,2350,364,232,487,427,364,402,352,215,315,864,133,553,953,97,33,666,890,197,169,412,339,483,1190,1050,72,83,269,254,815,316,4160,1620,424,397,855,1180,996,1040,1700,883,765,433,2170,263,826.5,634,827,824
"30-Jul",1290,401,372,980,369,302,194,606,258,278,208,153,2340,367,210,445,430,370,366,392,200,255,920,121,493,900,100,39,630,935,229,153,410,341,460,1180,1060,70,83,237,249,805,333,3980,1580,415,389,852,1200,932,946,1700,864,771,434,1975,260,671,580,781.5,826
"31-Jul",1280,397,389,924,406,294,197,598,260,275,104,146,2360,373,201,475,427,370,309,407,185,237,912,115,396,830,102,35,614,940,215,221,403,333,439,1190,1040,67,86,221,250,794,395,3660,1520,421,406,826,1200,892,905,1580,881,828,437,1885,253,538,508,804,839.5
"01-Aug",1310,397,369,904,410,294,179,562,275,281,104,141,2470,325,210,567,794,361,314,366,170,236,864,115,355,760,104,35,622,980,195,445,404,336,402,1170,1000,78,93,215,248,768,403,3380,1400,375,455,795,1190,815,874,1560,903,789,426,1830,257,530,462,824,860.5
"02-Aug",1230,386,356,896,413,326,179,558,296,281,139,146,2510,275,205,536,704,346,278,324,160,239,764,112,391,710,98,36,614,980,199,493,419,329,333,1160,951,77,148,210,240,714,394,3120,1260,307,462,804,1200,789,828,1500,871,772,413,1810,260,587,485,823,867.5
"03-Aug",1190,375,350,916,377,406,255,587,299,296,182,144,2530,246,205,514,668,313,217,319,150,244,740,109,381,650,97,35,550,973,199,462,388,335,402,1160,869,76,141,211,228,654,394,2960,1180,320,438,812,1210,574,809,1460,863,761,406,2365,246,638,521,824,947.5
"04-Aug",1220,363,356,920,291,476,302,598,281,305,264,139,2550,232,186,478,679,322,210,314,144,243,731,106,374,622,95,35,530,973,185,405,366,331,418,1150,846,74,123,222,175,663,386,2940,1100,368,392,811,1200,330,782,1350,806,747,430,3060,223,638,525,819,1045
"05-Aug",1200,454,369,900,244,582,1070,598,260,302,278,141,2520,223,106,463,606,325,228,319,37,240,671,118,373,614,95,34,526,959,182,401,387,326,405,1150,838,79,101,214,179,678,369,2890,930,359,422,809,1180,293,737,1260,730,734,472,2765,243,643,549,816,1050
"06-Aug",1180,439,363,928,247,772,850,594,260,311,264,141,2500,223,94,490,550,319,224,319,20,240,616,133,397,614,91,35,522,942,197,405,410,328,391,1150,835,83,96,192,185,693,353,2820,849,327,404,827,1030,279,710,1230,666,728,490,2315,272,642,584,812,1050
"07-Aug",1320,397,363,940,247,745,704,569,260,258,255,136,2470,212,74,511,556,325,226,316,223,242,616,133,400,614,93,41,514,912,250,385,448,324,371,1140,834,75,90,190,220,731,501,2760,812,321,402,808,852,442,711,1110,626,721,506,2005,271,611,543,801,1050
"08-Aug",1230,359,420,964,252,681,508,544,263,205,255,141,2450,210,37,497,623,310,224,288,289,240,616,133,403,604,87,40,494,861,275,360,450,321,342,1140,810,61,89,155,277,695,689,2710,764,320,411,799,942,697,713,919,630,685,493,1810,301,556,513,787.5,1060
"09-Aug",1300,409,471,952,247,612,387,515,272,200,258,130,2480,223,41,481,556,241,224,275,261,239,608,121,416,607,84,37,426,834,209,344,434,328,380,1130,746,55,88,84,275,657,682,2660,758,321,450,811,988,779,705,793,608,673,495,1740,331,534,527,802,1050
"10-Aug",1100,416,452,948,241,498,425,508,266,197,238,125,2500,184,47,494,475,218,230,272,200,243,648,124,404,614,86,35,378,808,179,329,420,327,488,1140,683,54,81,65,251,587,710,2570,788,320,440,811,986,939,664,711,601,691,488,1825,296,510,513,797,1050
"11-Aug",955,371,434,980,236,435,406,512,266,200,217,101,2480,158,40,463,436,218,235,272,166,247,724,157,383,614,84,32,354,805,163,276,408,333,499,1130,670,117,79,57,247,566,661,2550,774,324,397,804,987,900,627,660,573,673,477,1505,255,484,633.5,749.5,1095
"12-Aug",797,359,471,956,236,428,329,519,260,184,214,97,2500,154,39,424,421,216,233,272,163,213,728,199,369,618,84,32,334,799,159,194,344,329,491,1200,675,236,83,56,252,560,552,2520,736,341,384,800,1000,1160,622,620,554,666,466,1270,256,468,1615,705.5,1185
"13-Aug",684,359,420,944,238,421,296,569,260,184,208,99,2540,150,72,415,460,218,230,241,141,164,682,208,358,618,89,35,294,813,161,182,403,327,456,1170,701,250,88,85,252,541,522,2500,729,373,331,798,992,2560,631,613,546,648,478,1120,296,462,1550,700.5,1305
"14-Aug",760,348,385,924,233,417,266,580,258,181,211,99,2520,154,58,400,427,221,235,213,106,154,642,208,362,609,93,34,279,807,120,176,315,332,336,1130,802,259,92,81,236,516,506,2500,638,375,270,793,973,3160,628,496,605,541,493,1000,303,461,1045,679.5,1350
"15-Aug",614,378,427,904,230,421,232,566,258,179,206,95,2460,154,46,397,400,225,260,215,101,150,623,217,352,606,82,40,302,804,115,174,99,330,183,1120,813,258,86,97,227,511,496,2500,615,371,302,769,959,2940,619,282,695,456,492,966,318,463,820,681.5,1310
"16-Aug",559,382,445,888,225,424,192,562,258,179,182,68,2400,158,45,397,379,232,260,215,103,145,596,178,357,611,76,40,295,796,122,172,49,339,241,1100,787,258,81,188,186,688,490,2480,600,371,318,723,941,2180,626,188,721,452,487,943,364,474,720,954,1265
"17-Aug",490,371,416,841,222,387,166,562,258,179,163,68,2360,162,45,385,391,225,250,213,109,145,558,169,363,605,74,40,259,769,108,167,37,354,368,1100,752,258,77,231,158,516,489,2420,569,330,335,717,930,1600,593,294,740,414,482,883,353,491,637,1605,1220
"18-Aug",433,352,366,833,236,308,161,551,255,181,165,95,2280,162,50,352,406,229,255,213,109,153,594,127,366,598,76,38,196,761,94,160,39,349,374,1090,740,257,78,239,175,507,458,2320,502,263,338,709,866,1500,575,563,727,301,451,874,322.5,503,612,1200,1190
"19-Aug",317,315,363,826,202,262,161,540,252,179,172,63,2160,164,51,343,424,232,245,217,100,141,585,110,367,610,35,38,113,758,92,142,68,343,349,1090,716,257,78,234,169,504,400,2250,486,244,335,728,799,1510,603,676,688,137,433,1260,333,510,569,932.5,1180
"20-Aug",298,318,438,822,89,281,153,537,246,176,188,43,2030,164,54,334,466,229,247,189,73,97,578,106,366,642,10,36,83,764,100,133,237,344,371,1090,668,248,78,154,168,488,385,2220,461,244,319,738,641,1440,603,677,657,89.5,418,1615,390,503,493,845.5,1175
"21-Aug",308,371,475,814,83,333,136,540,200,179,190,36,1880,145,91,334,553,232,240,140,72,94,546,103,367,628,4,36,75,772,90,131,316,342,405,1070,639,223,78,146,180,448,389,2200,437,247,278,738,529,1350,595,673,703,183,411,1375,425,502,449,806.5,1170
"22-Aug",246,341,366,795,85,348,116,522,158,189,185,30,1700,126,80,334,567,207,224,120,71,90,550,84,361,629,3,36,73,781,80,129,345,344,371,1110,706,223,79,146,197,374,389,2200,430,264,278,740,718,1280,596,578,727,209,392,1100,410,501,405,805.5,1170
"23-Aug",238,311,344,783,90,355,112,508,166,221,180,21,1210,103,65,334,620,158,204,85,77,89,550,76,350,632,3,36,99,782,70,133,341,349,359,1100,758,223,78,135,239,298,387,2210,409,291,223,752,823,1370,627,505,689,186,391,1030,413.5,477,373,801.5,1160
"24-Aug",219,292,423,779,91,369,114,501,156,205,170,15,1030,83,67,385,609,154,193,81,79,87,547,76,344,625,3,36,92,746,60,146,318,348,311,1080,851,220,76,130,229,332,387,2200,379,312,265,767,826,1260,379,514,611,152,457,1020,398,429,369,790.5,1160
"25-Aug",233,337,427,768,93,413,112,494,153,192,160,10,1050,82,64,412,574,160,202,82,80,86,548,77,315,606,2.7,39,85,762,55,144,283,344,270,1070,883,293,76,127,229,411,391,2200,351,259,383,758,828,1060,237,514,544,160,499,1030,382,387,364,778.5,1160
"26-Aug",244,337,490,749,100,428,114,483,153,197,110,10,1030,82,65,364,532,138,204,80,74,91,571,87,307,566,2.5,65,79,774,50,108,296,342,272,1060,868,446,75,150,334,407,360,2230,348,264,409,736,826,876,416,517,464,162,253,1030,347,383,360,766.5,1160
"27-Aug",266,348,509,684,110,417,114,490,148,194,93,13,1020,69,60,349,500,134,200,78,42,92,575,80,309,387,2,74,92,778,45,94,293,345,309,1070,830,445,77,112,319,395,300,2230,356,312,372,691,824,827,678,516,278,170,200,989,364,379,400,694.5,1160
"28-Aug",257,394,402,726,122,461,110,446,156,200,90,14,998,48,62,352,472,134,191,79,35,96,566,69,286,376,1.7,70,88,790,40,89,267,344,302,1070,794,229,77,148,301,393,248,2220,356,320,302,702,810,734,692,465,299,178,246,915,382,372,430,596.5,1150
"29-Aug",249,397,347,734,113,544,91,355,179,202,88,13,970,50,70,352,454,136,174,63,38,100,571,68,233,382,1.7,126,83,786,50,84,231,436,297,1050,757,150,78,146,296,389,240,2210,355,335,243,732,769,648,657,420,387,187,254,880,381,350,411,528.5,1145
"30-Aug",244,416,396,768,108,513,86,320,141,194,86,32,966,54,68,352,454,132,193,79,42,149,569,71,207,385,1.7,200,81,754,45,68,232,563,298,945,738,137,79,138,294,410,224,2210,304,345,198,725,759,659,579,361,379,165,254,874,360,348,395,497.5,1160
"31-Aug",249,405,479,760,108,450,132,380,146,197,90,39,918,94,67,355,448,132,188,90,41,152,567,106,211,389,1.7,212,81,754,40,62,237,472,301,903,706,134,78,153,291,401,221,2200,205,345,186,717,757,696,542,366,493,127,235,869,327,345,389,494.5,1185
"01-Sep",260,352,490,760,113,380,205,453,144,197,88,43,870,101,80,331,391,134,182,92,39,130,572,129,217,385,1.7,161,81,742,40,59,268,445,288,900,757,133,83,149,261,398,223,2190,234,343,183,711,750,776,527,469,571,126,218,856,301,344,407.5,536,1205
"02-Sep",277,304,479,669,113,333,205,548,136,194,88,46,890,115,69,292,355,134,186,88,38,126,566,104,219,386,1.7,120,70,742,45,47,258,445,244,925,739,133,74,174,204,394,262,2190,346,342,187,714,746,834,520,499,585,125,213,855,419.5,337,927,589,1235
"03-Sep",266,341,471,559,118,369,207,544,136,200,106,47,902,86,64,288,346,134,182,98,37,120,559,91,223,377,1.7,70,59,742,40,42,246,418,219,930,761,132,71,227,193,395,280,2220,357,342,192,708,739,922,512,491,553,118,231,865,769.5,343,927.5,624,1225
"04-Sep",274,348,486,551,125,402,210,533,139,207,185,51,890,53,58,285,337,134,166,120,25,189,552,86,222,379,1.7,94,57,734,35,35,233,398,202,922,856,144,73,243,193,366,309,2220,322,341,191,725,734,1140,506,486,572,106,274,816,880,341,595,640.5,1215
"05-Sep",266,375,532,513,122,413,171,519,156,197,188,54,878,51,60,285,337,136,137,135,17,160,560,82,220,385,1.7,113,57,714,35,36,213,395,191,921,1000,193,73,245,215,302,313,2220,315,337,233,756,725,1200,495,479,594,104,387,784,719,342,470,633.5,1215
"06-Sep",255,356,536,589,127,421,202,515,153,194,190,56,874,48,70,292,343,131,139,80,16,159,558,84,221,384,2,116,56,678,35,44,214,382,168,916,909,189,72,239,243,311,321,2210,315,318,231,755,723,1150,487,476,588,105,738,805,616,342,432,628.5,1225
"07-Sep",241,359,471,620,122,487,205,519,163,200,185,55,830,51,107,295,343,104,151,58,14,157,482,80,231,388,2,137,56,674,30,54,207,376,162,912,851,180,72,214,205,344,369,2200,306,291,249,754,717,1080,479,503,585,105,1200,814,569,355,421,624.5,1260
"08-Sep",260,359,452,635,132,521,174,515,163,200,175,44,799,54,101,295,343,91,141,48,14,153,464,74,230,388,2,116,56,662,30,54,206,369,164,939,792,180,70,164,128,638,350,2190,288,283,245,768,711,1120,447,495,585,104,1080,859,509,353,410,641.5,1305
"09-Sep",280,326,475,673,157,548,136,522,168,184,172,39,818,62,97,272,340,90,130,46,15,146,469,64,225,387,1.7,99,56,642,30,54,205,369,166,963,751,188,69,162,94,1880,314,2170,280,280,239,728,686,1290,415,485,598,103,888,943.5,473,364,404,652.5,1385
"10-Sep",286,318,441,681,141,506,121,522,174,205,163,49,846,76,81,253,340,89,123,46,15,139,456,56,216,381,1.7,101,45,634,27,54,205,376,166,944,756,207,71,184,87,2500,288,2150,268,280,280,654,638,1310,416,485,612,110,780,971,449,355,398,585.5,1940
"11-Sep",236,300,416,677,136,384,125,515,174,207,128,52,838,83,94,241,346,94,88,46,13,157,455,51,215,375,2,103,25,626,30,56,196,372,167,941,765,217,72,196,110,2570,309,2150,262,276,325,390,597,1320,424,485,588,107,726,961.5,438,335,414,518.5,2580
"12-Sep",179,326,416,681,134,355,127,515,171,205,126,54,814,82,145,262,340,89,77,47,13,185,428,54,213,371,2,103,21,622,43,54,195,376,176,938,751,225,70,196,190,2220,312,2140,259,273,330,200,529,1390,429,482,562,108,695,889,405,299,404,492.5,2795
"13-Sep",216,330,427,688,134,391,127,501,179,205,128,60,799,89,147,258,337,50,72,47,10,186,382,56,216,372,2,103,18,614,39,50,191,369,170,954,739,226,72,195,203,1540,308,2130,277,274,224,350,536,1350,444,482,516,116,692,625,378,254,373,501.5,2590
"14-Sep",226,318,438,677,211,402,132,453,181,202,131,50,776,104,145,250,346,39,75,72,11,186,380,57,195,370,2,101,14,610,36,50,182,341,166,980,731,218,73,189,198,1060,308,2130,286,276,125,500,545,1320,457,488,479,114,679,784,373,237,365,490.5,2235
"15-Sep",209,326,452,662,326,406,130,442,174,202,126,60,723,158,148,316,346,34,84,59,20,224,376,63,215,363,2,101,9.6,610,35,52,200,341,165,981,755,214,74,188,167,932,309,2120,275,280,116,600,538,1290,457,489,477,120,617,989,367,238,364,516.5,1950
"16-Sep",185,322,441,601,366,417,79,449,176,192,99,101,734,164,152,403,346,24,115,30,21,231,374,66,221,356,2,101,22,602,32,53,191,354,154,975,739,214,88,179,163,878,309,1950,265,277,114,630,537,1250,410,471,476,121,609,993,384,237,360,540.5,1895
"17-Sep",191,311,430,631,355,476,70,446,176,153,99,99,707,174,147,490,346,15,132,50,18,217,377,64,219,336,2,101,126,594,32,53,186,344,110,970,730,211,84,167,162,687,311,2010,280,280,102,590,448,1220,381,468,463,117,801,973,515,240,363,540.5,2070
"18-Sep",238,315,434,665,362,487,70,463,176,119,97,99,696,221,145,494,346,21,107,52,17,194,380,91,222,329,2.5,118,157,578,33,53,172,341,99.7,988,746,214,64,162,154,513,307,2130,312,279,85,586,382,1200,376,481,449,177,880,927,790,243,375,565,2095
"19-Sep",168,285,434,643,359,484,68,459,176,119,95,97,685,253,147,511,349,32,88,51,16,177,385,143,244,330,2,116,208,546,32,53,137,341,91.2,1010,912,233,96,169,123,442,309,2180,315,259,129,559,537,1170,363,493,448,117,795,912,769,244,382,601,2015
"20-Sep",238,337,452,469,362,491,70,429,184,119,88,101,682,278,150,546,349,58,71,49,14,165,394,135,227,333,2,120,239,538,33,52,132,326,86.2,992,1380,222,79,222,114,395,302,2210,315,211,183,505,562,1150,344,498,436,90.5,766,894,758,255,381,598,1905
"21-Sep",196,348,445,461,362,472,72,425,200,116,80,116,674,278,148,592,346,53,99,50,12,169,455,146,252,333,2,135,203,542,34,53,131,302,97.2,964,1680,216,65,276,117,437,303,2210,316,178,225,504,411,1080,381,486,416,88.2,1490,875,715.5,268,376,602.5,1820
"22-Sep",187,352,427,469,362,435,68,429,207,139,78,108,671,280,148,634,346,77,202,51,10,169,476,152,293,333,2.5,193,151,542,33,53,130,314,79.4,940,2440,199,59,273,121,532,286,2190,310,172,237,506,193,973,433,469,416,85.8,2420,867,695,295,377,581.5,1805
"23-Sep",154,322,423,398,351,435,70,439,213,112,78,106,678,280,152,588,352,184,219,55,9.9,165,472,150,310,325,2.5,190,69,538,33,54,125,290,89.8,928,3450,171,57,350,122,542,245,2180,289,181,235,549,175,925,418,471,421,85.2,2790,890,724.5,308,375,458.5,1850
"24-Sep",146,326,389,391,341,465,73,403,200,104,75,108,667,270,162,592,355,236,233,59,12,167,461,163,309,325,2.5,225,37,514,36,55,129,279,112,931,3690,166,57,357,122,507,226,2170,282,201,218,589,286,860,401,469,423,81.8,3030,902,814.5,307,379,381.5,1955
"25-Sep",145,322,399,410,333,484,73,377,210,108,76,110,635,272,158,626,358,241,233,59,17,159,454,164,312,355,2.5,257,64,486,38,56,130,282,108,928,3500,164,57,355,129,468,216,2150,276,209,182,523,427,843,355,465,409,86.1,3140,848,843.5,316,529,378.5,2200
"26-Sep",88,326,427,421,305,484,73,380,207,110,60,112,624,272,150,651,361,225,255,62,17,158,446,203,305,358,2.5,220,300,502,36,57,126,282,102,922,3130,164,57,292,145,474,222,2110,274,227,198,521,460,825,212,420,399,86.9,2920,767,767,380,1290,378.5,2380
"27-Sep",165,322,309,432,291,484,72,380,216,104,14,119,624,246,158,620,361,203,286,66,64,155,423,214,301,364,2.5,206,248,490,35,54,128,285,59,912,2680,163,57,179,147,534,244,2100,274,254,234,515,496,797,225,358,373,88.8,2500,501,700,448,973.5,370.5,2405
"28-Sep",176,330,486,435,252,491,72,384,218,110,40,123,620,210,158,553,367,192,291,69,96,159,394,206,314,373,4,260,222,498,34,57,136,285,47,905,2230,163,64,181,141,601,250,2080,274,262,272,525,504,798,487,352,348,89.2,2100,439,667,385,599,381,2330
"29-Sep",168,356,420,439,206,487,73,380,205,127,102,110,595,184,154,560,370,194,291,74,90,162,394,191,305,373,3,307,210,506,36,58,154,288,47.7,874,1980,166,72,205,125,606,238,2070,279,270,266,519,506,815,619,384,366,88.7,1870,393,647,318,449,409.5,2200
"30-Sep",172,337,406,446,227,532,81,390,207,134,88,101,554,182,158,595,370,201,288,74,80,172,395,211,311,376,3,287,214,506,36,59,160,288,39.8,861,1820,169,69,246,121,600,194,2070,319,304,264,523,516,824,557,391,366,105,1730,378,631,286,425,440,2140
"01-Oct",194,330,385,458,230,515,78,390,213,134,75,110,544,180,156,752,370,215,290,71,83,189,395,228,300,379,3,263,213,502,36,61,165,291,34.6,854,1740,167,65,303,113,505,184,2060,398,316,265,522,516,812,475,385,367,123,1510,614,619,278,387,509.5,2150
"02-Oct",238,318,434,461,188,494,73,390,210,136,76,110,530,178,154,1080,370,210,288,72,122,191,394,242,268,379,3,245,206,502,35,60,186,285,30.6,840,1670,164,61,303,116,361,195,2040,432,378,292,518,510,748,462,404,367,109,1540,758,605,269,356,802.5,2115
"03-Oct",207,326,341,454,130,483,72,374,184,136,75,108,527,182,196,1200,373,206,291,74,136,178,407,284,239,370,3,236,205,486,37,60,191,281,35.8,832,1620,172,59,296,102,340,208,2040,464,507,299,515,485,699,457,429,368,102,1760,766,618,270,330,1020,2080
"04-Oct",160,341,306,472,127,459,76,332,176,134,75,108,527,196,310,1130,385,199,295,78,140,186,441,269,212,349,3,229,204,433,40,67,186,278,55.2,827,1610,169,58,290,99,329,227,2030,455,593,311,494,459,696,459,397,383,103,1810,776,654,270,318,872.5,2055
"05-Oct",144,359,344,413,130,473,81,329,184,134,73,106,527,216,334,1000,400,197,292,89,142,183,448,241,221,313,3,224,200,353,42,80,196,276,60.3,826,1570,167,59,288,98,316,229,2010,442,570,363,434,476,732,450,366,380,104,1710,1125,713,280,318,747.5,2030
"06-Oct",163,359,379,421,130,480,75,336,179,136,76,106,530,216,328,901,418,199,289,76,130,189,465,233,218,316,3,220,203,394,44,78,264,282,68,822,1540,173,59,277,109,342,228,1970,443,487,328,428,461,778,440,366,406,104,1630,1430,717,255,377.5,838,2010
"07-Oct",172,359,438,432,136,490,81,345,171,139,78,106,557,221,238,818,439,208,290,66,91,187,451,236,220,319,3,260,179,403,45,78,273,284,73.9,822,1500,174,58,256,109,353,233,1940,454,536,252,434,463,789,410,368,401,104,1580,1405,714,183,418.5,1260,2010
"08-Oct",174,341,392,424,134,470,73,355,139,146,78,110,561,234,218,784,445,206,288,67,89,187,451,232,263,319,3,299,113,412,45,77,330,286,71.1,815,1420,170,59,233,109,347,226,1920,439,568,223,432,552,810,388,367,390,108,1550,1200,712,179,456,1070,1990
"09-Oct",156,330,402,373,137,432,57,352,121,156,78,112,544,236,210,760,439,202,297,69,72,194,458,244,352,295,3,307,91,419,45,75,481,287,70.9,809,1390,165,63,221,109,333,196,1900,401,571,189,451,679,832,388,375,394,111,1550,1090,707,177,441,882.5,1835
"10-Oct",115,348,363,461,141,429,55,352,116,153,81,119,540,238,201,721,442,195,300,72,78,194,448,269,372,253,3,302,90,419,55,82,516,282,74.5,786,1390,161,83,213,109,333,182,1890,396,587,137,447,635,853,389,444,390,116,1550,955,699,204,785.5,743.5,1655
"11-Oct",151,352,427,465,139,429,41,352,134,146,81,116,534,238,232,693,454,193,292,79,73,194,448,318,333,247,3,335,88,419,57,102,556,288,77,745,1360,143,87,183,108,371,178,1870,390,583,115,540,553,856,395,448,389,117,1540,622,672,280,1940,671.5,1625
"12-Oct",153,344,379,469,141,456,68,355,136,156,83,112,537,238,253,682,430,191,292,79,70,197,460,393,298,241,3,328,90,419,60,115,619,291,70.5,783,1320,141,73,134,108,406,174,1850,360,598,108,596,543,852,395,467,381,123,1530,531,621,311,2065,637.5,1615
"13-Oct",153,333,289,391,134,355,75,358,132,148,84,110,537,236,255,672,418,184,288,81,72,199,454,455,289,238,3,325,94,428,60,111,644,293,66.2,767,1310,141,68,128,109,410,174,1790,315,741,107,772,544,859,384,519,381,119,1530,569,592,316,3110,617.5,1580
"14-Oct",150,315,309,274,132,345,73,358,130,148,84,112,537,236,232,658,445,191,287,86,70,197,453,436,285,244,4.1,322,97,479,59,115,646,293,81.4,756,1290,137,67,120,107,409,169,1720,297,861,102,766,544,836,360,519,378,120,1570,914,595,314,3120,582.5,1525
"15-Oct",160,359,338,255,132,340,79,364,151,148,84,112,530,236,176,654,457,188,288,119,68,199,455,435,293,262,4.1,293,100,493,59,131,622,307,125,757,1270,129,68,110,105,409,148,1690,292,898,100,752,529,810,333,513,377,114,1540,1050,588,320,2275,629,1530
"16-Oct",142,382,366,265,136,330,79,374,171,151,83,112,530,238,182,648,439,186,291,139,69,217,447,434,288,316,4.1,259,103,488,72,174,565,334,151,762,1230,129,68,107,108,381,181,1610,315,929,119,783,589,775,324,507,378,96.5,1450,1050,581,343,1615,927,1525
"17-Oct",133,394,382,225,137,320,79,368,161,161,83,108,420,238,203,623,427,184,311,141,69,223,440,403,288,319,5,235,99,470,73,197,488,338,207,764,1190,129,71,109,128,320,216,1500,332,930,223,765,687,734,324,498,383,97.9,1370,1030,604,336,1250,969.5,1525
"18-Oct",161,359,338,212,137,330,75,364,139,166,83,110,317,238,234,595,421,188,352,142,67,223,409,364,287,322,7.5,230,126,445,68,199,454,336,296,768,1130,124,72,109,119,309,146,1470,383,927,262,720,806,718,334,474,386,122,1330,992,591,354,1030,878.5,1525
"19-Oct",185,371,323,228,136,314,69,364,134,161,83,110,305,238,248,609,439,188,325,140,66,207,417,327,292,319,8.8,225,117,436,68,197,438,346,549,779,1090,123,71,110,109,306,132,1460,463,923,251,710,899,704,309,446,384,131,1260,914,579,437,931,777.5,1510
"20-Oct",191,352,338,230,125,310,66,364,134,163,86,110,302,243,199,616,484,182,308,143,69,229,434,409,296,322,9,217,134,427,66,191,436,341,1280,801,1070,123,72,115,114,257,125,1410,550,906,242,704,890,679,270,433,386,130,1250,877,550,458,868,757.5,1485
"21-Oct",154,375,332,233,118,300,69,371,127,168,91,106,290,250,194,623,532,191,299,139,83,271,441,433,285,322,9,210,155,419,104,193,442,336,1680,812,1060,126,72,123,118,201,127,1390,625,832,227,664,858,673,279,434,395,133,1270,866,521,451,749,1270,1485
"22-Oct",130,405,369,258,102,320,68,374,110,168,125,108,278,246,241,616,518,186,294,139,81,307,433,438,282,322,9,201,158,417,96,189,475,335,1490,831,1050,130,67,98,131,170,142,1380,637,731,211,607,809,673,288,433,385,128,1240,855,479,446,683,2135,1470
"23-Oct",110,394,353,333,90,310,68,374,112,171,134,99,278,236,250,612,532,184,294,139,88,307,431,442,288,318,9,177,164,420,76,192,416,334,1180,809,1040,144,65,96,149,149,165,1300,565,692,214,599,776,669,301,433,384,111,1380,839,466,438,892,1870,1445
"24-Oct",70,386,298,384,88,310,76,364,110,171,134,104,275,216,253,616,525,182,293,137,88,310,429,377,285,342,9,158,157,454,70,190,404,332,924,806,1010,131,64,95,134,146,171,1180,560,680,306,596,755,659,275,433,383,108,2230,838,463,546,1100,1450,1445
"25-Oct",109,356,347,391,87,317,65,368,108,176,130,106,284,199,236,616,518,188,289,137,92,307,428,375,285,348,9,148,148,430,74,191,400,338,797,817,975,128,65,87,143,151,173,1170,583,728,288,595,740,654,191,448,382,107,2800,802,460,777,2370,1230,1455
"26-Oct",124,375,329,395,90,320,70,425,112,171,132,108,323,194,216,626,494,193,286,137,94,310,425,446,286,334,9,148,151,342,88,188,395,339,780,818,964,119,67,79,125,178,177,1230,627,1020,231,592,737,653,181,455,382,111,2520,764,452,798,2415,1110,1530
"27-Oct",121,382,309,424,90,314,70,470,112,171,132,104,353,192,205,630,475,188,278,135,95,314,422,459,286,337,8.5,146,145,318,89,195,390,338,707,819,958,122,91,76,122,183,194,1190,549,1120,195,588,732,653,185,445,383,112,2030,763,443,717,1730,985.5,2135
"28-Oct",119,363,314,521,87,299,68,459,112,168,132,101,359,203,201,630,466,184,299,135,94,317,426,507,282,324,8.5,113,144,306,89,269,389,337,629,822,956,138,67,81,115,190,218,1170,478,1080,182,585,796,656,247,441,382,113,1700,764,441,472,1270,898.5,3510
"29-Oct",117,330,369,551,88,284,62,442,127,156,144,102,356,212,203,630,469,193,292,134,92,310,428,536,283,324,8.5,110,145,302,89,194,387,339,626,810,967,147,60,79,116,192,209,1170,440,1050,204,586,916,656,356,448,382,116,1900,762,443,392,1050,923.5,3955
"30-Oct",100,341,312,597,90,305,79,409,146,132,161,102,350,210,199,634,460,191,288,134,95,352,440,538,284,337,8.2,128,134,318,86,180,387,336,646,816,976,152,70,79,109,145,189,1140,330,1050,229,564,923,655,371,450,386,112,2570,763,438,359,941,1935,3390
"31-Oct",75,318,295,555,90,329,75,396,132,127,148,104,372,210,199,620,433,186,291,136,99,348,443,538,295,320,8,158,140,410,88,180,387,336,720,816,985,166,83,80,97,130,159,1070,271,1060,229,505,852,652,347,452,369,116,2880,763,437,330,952,4420,2750
"01-Nov",78,182,292,384,67,326,56,429,132,123,146,104,407,212,199,606,433,184,311,140,103,338,423,535,332,331,8,161,136,390,86,184,388,331,576,813,988,186,69,83,95,90,161,1080,265,1090,386,498,726,639,366,469,351,129,2670,752,406,342,939,4675,2485
"02-Nov",102,254,269,410,67,323,48,442,130,125,144,101,401,210,196,609,448,184,319,136,96,348,373,538,311,328,8,161,134,373,86,183,385,313,539,813,987,187,67,80,94,70,174,1070,275,1180,378,502,708,626,337,497,351,130,2240,739,390,343,876,3685,2480
"03-Nov",101,240,261,410,129,287,57,439,130,106,141,65,398,205,192,602,433,184,317,135,97,412,396,541,288,325,8,167,134,417,84,184,391,309,793,810,977,187,65,61,94,90,176,974,272,1200,392,500,722,591,337,496,351,130,1890,736,409,345,854,2665,2485
"04-Nov",100,304,249,458,153,380,68,436,132,62,136,99,398,205,194,609,424,184,313,133,161,440,393,538,286,325,8,194,136,418,84,184,388,304,938,809,914,183,66,123,94,130,143,954,260,1010,333,500,704,589,346,483,351,132,1820,716,400,346,829,1950,2495
"05-Nov",95,330,217,532,159,317,91,432,144,27,136,127,398,216,196,606,430,184,315,131,209,429,393,538,286,322,2,209,126,419,83,181,388,296,867,808,816,183,68,115,94,160,161,950,256,1300,323,518,706,584,347,469,352,140,1770,647,374,345,860,1675,2450
"06-Nov",90,401,201,525,150,299,83,436,144,51,136,116,372,220,196,609,439,182,315,128,217,274,384,541,282,319,2.5,212,125,421,101,184,381,301,812,809,797,183,55,106,91,200,216,942,255,1310,292,505,756,585,360,461,351,108,1730,610,370,346,892,1495,2445
"07-Nov",94,515,256,487,137,157,50,429,146,120,136,116,398,218,199,609,436,153,312,128,220,338,389,538,281,313,3,212,121,421,119,183,380,300,775,807,804,179,74,104,65,185,292,971,251,1320,259,564,865,586,392,455,351,103,1700,606,371,343,1125,1385,2455
"08-Nov",102,527,254,435,148,281,27,406,139,160,130,101,407,216,199,598,460,188,311,130,221,429,387,508,280,316,4,218,109,417,125,181,399,301,711,812,817,175,71,104,68,152,304,969,250,1130,254,623,957,588,436,439,353,123,1670,605,372,341,1395,1315,2445
"09-Nov",73,470,254,424,148,393,20,339,141,160,88,110,394,216,196,598,373,186,309,129,226,600,387,480,271,316,5.5,228,108,419,125,183,408,329,678,814,706,173,67,105,96,122,257,930,251,1040,273,601,945,584,513,407,352,131,1620,600,378,336,1260,1255,2430
"10-Nov",83,405,225,435,146,494,21,654,144,160,101,121,401,214,201,595,442,184,306,126,225,564,387,480,273,316,7.5,147,119,382,127,180,391,325,557,836,848,179,65,116,72,111,225,880,266,1110,329,580,611,589,550,406,354,162,1510,612,490,287,1080,1210,2410
"11-Nov",123,375,262,495,144,368,19,720,136,150,141,125,401,212,199,595,532,182,303,125,243,446,387,490,268,316,7.6,105,114,330,125,184,270,281,346,838,795,157,50,141,74,106,204,875,295,961,353,550,537,594,547,408,355,154,1460,614,538,271,965,1170,2375
"12-Nov",126,394,238,521,148,235,15,483,141,120,153,119,401,210,196,595,567,182,302,126,222,408,387,500,268,322,7.5,155,126,420,123,180,255,277,469,836,971,133,72,144,66,106,201,858,337,833,309,530,500,588,557,404,357,146,1450,620,538,271,916,1150,2355
"13-Nov",156,435,236,536,143,260,24,403,139,110,163,101,398,205,216,560,439,184,300,94,213,401,387,500,268,328,7.5,377,114,420,125,177,220,277,553,828,1030,128,80,142,64,120,165,871,350,898,316,520,520,585,557,406,353,129,1430,625,546,270,1070,1150,2325
"14-Nov",176,409,236,529,148,220,49,364,136,140,153,90,382,176,229,500,525,184,299,78,206,404,380,500,262,319,7.5,430,103,400,125,186,320,275,598,836,1030,124,80,145,80,230,148,856,348,928,319,540,580,587,546,406,355,133,1410,630,583,281,1410,1150,2295
"15-Nov",172,348,241,480,148,230,43,419,141,150,156,121,353,172,227,450,553,166,300,106,201,401,334,500,350,319,7.5,425,102,390,117,215,430,275,433,822,1150,123,74,151,81,244,159,843,316,945,214,540,640,585,544,403,326,124,1400,536,626,321,1450,1160,2270
"16-Nov",139,397,236,458,148,280,33,480,148,160,141,108,350,172,232,400,539,195,300,150,249,415,370,504,421,319,7.5,382,100,390,125,221,510,273,230,823,1170,131,53,80,84,178,244,839,268,937,220,530,620,585,549,403,330,121,1360,440,558,321,1400,1140,2260
"17-Nov",140,520,244,413,144,360,40,562,156,140,102,88,347,172,227,290,536,195,307,145,217,443,350,517,329,319,7.5,366,100,386,125,221,475,271,419,810,1130,132,29,90,85,206,318,839,250,928,262,520,560,582,596,402,344,113,1310,473,411,317,1360,1155,2225
"18-Nov",150,300,265,333,146,450,72,555,121,165,88,88,341,170,232,680,367,184,299,108,206,528,340,546,268,319,7.5,330,100,386,117,220,455,273,490,803,1050,122,45,94,96,222,289,856,279,832,222,520,520,562,645,397,370,102,1330,617,372,316,1210,1175,2155
"19-Nov",150,300,252,308,144,480,80,470,91,190,134,86,326,170,235,800,256,178,291,92,200,652,335,546,261,316,7.5,340,100,374,133,183,450,293,459,750,960,133,76,130,100,232,230,890,322,732,250,520,480,540,642,401,355,80.8,1370,839,363,314,1100,1175,2100
"20-Nov",150,360,265,341,148,460,75,650,258,195,181,97,284,168,145,620,475,186,262,129,198,680,335,543,252,307,7.5,450,100,366,140,148,390,290,440,680,930,104,71,140,103,254,165,896,334,681,300,530,450,517,474,402,330,92.1,1370,804,364,310,1000,1345,1900
"21-Nov",130,400,262,600,144,430,60,600,308,190,156,125,263,160,160,490,697,199,304,145,199,664,335,551,237,115,8,480,109,350,119,125,255,265,334,620,968,119,64,192,102,230,201,893,350,486,330,530,500,480,413,415,330,91.1,1360,812,389,286,829,1695,1775
"22-Nov",130,400,265,700,146,350,50,580,227,190,139,121,214,177,200,450,616,147,444,147,131,680,330,537,271,290,10,470,120,350,138,180,190,250,356,611,973,131,63,180,102,210,198,878,280,493,320,530,600,478,500,442,320,90,1360,816,422,263,873,1845,1585
"23-Nov",150,380,258,525,137,290,40,480,179,190,125,121,316,74,270,420,457,117,351,142,76,680,436,522,248,315,10,470,125,350,136,220,260,245,338,670,966,130,62,158,91,190,185,880,341,599,310,520,700,494,560,443,310,86,1340,650,425,262,951,1875,1660
"24-Nov",130,360,244,510,144,230,60,430,93,185,127,110,397,125,280,480,421,184,296,139,150,680,447,541,175,310,10,480,125,350,99,190,325,198,343,710,912,128,63,145,89,170,170,824,414,644,300,510,760,514,580,444,310,85,1340,520,423,323,1020,1865,1705
"25-Nov",130,380,244,506,150,280,60,340,127,180,148,110,331,150,250,400,412,240,288,138,140,680,345,574,182,280,10,480,125,348,81,170,360,165,382,758,968,124,64,147,65,160,160,703,429,751,290,500,820,530,600,459,310,140,1330,500,421,332,937,1725,1775
"26-Nov",130,380,158,502,132,280,60,380,136,170,136,91,346,148,235,420,412,141,286,138,110,664,300,571,226,300,10,470,125,348,90,164,350,230,382,753,973,128,63,160,60,220,140,495,348,724,300,490,887,548,630,455,330,220,1320,560,380,303,812,1565,1835
"27-Nov",130,400,118,484,153,190,55,460,140,170,91,73,352,139,220,480,409,92,299,133,85,556,290,561,296,310,10,460,125,348,100,141,320,268,344,692,957,127,56,170,50,190,125,546,285,647,300,490,909,549,650,441,340,190,1320,630,300.5,252,724,1525,1865
"28-Nov",120,420,132,435,129,130,50,420,250,170,56,79,346,158,245,530,412,110,283,134,85,415,280,555,287,315,9.5,450,125,216,105,175,355,265,288,668,987,126,36,180,70,150,140,559,327,559,320,540,929,549,690,280,360,155,1290,580,272.5,223,702,1505,1875
"29-Nov",140,500,210,359,102,190,45,330,250,170,38,85,352,145,220,570,415,200,390,134,100,395,275,547,249,315,7,440,125,121,110,198,390,220,244,710,1040,122,40,172,78,120,170,566,297,617,320,540,951,547,740,240,350,135,1230,495,250,236,704,1485,1845
"30-Nov",140,460,230,351,124,190,40,260,240,180,23,90,346,130,225,600,364,210,312,133,100,380,300,526,243,315,6,415,125,201,120,162,400,195,345,737,951,120,46,170,80,105,200,576,449,636,320,550,984,529,800,420,350,136,1120,510,238,281,762,1465,1720
"01-Dec",130,460,238,421,130,180,50,300,240,180,140,95,346,118,250,590,260,215,408,136,105,350,410,520,234,235,5,364,120,300,75,155,420,205,354,744,898,111,52,160,82,96,251,563,603,640,310,540,1100,510,830,550,340,137,1020,560,257,302,775,1450,1530
"02-Dec",110,460,219,465,120,180,55,380,180,180,180,104,343,106,240,590,285,215,423,135,110,560,430,520,219,295,5,347,120,320,53,133,452,245,348,693,825,114,57,125,86,93,213,456,702,595,300,540,1290,511,830,480,330,124,980,630,318,309,780,1420,1580
"03-Dec",110,500,200,544,130,180,55,380,180,180,175,101,346,119,210,560,445,210,360,136,110,570,410,510,208,315,4.6,327,120,320,101,152,480,245,419,642,776,113,58,106,90,90,189,422,717,566,290,570,1290,511,800,470,330,99.1,980,670,364,311,785,1340,1620
"04-Dec",120,580,188,480,130,160,50,380,170,190,175,88,340,139,210,510,495,200,250,129,110,600,380,510,205,315,4.6,300,120,402,131,159,410,235,482,726,864,114,57,147,98,95,176,396,558,531,280,570,1390,511,760,470,330,96.1,990,685,382,308,775,1170,1670
"05-Dec",120,620,178,450,130,140,50,400,160,210,175,73,302,160,215,480,470,195,180,134,110,680,410,510,203,315,4.6,300,120,402,118,152,370,250,508,802,771,102,56,160,101,105,130,387,250,538,260,560,1420,502,730,500,330,96.4,970,680,380,301,750,1030,1695
"06-Dec",110,600,164,600,130,190,48,410,150,210,170,60,246,154,220,460,455,190,170,142,110,670,420,510,205,295,4.6,300,120,354,113,180,310,250,488,821,838,116,56,150,102,115,135,350,270,456,400,550,1420,450,690,560,330,95.5,960,675,389,295,720,867.5,1715
"07-Dec",110,620,167,660,130,190,45,380,150,210,160,85,150,158,225,440,435,190,200,142,130,670,415,490,200,280,4.6,310,120,302,103,228,285,250,430,814,840,114,56,117,102,120,130,320,300,514,420,550,1410,400,660,600,340,95,975,670,380,297,690,756.5,1715
"08-Dec",110,620,159,640,140,170,55,380,150,210,155,65,180,81,225,440,410,190,250,140,135,580,412,480,137,310,4.6,320,120,280,83,240,250,250,463,827,914,114,52,116,105,120,150,310,400,542,450,550,1440,440,610,670,350,95.5,980,670,378,313,660,792,1685
"09-Dec",120,620,148,580,220,160,55,400,150,200,155,85,210,40,225,460,375,190,290,138,150,520,408,460,124,295,4.6,310,120,225,94,214,280,250,461,828,981,113,45,114,105,125,200,310,300,365,500,550,1560,497,590,740,360,97.1,985,680,376,331,620,799,1610
"10-Dec",120,620,161,484,240,170,55,410,150,210,155,75,200,101,225,480,290,190,295,140,155,640,406,450,210,305,4.6,307,120,250,92,207,330,250,420,821,743,113,46,113,105,140,220,300,450,337,500,560,1600,543,540,800,360,85.4,990,695,378,336,560,788,1655
"11-Dec",130,480,199,476,230,170,55,280,150,210,150,70,250,162,225,520,350,185,294,145,155,680,402,440,222,305,4.6,350,120,250,99,192,350,250,402,808,649,113,40,112,106,125,230,300,280,456,480,560,1480,460,520,900,360,80,990,710,382,338,520,760,1730
"12-Dec",120,480,181,548,230,170,65,370,150,210,150,80,300,160,215,600,415,185,282,139,155,690,400,450,211,304,4.8,380,120,200,130,218,360,250,388,779,732,115,50,111,105,120,230,300,300,428,470,580,1280,440,530,960,360,78,935,730,377,346,510,714,1775
"13-Dec",130,460,176,536,220,180,75,460,150,210,150,75,350,150,205,560,420,175,242,134,165,660,398,460,200,280,5,400,120,250,135,220,395,250,309,761,678,134,52,110,103,110,226,360,360,392,450,620,1190,420,540,950,360,77,775,780,392,359,500,642,1765
"14-Dec",130,440,181,460,220,180,80,510,160,220,150,70,410,164,185,500,425,150,175,135,165,665,396,460,192,240,6,400,120,310,125,205,390,250,388,748,641,163,50,109,84,100,231,410,420,443,440,710,1170,400,560,880,355,77,687.5,830,418,383,500,604,1770
"15-Dec",130,400,186,380,230,160,80,500,160,220,145,65,400,184,205,500,415,150,280,135,165,680,395,460,186,165,7,400,120,318,125,174,370,220,413,740,688,200,48,108,123,95,230,420,460,483,430,730,1140,390,580,730,355,76,620,900,433,392,500,598,1750
"16-Dec",130,360,195,400,230,150,80,500,160,220,140,65,400,210,275,520,425,180,296,138,160,670,393,467,177,270,8,400,120,310,125,173,350,190,420,760,703,168,41,107,137,105,226,410,470,500,420,710,1080,380,590,600,350,75,625,920,440,395,505,637,1690
"17-Dec",130,360,197,380,230,150,78,470,170,220,150,65,380,192,245,520,445,190,287,140,160,560,390,488,168,280,8.5,400,120,325,125,189,350,165,352,753,723,170,55,106,117,110,228,400,460,540,440,650,920,330,600,530,350,74,667.5,940,437,391,505,744,1655
"18-Dec",140,440,208,410,230,150,70,420,170,200,150,65,360,192,260,460,440,190,283,140,155,520,388,480,162,290,8.5,400,120,358,110,215,355,200,299,737,786,185,54,105,90,115,235,390,440,510,380,590,800,300,650,480,350,81,680,950,434,386,500,791,1700
"19-Dec",120,520,206,450,230,150,80,410,170,190,145,65,360,178,310,520,435,165,279,140,140,640,387,504,160,310,8.5,400,120,350,69,238,355,240,377,732,862,190,56,103,80,120,235,380,420,434,320,540,710,370,720,410,350,92,610,930,428,378,500,811.5,1760
"20-Dec",120,540,206,470,230,170,80,410,170,200,140,55,330,168,280,560,435,165,256,138,150,720,385,469,160,310,8.3,390,105,350,105,238,345,260,396,729,906,190,56,101,70,125,160,370,410,422,400,530,600,410,800,420,350,100,555,910,428,369,500,821,1790
"21-Dec",120,540,202,470,230,190,75,400,180,210,135,60,340,168,260,560,430,170,250,134,160,700,380,484,160,305,8.3,340,105,350,115,226,332,240,400,739,900,190,53,100,65,130,180,350,410,434,440,520,520,430,840,500,350,110,545,890,432,361,500,831.5,1810
"22-Dec",130,500,199,400,230,200,70,400,180,220,130,65,340,164,250,540,295,160,254,121,160,680,378,507,160,300,8.2,260,105,350,115,220,352,228,342,752,899,190,54,99,60,135,180,340,410,456,430,500,500,450,800,540,330,110,525,890,431,358,510,853.5,1830
"23-Dec",130,500,200,350,230,210,70,400,180,210,150,70,240,180,265,520,290,180,197,123,160,670,375,564,160,290,8.2,262,105,380,115,214,370,215,297,755,904,188,56,98,55,140,180,330,410,462,420,480,500,480,710,440,320,110,520,885,431,355,520,884.5,1810
"24-Dec",130,480,193,400,230,220,65,370,180,190,150,70,310,176,240,520,415,180,148,140,165,720,374,564,158,260,8,312,105,380,105,204,375,210,295,725,900,160,50,97,60,160,205,320,410,469,400,460,500,480,680,350,330,110,530,890,434,351,541,918.5,1770
"25-Dec",130,500,191,420,230,220,65,380,180,190,155,75,340,154,205,460,425,185,244,140,170,680,370,562,158,230,8,380,105,380,100,200,330,198,281,687,886,120,45,96,62,170,215,310,420,469,330,460,500,470,680,380,350,110,600,900,433,350,604,927.5,1740
"26-Dec",130,500,186,410,230,220,75,350,180,200,150,80,340,148,235,460,380,165,238,138,170,700,370,542,158,220,8,380,105,380,115,209,285,230,308,722,869,105,47,96,64,190,220,300,430,466,350,470,510,460,670,440,360,110,670,900,418,360,655,918.5,1730
"27-Dec",140,460,184,400,210,230,75,320,180,210,140,80,360,139,230,380,420,150,249,135,165,640,368,530,155,210,8,439,105,400,115,208,345,260,310,748,876,119,50,96,66,210,220,290,430,459,360,470,520,460,660,540,370,115,710,900,389,364,712,908.5,1730
"28-Dec",130,460,184,370,210,220,70,310,180,200,125,80,350,118,235,420,430,145,250,136,163,680,367,515,155,200,8,464,105,420,120,192,340,245,323,732,862,123,54,96,68,220,215,290,430,453,380,460,520,460,640,560,370,115,730,910,361,365,809,905.5,1725
"29-Dec",130,460,193,360,200,180,70,220,180,190,140,80,400,131,255,540,435,150,245,132,160,684,365,497,155,200,8,469,105,430,120,178,255,230,253,731,853,130,48,96,66,230,205,285,440,483,400,450,540,450,630,530,370,115,730,930,345,360,849,899.5,1690
"30-Dec",150,500,188,300,200,210,70,300,200,180,140,80,450,132,255,580,440,170,229,125,155,702,365,464,155,200,8,461,105,430,120,190,370,238,211,717,854,160,52,97,64,220,175,280,420,534,450,440,540,450,630,500,360,120,725,970,335,355,846,895,1630
"31-Dec",150,460,188,350,180,250,70,350,240,170,135,80,450,138,235,560,435,140,191,125,150,693,364,446,155,200,8,436,105,430,125,202,390,240,243,722,807,180,54,98,65,220,140,350,400,542,440,420,540,450,630,500,340,135,720,980,330,351,816,888,1480
