DIA,1966,1967,1968,1969,1970,1971,1972,1973,1974,1975,1976,1977,1978,1979,1980,1981,1982,1983,1984,1985,1986,1987,1988,1989,1990,1991,1992,1993,1994,1995,1996,1997,1998,1999,2000,2001,2002,2003,2004,2005,2006,2007,2008,2009,2010,2011,2012,2013,2014
1-jan,164,152,150,168,149,156,153,195,317,365,276,312,328,334,348,303,336,352,375,311,264,315,,312,,,350,326,,354,358,395,348,394,347,363,397,356,364,370,373,379,368,388,386,395,469,386,389
2-jan,158,150,150,169,159,155,147,239,315,358,287,296,331,351,333,305,329,330,385,312,268,310,,313,,,343,312,,356,362,423,350,385,346,353,417,342,383,365,375,406,378,380,389,378,432,392,385
3-jan,158,151,148,170,165,152,143,216,297,317,273,282,369,347,326,315,340,337,364,314,278,308,,341,,,343,308,,352,360,460,365,382,365,362,390,360,395,405,416,423,365,378,395,373,415,390,379
4-jan,164,160,147,171,159,160,143,236,310,301,291,285,384,333,314,342,339,379,348,315,282,310,,327,,,342,304,,352,354,454,366,370,357,387,383,375,380,408,448,395,370,399,392,378,405,379,374
5-jan,172,178,154,173,154,180,147,236,305,284,307,305,371,331,293,348,326,359,338,315,284,360,,370,,,342,302,,378,352,417,361,385,350,396,374,412,377,413,430,402,375,389,386,397,396,374,377
6-jan,164,184,156,172,156,195,153,213,287,274,283,316,432,353,287,342,324,359,302,315,293,320,,363,,,332,303,,362,372,397,353,401,345,374,366,412,376,419,437,439,365,384,378,396,384,376,379
7-jan,172,183,151,173,150,174,148,195,271,267,273,346,417,370,333,322,350,352,350,319,295,317,,372,,,322,309,,354,379,381,346,415,339,364,372,399,407,422,429,422,364,371,375,393,379,372,376
8-jan,190,175,150,174,148,177,182,183,268,269,286,406,382,353,338,318,358,333,355,338,281,307,,,,,318,324,,353,381,369,350,402,354,361,373,377,418,398,414,409,363,359,401,388,375,374,379
9-jan,198,171,158,173,170,175,210,179,252,258,300,387,446,343,348,308,361,301,336,329,289,305,,,,,323,333,,357,373,372,366,393,365,391,401,369,391,388,408,398,371,352,462,394,399,377,388
10-jan,186,175,186,171,196,198,200,174,250,249,293,373,460,341,328,302,386,310,367,326,291,297,,,,,337,345,,396,367,384,359,395,365,387,400,358,376,391,411,393,379,352,469,401,402,385,389
11-jan,194,185,214,174,192,189,187,175,247,255,262,368,410,345,330,300,371,320,369,318,292,344,,,,,363,365,,375,378,396,345,418,357,376,388,353,376,405,439,382,385,351,460,401,388,400,381
12-jan,214,202,227,178,174,182,175,170,240,294,245,351,424,346,342,302,358,316,338,308,297,293,,,,,375,363,,364,364,378,342,398,343,375,434,353,380,385,405,387,423,365,438,420,414,406,380
13-jan,190,198,230,182,163,171,171,179,270,299,246,335,489,342,335,314,356,373,324,300,306,340,,,,,373,354,,361,366,375,341,396,346,373,423,360,388,386,390,393,409,354,418,419,418,408,381
14-jan,196,192,227,175,166,166,169,173,270,287,242,313,442,354,323,322,355,399,314,310,322,323,,,,,368,341,,347,392,373,353,379,360,367,414,356,375,386,376,398,403,349,435,432,429,421,382
15-jan,176,181,243,172,187,178,167,175,262,274,240,302,418,369,312,335,362,408,308,337,340,322,,398,,,372,324,,343,389,372,353,396,349,372,410,376,360,405,370,399,404,344,422,419,433,415,383
16-jan,172,184,270,170,232,190,174,188,272,263,254,300,419,360,300,345,369,384,311,356,332,336,,347,,,379,319,,340,372,405,348,407,342,357,412,391,355,393,366,413,417,381,430,410,401,441,408
17-jan,166,207,251,169,195,172,181,192,299,245,255,291,408,347,295,342,350,369,309,352,330,329,,410,,,376,309,,348,359,380,371,401,333,356,401,390,345,385,362,403,400,383,430,409,496,428,401
18-jan,160,206,259,168,187,165,174,224,333,229,254,297,405,349,306,350,317,383,300,351,321,302,,384,,,372,308,,346,352,413,408,402,328,357,384,370,341,396,362,392,393,378,428,425,400,413,406
19-jan,156,219,262,175,172,164,174,205,317,279,240,308,401,339,312,350,305,391,351,341,316,305,,378,,,369,354,,346,352,428,380,397,333,355,374,374,338,404,381,388,379,394,404,421,399,409,400
20-jan,160,246,231,179,160,171,172,200,305,262,236,361,389,330,307,331,297,473,350,330,310,301,,366,,,363,354,,352,357,418,366,379,342,357,365,370,336,404,376,385,417,382,499,419,399,404,404
21-jan,164,238,232,195,161,177,173,197,283,266,256,406,376,326,324,315,292,456,337,327,297,340,,362,,,365,349,,358,350,439,355,365,334,353,361,364,348,415,367,412,398,371,425,432,397,400,415
22-jan,164,262,198,228,160,197,194,208,269,246,257,456,420,323,319,314,296,401,326,324,311,335,,350,,,363,344,,361,345,443,353,359,339,347,381,375,375,408,367,401,457,363,414,431,399,403,424
23-jan,164,285,180,280,160,185,191,209,269,234,276,396,379,329,308,329,312,392,344,312,316,326,,392,,,345,348,,357,340,415,356,359,363,343,374,388,373,404,358,398,451,352,413,415,410,403,429
24-jan,168,292,239,264,159,172,200,263,262,221,271,347,352,344,303,332,326,383,361,374,310,389,,364,,,342,357,,340,338,442,352,363,349,362,371,400,373,399,352,391,439,351,402,403,398,400,413
25-jan,172,254,230,244,157,159,229,316,255,210,257,352,348,339,313,326,330,392,351,449,305,391,,342,,,334,358,,349,338,438,368,367,343,369,366,408,379,390,349,374,430,350,401,398,391,399,414
26-jan,184,234,233,230,154,154,221,288,256,206,246,392,351,345,319,334,326,381,345,466,296,376,,336,,,324,345,,337,330,407,370,363,348,376,365,419,380,413,347,399,431,362,396,394,402,399,433
27-jan,196,231,248,215,165,149,226,279,248,221,235,464,351,352,309,339,333,371,340,474,286,361,,360,,,317,331,,392,330,405,382,367,373,362,354,421,383,407,347,403,432,385,399,393,408,412,422
28-jan,203,255,221,191,179,147,219,266,240,240,271,441,338,360,314,335,339,368,328,481,284,352,,346,,,313,340,,356,333,405,379,375,374,353,348,431,379,408,352,396,451,409,411,392,413,417,404
29-jan,231,224,206,174,185,145,224,239,231,244,273,429,328,393,318,333,343,364,324,491,282,352,,348,,,314,338,,347,330,439,381,385,392,353,354,404,374,435,403,423,429,433,412,403,408,406,401
30-jan,264,216,198,200,183,140,235,212,230,244,258,421,321,432,332,329,347,354,319,472,284,379,,352,,,316,328,,351,323,448,384,388,393,346,371,384,367,422,367,412,446,434,403,399,400,402,399
31-jan,263,210,187,211,190,145,224,204,253,265,279,409,310,435,345,326,394,352,307,438,279,375,,364,,,323,322,,357,322,453,440,390,377,359,372,387,363,414,363,410,449,395,440,388,395,399,395
1-fev,246,206,186,207,188,153,228,233,254,242,273,372,301,406,324,322,352,422,303,418,305,371,,398,,,322,322,350,363,338,457,417,410,369,351,373,385,363,444,378,402,445,396,425,381,391,425,389
2-fev,256,208,191,212,184,151,228,246,275,229,287,496,294,385,338,329,362,410,318,411,311,367,,354,,,330,321,349,398,333,448,387,410,358,345,371,405,365,432,377,396,437,401,418,391,392,417,384
3-fev,260,204,179,196,188,150,231,247,292,218,277,585,293,363,341,338,368,380,306,397,326,346,,448,,,335,330,345,409,347,437,400,402,349,343,371,392,377,435,388,397,422,430,396,382,396,407,379
4-fev,305,205,169,192,177,154,223,232,283,225,279,511,305,346,325,334,363,366,303,385,303,331,,354,,,336,350,345,391,364,446,407,391,341,338,381,396,387,408,387,396,411,395,385,372,393,420,377
5-fev,304,203,186,181,163,152,212,224,273,304,280,492,302,342,307,325,356,341,322,373,300,307,,358,,,334,346,343,411,364,454,376,384,340,352,380,379,387,406,379,421,402,388,381,377,392,442,376
6-fev,306,205,194,177,159,151,203,256,266,350,307,470,306,337,303,310,353,336,317,361,300,331,,362,,,336,347,371,416,369,428,364,373,348,356,379,379,393,402,373,410,401,383,388,386,382,428,375
7-fev,288,210,205,174,172,149,203,224,263,338,309,431,313,329,292,299,364,332,320,352,300,336,,370,,,337,333,366,390,377,396,361,363,355,353,388,379,380,385,368,420,395,388,380,398,369,424,373
8-fev,302,212,220,170,185,153,208,222,259,306,317,400,340,326,315,294,387,347,327,347,300,346,,396,,,337,428,370,462,371,373,376,377,368,348,419,394,375,379,365,433,401,385,376,396,362,472,372
9-fev,363,210,210,164,211,174,216,209,275,290,309,379,344,323,311,299,395,352,323,346,310,371,,438,,,337,394,360,445,359,374,379,381,379,358,414,391,376,378,422,434,395,388,391,391,360,511,373
10-fev,378,207,227,164,217,179,224,202,256,288,307,379,341,318,338,301,359,345,324,388,316,359,,450,,,344,377,358,421,345,373,364,377,404,355,402,387,376,377,403,413,392,387,412,393,363,489,374
11-fev,353,211,230,173,210,172,218,193,252,308,315,375,318,326,368,300,365,361,347,431,312,339,,472,,,379,362,361,406,334,375,370,370,426,383,391,377,366,374,421,392,401,390,418,392,366,472,378
12-fev,355,220,229,181,211,163,230,192,258,287,312,363,310,317,349,302,349,358,336,401,315,325,,475,,,376,363,365,392,332,379,360,369,413,369,395,395,358,359,420,401,407,388,402,388,377,452,377
13-fev,358,218,212,187,200,158,241,206,235,280,302,350,305,357,412,312,341,356,330,373,325,315,,468,,,357,357,353,383,336,392,378,362,401,359,384,392,395,354,411,406,391,402,436,383,391,434,388
14-fev,330,219,221,175,183,160,291,231,230,292,306,341,297,386,395,321,334,355,323,358,333,335,,452,,,354,354,344,393,345,393,414,351,447,362,373,398,415,350,396,397,401,390,443,411,401,416,404
15-fev,299,229,318,209,172,157,306,256,226,271,321,346,287,381,386,323,328,352,326,352,318,334,,345,,,354,353,359,383,356,401,421,361,422,377,372,389,417,346,378,385,428,380,410,408,401,407,403
16-fev,283,233,302,205,166,156,277,218,238,262,356,339,288,370,370,319,329,352,320,346,310,329,,346,,,356,354,351,376,341,403,399,364,407,376,381,395,388,344,400,380,404,393,402,401,404,411,422
17-fev,275,263,265,210,170,153,308,224,243,247,339,338,290,378,355,315,336,346,309,344,326,324,,402,,,350,345,343,377,338,386,398,365,395,384,381,395,376,343,389,381,397,397,400,405,402,404,417
18-fev,257,266,251,210,173,155,303,263,230,265,351,338,289,387,350,306,339,335,305,339,325,326,,460,,,355,347,340,401,333,383,373,346,398,384,389,389,366,341,404,404,390,400,399,401,399,398,418
19-fev,243,254,244,203,179,151,283,289,239,274,328,329,287,366,338,302,363,327,298,335,352,329,,492,,,345,392,351,417,345,428,368,339,397,392,401,406,366,340,418,410,381,396,402,413,396,400,438
20-fev,236,233,240,201,183,171,268,276,236,256,316,322,295,351,324,301,349,335,298,327,369,325,,400,,,345,415,350,407,343,462,383,345,390,397,394,390,367,343,433,398,376,384,393,421,390,400,424
21-fev,243,249,290,203,194,260,265,274,220,254,297,325,298,346,319,309,318,334,300,325,358,319,,408,,,334,410,353,390,335,415,411,353,383,391,429,394,400,355,407,392,396,376,405,411,377,418,418
22-fev,251,250,262,182,211,262,272,245,217,256,289,343,317,330,325,315,315,337,291,323,346,318,,400,,,326,403,369,398,329,386,397,386,389,379,423,401,411,350,400,395,389,375,401,404,377,409,456
23-fev,250,269,286,179,216,230,271,237,213,262,286,345,328,313,338,329,340,367,288,323,330,320,,360,,,323,399,378,389,336,368,410,371,388,378,429,386,427,343,385,388,395,372,392,391,396,408,428
24-fev,249,265,286,175,219,202,249,230,212,255,287,333,330,327,353,343,345,373,288,385,307,325,,328,,,329,389,359,391,347,364,421,376,392,372,451,385,408,339,379,392,419,376,391,385,402,432,434
25-fev,272,271,298,175,214,183,232,232,209,252,284,325,335,328,394,344,344,363,284,386,296,323,,372,,,330,373,364,385,353,362,405,375,378,387,422,382,397,339,400,377,417,399,400,385,392,416,428
26-fev,274,279,278,178,201,175,251,229,210,241,287,326,324,335,395,341,352,370,311,321,290,319,,360,,,359,358,366,376,346,362,399,367,368,374,400,375,387,337,388,371,414,394,403,394,394,406,424
27-fev,260,253,254,180,189,177,225,228,206,244,284,335,316,337,425,346,371,355,305,332,286,315,,362,,,347,361,374,367,342,365,403,389,361,378,414,377,380,334,380,370,412,409,429,399,390,417,416
28-fev,252,227,228,179,178,173,225,219,218,245,296,321,315,331,428,346,387,355,312,358,280,319,,394,,,341,365,384,364,353,379,427,378,366,369,398,364,372,404,386,374,413,401,417,401,384,406,430
29-fev,,,226,,,,241,,,,,,,,413,,,,302,,,,,,,,334,,,,376,,,,402,,,,367,,,,416,,,,393,,419
1-mar,252,221,205,178,176,171,217,226,247,263,276,313,313,317,390,324,347,331,303,398,286,317,,334,,,335,367,368,353,368,390,401,380,414,361,385,375,368,391,381,369,404,382,457,404,388,419,416
2-mar,242,235,203,166,178,186,202,221,236,270,324,340,314,332,368,319,357,326,303,397,286,312,,364,,,353,367,358,353,354,370,422,375,401,356,403,379,363,382,373,378,391,372,441,444,373,423,410
3-mar,240,229,195,159,187,176,199,222,235,257,310,321,357,340,375,316,370,326,293,388,267,310,,360,,,346,354,359,352,357,377,408,376,412,353,395,396,358,381,368,384,380,360,423,473,382,422,407
4-mar,255,234,190,161,184,170,195,262,243,262,291,313,361,320,372,312,367,329,289,376,259,307,,370,,,349,354,358,354,363,359,389,397,397,355,380,394,373,377,407,381,370,355,408,511,377,415,411
5-mar,260,231,193,173,214,210,187,242,266,288,282,300,359,317,361,311,366,326,287,366,241,304,,372,,,332,394,341,356,374,355,390,396,420,355,370,383,376,364,418,375,364,354,401,505,398,407,409
6-mar,284,222,201,180,207,234,181,238,290,277,277,325,355,318,346,319,366,324,289,371,244,297,,374,,,333,386,342,359,376,345,401,397,403,367,370,377,378,358,407,366,365,355,394,562,378,401,410
7-mar,272,220,215,186,199,234,194,258,309,272,269,300,361,319,348,336,416,326,294,367,235,295,,374,,,334,352,329,369,365,339,399,407,385,383,368,366,370,345,401,360,372,353,382,597,377,407,421
8-mar,246,235,221,179,190,214,192,242,331,269,252,288,350,331,343,334,423,342,306,367,244,295,,368,,,331,344,323,368,390,337,411,404,389,383,372,380,385,343,391,359,383,353,378,552,373,407,416
9-mar,244,231,229,173,184,217,194,229,346,263,255,315,339,335,336,328,415,368,293,360,254,300,,366,,,330,339,317,383,380,360,388,405,400,379,372,366,378,347,389,360,404,353,372,545,373,398,404
10-mar,236,234,240,166,179,203,193,259,394,248,254,295,344,334,329,319,417,372,313,354,265,306,,358,,,330,336,311,363,384,359,380,402,412,396,369,379,363,352,410,372,391,367,372,518,385,397,452
11-mar,232,241,235,161,172,240,209,258,347,245,249,288,338,333,329,309,471,367,315,337,267,314,,352,,,352,335,314,367,370,360,382,382,402,370,391,376,357,350,390,366,410,380,371,498,371,391,485
12-mar,229,227,228,176,170,228,212,242,330,236,250,295,328,323,325,303,440,364,296,340,260,314,,390,,,344,333,314,361,362,365,375,381,405,391,392,395,351,348,379,365,403,383,382,474,366,392,440
13-mar,228,251,223,177,174,210,203,236,336,232,287,285,325,354,322,296,424,346,284,343,234,310,,384,,,346,334,312,360,354,366,375,364,401,393,393,382,346,346,371,367,402,373,373,482,366,403,437
14-mar,227,272,211,184,200,195,201,211,357,231,294,288,339,355,325,292,431,343,303,346,225,310,,410,,,351,338,313,368,350,364,370,355,406,373,391,375,354,358,367,366,401,386,373,469,363,401,418
15-mar,228,277,203,177,199,189,194,198,340,233,274,300,331,338,324,314,424,333,310,351,211,315,,394,,,380,342,312,363,356,361,376,352,445,373,379,366,359,365,391,367,427,385,380,447,371,400,418
16-mar,240,263,202,171,188,187,192,188,318,229,269,292,326,335,336,330,422,319,309,353,205,321,,382,,,369,344,309,356,376,354,395,351,426,377,383,363,363,390,383,382,423,388,410,432,382,420,400
17-mar,226,240,207,166,188,174,183,183,339,256,282,278,313,326,373,341,397,312,301,351,195,320,,400,,,363,331,312,348,357,366,388,373,387,371,381,366,364,372,385,365,410,385,396,441,397,434,399
18-mar,221,225,215,165,192,170,175,186,321,236,275,292,301,318,357,331,387,325,297,348,185,317,,396,,,356,328,322,342,371,364,392,374,375,367,370,379,363,365,384,398,397,377,391,443,406,441,398
19-mar,218,209,215,179,200,168,176,187,304,228,271,283,291,313,345,337,384,347,305,317,180,320,,496,,,340,332,329,354,356,348,441,374,374,365,384,405,379,372,380,396,389,389,385,437,424,447,394
20-mar,218,200,201,210,201,162,188,188,295,226,269,292,281,310,337,346,374,339,291,283,182,324,,418,,,329,340,334,353,351,357,410,392,402,389,393,399,365,377,377,388,382,386,381,449,411,446,399
21-mar,225,200,198,239,207,162,197,183,295,251,288,288,282,327,329,351,393,323,290,281,193,321,,392,,,340,344,342,357,350,373,409,408,443,374,414,395,357,377,379,389,402,398,377,436,392,422,403
22-mar,221,200,194,239,198,164,194,185,293,243,296,324,282,313,317,351,373,311,289,278,198,323,,418,,,340,353,342,356,367,363,400,394,414,361,402,393,348,379,368,380,400,390,386,433,394,402,412
23-mar,211,200,192,203,180,164,181,187,279,250,283,332,276,304,307,344,368,306,292,272,214,327,,396,,,334,379,338,358,360,353,398,376,403,353,418,378,345,395,378,377,400,387,382,463,410,398,405
24-mar,206,202,191,185,169,163,179,195,277,245,313,328,273,348,302,361,370,307,322,271,236,331,,382,,,315,382,330,363,349,350,387,367,390,346,438,380,344,410,370,383,393,379,385,471,419,399,402
25-mar,203,205,190,179,159,161,176,204,263,232,298,335,269,352,299,343,374,300,320,325,235,331,,362,,,309,381,340,367,339,369,377,373,378,352,428,375,340,410,370,373,380,389,396,468,393,422,405
26-mar,206,214,187,176,155,206,182,192,258,243,316,304,265,334,295,329,371,297,327,374,231,334,,368,,,306,379,383,359,341,356,374,362,381,357,416,397,338,406,374,365,383,393,395,454,386,409,419
27-mar,218,225,182,170,152,201,189,198,248,240,308,290,264,321,299,327,366,301,323,351,220,331,,388,,,316,382,373,346,350,346,370,361,387,347,399,402,336,391,372,359,385,392,408,446,383,400,414
28-mar,226,231,181,169,152,183,187,204,238,243,302,277,265,307,295,327,363,303,315,362,209,330,,382,,,310,392,360,337,355,353,365,362,387,349,394,400,334,383,367,355,397,402,402,434,380,389,415
29-mar,224,222,178,172,154,187,208,192,230,238,291,270,269,296,300,323,348,299,313,320,213,329,,386,,,329,396,355,341,356,355,370,361,372,349,389,381,333,374,366,352,379,399,419,436,381,378,423
30-mar,220,218,177,174,151,205,215,180,235,248,290,274,277,289,316,316,344,292,312,321,197,354,,378,,,346,401,350,350,343,340,375,361,370,349,380,368,334,367,370,351,376,399,413,429,375,372,442
31-mar,210,209,175,174,150,176,217,177,241,240,271,325,282,284,313,308,341,291,356,335,190,332,,386,,,339,379,345,353,334,334,391,365,360,341,372,361,334,358,358,350,368,398,404,433,368,370,420
1-abr,202,207,173,162,150,173,200,180,269,242,257,319,291,279,308,301,362,292,345,343,190,333,,388,,,331,371,336,392,342,338,393,369,369,343,365,369,335,355,351,348,366,401,400,435,365,369,415
2-abr,205,203,166,159,151,173,188,178,289,284,251,305,293,285,305,294,361,290,327,342,190,338,,372,,,327,358,327,384,349,339,385,361,372,347,362,393,350,351,348,347,389,400,404,445,362,369,404
3-abr,215,202,167,158,155,164,183,175,278,307,247,290,292,284,309,288,357,290,314,343,186,337,,369,,,316,350,320,360,350,336,385,351,380,352,361,390,345,349,348,346,412,391,406,457,360,370,396
4-abr,208,205,174,168,171,158,201,178,285,282,241,284,286,306,324,285,350,293,306,342,182,333,,358,,,310,354,317,347,343,328,373,347,370,358,358,397,346,356,354,346,422,388,402,462,361,384,397
5-abr,208,188,183,182,192,154,215,179,269,265,237,290,284,342,369,280,345,296,297,366,174,329,,352,,,305,353,319,334,332,326,359,345,366,357,357,410,365,359,385,346,410,392,399,461,363,397,395
6-abr,217,186,176,197,193,151,233,179,262,253,234,290,281,345,344,275,340,294,286,364,164,324,,333,,,302,339,338,331,329,325,362,339,363,347,355,416,396,362,393,351,380,402,394,434,364,397,389
7-abr,209,185,172,188,169,148,200,174,274,236,231,290,272,319,327,270,332,299,280,353,162,318,,334,,,304,341,356,332,325,328,364,340,357,343,354,408,394,364,394,350,385,405,378,423,362,399,389
8-abr,202,180,171,182,164,148,197,173,265,229,229,290,261,312,321,269,319,301,289,368,164,306,,332,,,313,341,351,334,339,328,359,340,351,346,356,398,392,356,381,363,375,392,370,411,365,408,387
9-abr,200,178,168,171,162,174,191,172,324,249,244,289,255,300,323,267,314,289,309,366,168,298,,334,,,325,344,344,340,336,325,378,348,349,339,357,387,372,349,397,372,374,382,364,402,381,403,394
10-abr,200,180,161,166,153,199,186,193,292,257,256,361,253,289,318,266,311,286,298,362,168,291,,334,,,328,341,331,337,339,322,359,353,345,335,353,394,354,344,392,356,369,384,360,393,377,417,398
11-abr,194,180,159,165,150,182,176,190,285,290,292,338,251,282,313,264,312,286,289,354,180,289,,338,,,326,336,320,338,373,325,362,367,344,336,358,408,366,340,386,350,365,379,357,387,370,398,
12-abr,188,180,158,166,146,174,171,196,274,271,296,308,250,278,312,263,325,302,285,352,180,290,,342,,,323,334,316,335,359,327,345,361,343,330,354,391,379,338,380,345,362,370,353,389,370,391,
13-abr,185,179,158,169,145,161,169,192,260,265,281,289,249,275,306,261,357,311,283,351,184,293,,350,,,327,336,314,338,344,324,342,347,346,328,358,387,347,336,366,349,366,367,353,407,367,428,
14-abr,179,180,158,175,144,156,165,203,255,253,266,275,248,273,309,260,343,313,284,347,191,296,,348,,,328,332,311,337,339,323,341,351,348,326,356,374,341,334,364,350,371,365,355,408,363,420,
15-abr,173,181,157,168,143,152,164,207,259,256,254,266,246,272,308,259,338,303,283,343,200,295,,354,,,321,328,310,337,336,345,343,355,345,325,374,360,349,332,368,349,377,366,355,400,369,409,
16-abr,168,180,154,161,142,147,163,195,255,241,273,260,245,271,307,258,348,291,277,339,224,297,,358,,,316,326,311,324,332,404,343,363,344,323,383,355,351,332,379,346,371,367,354,412,390,400,
17-abr,169,181,152,158,142,146,160,184,255,239,287,254,244,269,297,257,339,287,287,334,240,295,,360,,,311,324,308,320,350,395,390,377,342,321,374,352,349,332,366,341,367,363,353,419,379,388,
18-abr,166,185,152,157,140,148,159,181,278,235,264,270,246,267,293,256,337,281,284,319,263,298,,356,,,306,323,308,320,364,390,389,370,347,322,377,360,368,331,364,339,366,360,353,395,387,375,
19-abr,164,181,153,153,140,150,158,185,268,234,255,337,251,265,291,253,336,278,292,315,268,294,,344,,,304,322,315,351,356,397,389,360,363,323,369,358,353,330,368,339,373,357,353,391,377,369,
20-abr,164,177,158,150,146,152,156,187,267,231,249,337,264,265,285,251,326,275,287,311,279,298,,352,,,304,320,319,355,347,386,376,349,375,321,360,384,353,330,365,337,411,356,354,385,365,366,
21-abr,164,175,197,150,150,156,155,192,252,225,241,317,279,271,280,252,370,276,285,309,280,300,,356,,,371,318,323,363,330,390,361,342,373,321,356,368,353,331,363,342,393,355,352,381,364,367,
22-abr,164,170,186,150,146,156,154,190,248,218,246,306,276,278,277,254,356,277,283,307,280,302,,354,,,361,322,320,357,322,366,347,339,362,330,357,370,352,333,358,346,382,354,352,378,379,369,
23-abr,163,168,180,150,145,154,153,193,244,212,236,289,286,282,274,256,341,280,294,306,278,296,,352,,,353,333,319,344,321,360,352,337,351,381,352,361,351,335,360,352,368,353,351,379,394,368,
24-abr,161,162,169,150,140,147,152,191,271,209,235,276,282,278,272,257,324,280,293,295,275,294,,350,,,345,327,316,350,319,345,348,337,343,357,347,353,351,335,357,351,364,353,354,377,383,371,
25-abr,160,172,160,150,140,145,151,184,266,214,246,262,274,273,271,258,319,282,287,292,275,291,,322,,,341,328,315,337,316,337,347,335,339,355,346,345,354,334,355,346,362,352,353,374,374,371,
26-abr,160,180,154,150,142,143,151,178,263,212,233,256,263,267,269,265,313,294,279,291,271,281,,328,,,331,321,315,331,316,334,341,334,337,348,345,344,345,371,352,346,361,351,353,373,369,371,
27-abr,162,178,153,150,154,140,151,173,263,207,230,253,254,261,267,285,311,318,300,288,272,275,,318,,,329,318,311,329,315,331,338,333,337,348,344,343,354,368,348,347,361,351,351,370,398,371,
28-abr,162,171,155,156,160,140,151,170,255,203,232,251,250,259,266,309,307,306,348,285,262,275,,314,,,331,315,309,326,315,329,336,332,336,339,343,341,355,356,346,364,355,350,351,370,392,371,
29-abr,162,200,157,180,155,139,154,167,244,200,245,253,246,257,266,329,301,289,329,282,260,278,,316,,,328,316,307,325,314,330,332,330,354,331,342,340,352,348,344,358,357,351,353,370,391,372,
30-abr,158,197,163,190,153,138,157,164,233,203,230,264,247,261,264,321,300,284,307,303,260,283,,318,,,330,314,309,323,313,330,336,329,354,329,341,339,342,344,342,361,393,350,356,382,395,371,
1-mai,158,178,183,207,151,138,154,162,225,244,228,276,269,295,263,307,292,281,324,307,260,290,,352,,312,359,309,309,317,314,325,335,325,348,326,345,339,370,341,340,367,384,349,362,401,398,370,
2-mai,156,170,176,213,146,137,152,162,219,260,224,277,273,291,264,278,288,277,337,306,260,297,,356,,311,363,305,309,316,312,323,328,327,343,324,348,338,365,339,341,359,378,348,359,399,385,369,
3-mai,162,172,162,228,144,137,150,170,214,265,220,278,268,288,268,271,288,273,347,302,260,313,,352,,310,341,306,308,314,308,322,327,325,338,324,346,340,356,342,340,352,368,348,355,396,375,367,
4-mai,170,172,157,226,141,140,149,186,210,242,219,273,257,290,273,270,288,271,337,297,260,318,,348,,311,351,309,307,313,306,320,327,323,337,325,344,340,360,334,338,346,361,348,351,389,369,367,
5-mai,169,165,153,217,140,150,148,198,207,230,220,263,249,329,273,272,288,269,326,277,257,304,,344,,314,338,317,305,315,305,318,336,324,335,323,359,340,351,332,336,343,363,340,351,382,364,366,
6-mai,168,164,150,206,141,152,148,187,205,221,223,266,245,320,267,272,288,267,308,293,256,299,,340,,318,328,336,305,336,305,317,345,322,334,324,369,346,361,331,334,341,348,340,351,376,363,367,
7-mai,166,162,150,181,145,153,147,189,203,221,224,267,243,320,264,275,286,266,291,289,251,297,,336,,313,319,338,305,354,304,316,343,325,338,324,355,342,361,330,333,340,346,342,353,374,362,369,
8-mai,164,160,152,170,148,151,147,182,202,217,225,260,241,311,262,263,286,265,286,285,250,301,,328,,322,315,329,303,354,303,314,337,325,341,322,353,340,368,329,332,340,343,347,356,371,361,369,
9-mai,163,160,158,162,150,149,147,176,200,215,222,269,240,308,261,258,286,265,277,284,257,309,,312,,320,312,328,301,353,303,314,330,359,338,321,362,339,354,329,333,340,344,345,355,369,360,367,
10-mai,173,159,161,158,156,146,147,176,199,214,245,266,239,305,260,256,284,264,274,286,270,310,,311,,317,309,321,303,353,303,314,329,354,336,322,365,337,347,328,332,339,347,345,352,367,360,366,
11-mai,190,158,165,154,153,143,146,192,198,208,239,,238,305,259,255,284,263,275,297,280,293,,310,,314,308,318,302,346,304,312,326,342,334,321,355,336,342,329,331,340,348,345,351,365,359,365,
12-mai,193,156,164,153,151,140,145,191,206,203,237,264,237,300,260,253,285,262,275,294,276,287,,309,,312,307,314,323,332,307,312,325,335,331,323,348,336,340,330,332,339,348,346,349,364,379,366,
13-mai,188,155,157,150,146,139,143,199,264,199,230,258,236,292,260,253,282,263,278,290,270,281,,308,,310,307,311,315,326,310,312,323,331,330,326,341,336,347,328,332,338,347,345,348,363,442,365,
14-mai,185,155,153,150,144,139,143,188,245,198,225,,235,285,261,252,284,267,277,288,308,279,,308,,313,315,315,314,323,304,331,326,328,329,327,337,336,377,328,331,339,348,346,348,364,447,366,
15-mai,183,155,150,150,140,138,143,174,237,196,221,,235,278,261,252,284,265,283,286,328,277,,307,,313,333,335,309,316,305,360,363,327,327,331,339,336,363,326,331,339,356,378,348,363,427,366,
16-mai,182,154,150,148,138,138,143,168,220,196,218,,237,273,258,252,286,264,281,285,332,272,,306,,314,321,337,308,314,307,371,359,325,327,328,338,337,350,326,330,339,360,373,346,362,403,366,
17-mai,182,154,150,147,137,137,142,164,210,195,222,,268,264,257,252,287,278,276,284,295,268,,305,,315,312,327,307,314,306,356,342,325,328,327,338,336,349,326,328,338,383,361,348,362,393,369,
18-mai,178,153,150,146,136,136,142,161,206,195,297,,268,257,257,250,292,307,274,284,283,271,,304,,314,304,322,304,314,325,348,333,324,328,340,338,335,343,325,328,337,367,357,353,361,381,369,
19-mai,172,151,150,146,136,136,141,160,207,195,296,,278,254,257,250,287,293,273,284,280,275,,303,,312,298,318,305,312,339,336,326,324,338,338,336,336,341,325,328,336,356,353,376,361,377,368,
20-mai,171,151,150,145,138,136,141,160,228,196,303,,263,252,258,250,281,296,271,287,292,276,,304,,310,297,317,311,310,333,326,321,323,333,328,334,335,340,324,334,336,348,350,369,360,375,368,
21-mai,171,151,149,145,140,134,141,159,238,195,301,,263,251,272,248,283,313,271,286,300,271,,303,,309,297,315,341,307,356,323,320,323,330,325,359,335,342,325,355,337,343,350,362,360,373,368,
22-mai,178,151,149,144,144,133,140,159,226,193,276,,258,251,333,246,296,310,269,285,290,270,,303,,311,299,310,361,305,339,333,317,321,327,324,375,334,341,327,368,342,342,349,358,358,369,367,
23-mai,203,151,147,144,146,133,189,158,212,192,266,,256,248,309,246,293,299,266,284,283,267,,304,,320,305,308,378,305,328,370,318,320,325,348,364,334,345,336,366,389,341,348,355,358,369,368,
24-mai,229,151,146,144,147,133,198,158,202,190,255,,258,246,296,246,321,306,264,281,272,264,,304,,332,312,308,354,304,323,358,318,320,324,377,355,346,361,342,350,385,339,347,356,357,387,368,
25-mai,224,151,147,144,144,133,258,160,197,188,244,,260,245,282,246,358,312,264,279,271,267,,304,,332,315,306,342,304,319,344,318,320,325,367,342,359,349,343,348,382,340,348,356,356,399,369,
26-mai,205,150,149,144,139,163,217,168,233,187,240,,290,244,271,245,341,294,262,279,269,270,,303,,323,307,305,329,304,322,335,318,319,324,355,334,344,343,373,346,377,340,347,357,354,389,370,
27-mai,182,150,150,143,138,207,200,195,284,186,237,,288,243,265,244,326,286,260,278,260,269,,302,,314,305,306,326,305,324,333,320,319,324,387,333,345,359,375,343,358,340,347,357,354,382,369,
28-mai,172,150,149,143,138,189,183,186,259,186,237,,285,243,262,243,315,284,258,275,260,266,,300,,311,303,307,329,305,327,328,322,320,324,377,331,340,344,360,340,345,340,347,355,354,376,368,
29-mai,169,150,148,142,136,189,170,172,245,186,264,,288,243,260,243,303,287,256,276,260,263,,299,,310,299,308,326,305,319,326,324,320,323,361,329,338,339,350,339,341,340,354,354,353,375,366,
30-mai,164,148,147,142,135,165,160,163,226,186,315,,303,248,259,242,293,284,259,275,260,259,,297,,309,298,309,324,305,313,330,348,319,323,351,328,337,336,340,337,340,341,366,352,354,374,370,
31-mai,162,147,146,142,135,152,156,160,213,186,279,,337,261,258,242,288,295,262,275,270,257,,297,,307,298,317,322,305,312,321,348,320,323,344,326,336,336,335,336,338,341,358,351,353,374,377,
1-jun,161,146,145,141,133,145,152,157,205,186,263,,328,262,259,241,290,314,260,275,296,262,,296,,306,302,349,323,306,311,321,337,320,322,338,326,334,338,333,334,336,340,354,350,352,373,379,
2-jun,161,146,145,140,133,141,148,156,200,186,249,,317,258,258,241,287,301,257,273,296,270,,296,,306,304,340,317,305,310,317,335,316,321,336,325,334,341,335,334,338,342,354,350,351,369,376,
3-jun,160,146,143,140,132,139,145,155,214,185,242,,312,252,255,295,286,304,258,271,290,276,,295,,306,305,342,313,304,311,316,323,315,322,332,325,333,346,332,333,339,342,353,350,351,368,416,
4-jun,159,164,142,140,131,139,145,154,238,187,238,,299,248,255,321,284,288,257,269,267,285,,294,,306,304,344,308,300,311,316,326,313,323,330,324,337,356,330,332,340,343,351,350,350,366,398,
5-jun,159,176,142,139,131,138,144,154,238,188,239,,277,248,254,301,283,283,256,271,260,288,,293,,306,303,391,304,298,311,317,323,316,321,328,324,341,350,329,332,341,343,349,351,350,365,388,
6-jun,158,170,140,139,130,138,144,153,229,188,268,,268,248,252,280,289,281,257,272,260,290,,295,,306,304,392,302,297,310,409,322,315,320,327,323,343,341,327,331,339,343,349,351,349,367,379,
7-jun,156,162,140,138,130,136,144,152,221,188,292,,262,248,251,311,285,279,258,275,264,286,,293,,307,303,351,298,297,310,408,320,316,319,327,322,348,338,325,333,337,343,348,350,349,391,372,
8-jun,155,166,140,138,130,136,143,152,214,186,258,,261,247,250,310,280,280,258,277,260,289,,292,,306,303,341,297,298,310,388,320,316,318,329,320,340,337,325,334,338,339,346,350,348,394,369,
9-jun,156,188,141,137,130,135,143,151,206,186,244,,264,246,248,289,280,277,259,275,259,283,,290,,309,304,319,297,298,308,379,319,318,319,330,320,339,335,325,333,337,340,346,349,347,388,368,
10-jun,156,179,141,137,130,135,142,151,200,185,237,,265,246,248,271,286,275,258,275,261,273,,299,,312,308,309,295,297,307,369,319,320,318,326,320,338,335,325,334,338,340,345,349,355,378,367,
11-jun,154,178,140,136,130,135,142,150,196,185,233,,260,246,247,263,285,278,257,274,261,269,,308,,311,309,308,294,298,306,346,317,318,317,326,319,335,335,325,333,337,340,346,347,374,374,366,
12-jun,153,172,140,136,130,141,142,151,195,184,232,,258,245,247,258,279,275,253,269,258,264,,304,,311,309,308,294,296,306,336,318,321,316,324,321,334,344,324,334,336,340,347,346,367,371,367,
13-jun,152,162,140,136,130,158,142,151,197,182,230,,256,244,247,256,278,273,249,270,254,261,,310,,309,306,307,293,296,306,330,319,321,316,324,321,333,352,323,334,335,341,355,346,361,370,367,
14-jun,154,160,139,136,130,185,142,150,195,182,228,,251,243,248,256,277,271,258,274,254,259,,305,,310,302,308,293,296,306,419,318,320,316,322,321,331,343,323,334,335,340,354,345,356,368,368,
15-jun,153,160,139,136,130,172,142,148,191,182,226,,252,243,249,256,275,271,258,275,254,259,,299,,309,298,305,294,296,306,437,321,321,316,321,321,331,337,322,333,334,339,352,344,353,367,367,
16-jun,150,152,138,136,130,161,140,148,190,182,224,,252,244,249,260,274,270,256,275,251,250,,297,,306,297,300,294,296,305,433,320,321,315,321,321,330,336,323,332,334,338,351,343,352,366,366,
17-jun,150,157,138,133,130,151,140,147,189,181,223,,246,246,249,287,274,270,256,274,252,253,,294,,305,299,297,295,297,304,405,319,319,315,321,323,330,334,324,332,334,339,362,342,351,365,364,
18-jun,150,160,138,138,130,146,140,145,189,181,221,,245,246,248,276,272,269,254,273,252,255,,286,,304,305,296,296,315,304,392,318,321,315,325,322,330,332,324,331,334,338,366,342,350,365,364,
19-jun,150,164,138,137,130,141,140,148,188,180,220,,244,245,246,268,271,268,243,272,252,259,,280,,304,305,298,295,319,304,379,318,322,316,329,322,330,331,325,331,333,339,363,342,349,363,363,
20-jun,149,151,141,136,130,139,140,152,186,180,219,,245,244,245,264,272,267,251,268,253,258,,278,,303,305,295,296,325,305,364,316,331,318,325,323,330,331,327,330,332,340,357,342,349,363,364,
21-jun,149,150,146,136,130,138,140,157,185,180,217,,246,243,244,260,275,266,249,267,255,255,,280,,306,305,296,298,320,305,362,317,336,320,322,324,330,330,337,330,333,341,351,341,348,376,364,
22-jun,149,148,147,136,130,137,138,155,186,179,216,,243,242,244,255,276,265,248,266,255,259,,295,,311,305,295,304,314,305,348,319,333,320,321,323,329,328,348,330,333,343,348,341,347,418,363,
23-jun,148,147,149,136,129,137,138,153,195,181,214,,242,241,244,253,276,265,246,265,252,261,,294,,325,304,297,312,314,306,344,317,330,319,320,322,329,329,337,330,333,345,347,342,347,402,364,
24-jun,148,147,145,135,129,136,138,151,200,191,212,,242,241,244,252,276,264,244,263,256,261,,290,,327,304,298,312,314,306,341,317,327,318,321,323,329,329,333,330,332,344,347,343,346,393,364,
25-jun,148,147,143,135,128,135,138,150,194,193,212,,240,240,257,252,277,264,246,265,258,258,,300,,322,304,298,315,315,306,340,316,325,317,322,322,329,330,330,329,333,343,346,344,346,380,365,
26-jun,148,146,141,134,132,134,138,149,191,190,212,,239,240,268,251,275,265,252,271,261,254,,303,,316,304,298,316,324,305,336,314,327,314,321,324,328,330,328,329,333,344,347,342,346,373,368,
27-jun,147,146,140,134,136,132,137,149,187,185,211,,239,240,266,250,274,267,251,274,264,257,,308,,314,304,301,317,331,304,335,313,325,314,322,324,327,331,327,329,334,344,347,342,346,368,406,
28-jun,146,146,139,133,140,130,137,149,185,181,211,,237,240,271,249,274,269,252,273,264,260,,310,,310,304,303,310,324,304,334,314,325,314,324,324,328,330,327,329,333,343,347,341,347,366,403,
29-jun,144,146,139,132,144,130,137,150,185,180,211,,237,239,263,248,273,267,254,270,264,263,,320,,308,304,303,304,319,313,334,312,326,314,323,324,327,330,326,330,334,343,348,341,348,365,396,
30-jun,145,145,138,132,140,129,137,156,183,179,212,,236,239,256,247,272,266,252,271,264,268,,330,,308,304,303,304,316,304,333,312,354,313,322,324,327,329,329,330,333,343,347,340,347,363,378,
1-jul,146,145,137,132,130,129,137,162,183,179,213,213,236,239,252,247,282,266,252,272,262,272,,331,,308,304,302,304,314,310,334,311,345,312,322,324,327,330,329,330,335,343,346,340,345,361,373,
2-jul,147,144,136,132,130,129,137,154,181,189,213,213,236,239,250,247,312,264,254,272,262,267,,324,,307,304,301,305,311,307,335,310,335,313,321,324,326,329,328,333,335,344,344,341,344,360,403,
3-jul,149,144,136,132,130,129,137,156,179,197,213,213,235,238,252,247,303,263,254,275,253,264,,318,,306,303,300,305,308,306,334,310,334,313,322,323,326,328,327,338,334,343,343,342,344,360,384,
4-jul,149,144,136,131,130,132,137,161,177,229,213,213,234,254,252,248,287,261,251,275,253,263,,324,,304,303,300,306,305,305,332,311,328,313,322,321,325,329,325,347,333,342,343,341,345,360,375,
5-jul,148,144,136,130,130,152,138,162,177,230,211,211,234,255,251,247,273,262,249,273,253,259,,333,,303,303,301,306,304,306,332,309,326,314,321,321,326,327,325,340,333,342,343,341,347,360,369,
6-jul,148,145,136,129,130,167,138,154,176,222,211,211,234,244,249,247,268,262,252,277,252,260,,329,,304,303,302,306,303,305,329,309,328,314,320,321,326,326,326,339,332,342,343,341,347,359,366,
7-jul,148,145,136,129,130,165,139,151,175,206,210,210,234,240,247,246,267,262,252,283,252,259,,323,,303,303,301,307,301,306,329,309,330,313,320,323,326,327,326,339,333,341,342,340,345,358,365,
8-jul,147,142,136,129,129,159,155,149,174,197,210,210,234,238,246,245,264,259,251,288,252,255,,319,,303,303,300,308,299,306,328,308,328,312,319,323,326,327,326,336,332,341,341,341,344,360,364,
9-jul,146,142,136,129,128,147,167,147,174,188,209,209,233,236,245,244,264,258,250,284,252,250,,313,,301,303,302,312,298,305,326,308,326,313,320,325,325,335,325,334,332,340,340,341,343,358,362,
10-jul,146,142,135,129,127,139,170,145,173,184,218,218,232,235,244,243,272,257,250,280,252,249,,308,,301,303,300,311,300,304,326,309,326,312,320,326,326,349,325,334,332,340,340,342,343,359,362,
11-jul,146,142,135,128,127,135,175,144,173,183,215,215,231,235,245,242,269,256,249,269,252,247,,305,,301,303,301,308,302,304,325,310,324,313,323,324,326,349,325,333,334,340,341,342,342,358,360,
12-jul,146,141,135,128,128,136,170,143,172,180,212,212,231,235,246,242,272,256,248,269,252,249,,303,,302,302,302,306,301,304,324,309,324,312,322,324,327,345,324,332,335,342,345,341,342,359,359,
13-jul,144,140,134,128,128,135,165,142,171,180,210,210,231,235,245,242,274,256,248,268,252,250,,301,,306,302,301,305,300,303,323,308,323,314,326,324,328,341,323,332,333,341,348,340,341,358,359,
14-jul,143,140,134,128,128,135,161,142,170,180,209,209,230,234,244,243,275,255,247,268,252,250,,300,,309,302,300,303,298,301,325,308,322,315,329,325,327,341,323,331,334,340,347,341,341,360,358,
15-jul,142,140,133,128,128,134,156,141,170,179,207,207,230,234,243,243,273,255,247,268,252,248,,299,,309,302,301,304,297,301,322,311,322,315,327,324,327,333,324,330,334,340,345,344,340,360,357,
16-jul,145,140,133,127,128,131,155,141,169,178,207,207,230,234,242,241,271,255,248,265,252,250,,297,,305,302,303,305,297,301,322,314,321,315,326,324,326,331,323,329,333,339,343,344,340,358,357,
17-jul,145,140,133,127,127,131,153,141,169,177,206,206,245,235,242,241,275,255,248,265,252,249,,296,,303,302,302,306,297,301,321,314,321,314,324,323,325,332,322,329,333,338,342,344,339,357,356,
18-jul,146,140,132,127,126,130,150,141,168,177,206,206,251,235,243,240,292,255,247,264,252,251,,295,,299,302,302,305,299,301,321,312,321,315,323,323,325,335,327,328,333,338,343,345,339,356,356,
19-jul,148,140,132,127,124,129,147,142,167,177,206,206,253,240,242,239,331,256,247,263,250,250,,293,,299,302,302,302,298,301,321,312,321,316,321,322,325,344,341,328,333,337,341,346,339,357,356,
20-jul,147,140,132,126,124,128,145,144,167,177,204,204,250,258,242,239,305,256,248,262,250,248,,292,,299,302,301,302,297,301,321,311,322,315,320,322,325,337,349,327,333,338,340,347,338,356,355,
21-jul,145,138,132,126,124,128,143,145,168,177,204,204,249,251,240,239,286,256,248,261,250,248,,290,,298,301,299,301,297,301,322,311,320,315,321,322,324,332,338,327,334,337,340,348,338,356,359,
22-jul,142,138,132,126,123,129,144,144,169,178,203,203,248,245,240,239,280,257,248,261,250,249,,289,,298,301,299,303,298,300,322,311,321,316,321,333,323,332,332,326,332,337,339,347,338,355,361,
23-jul,142,138,132,126,123,129,144,143,168,179,203,203,246,251,240,238,275,257,247,263,250,253,,288,,298,301,300,357,297,299,322,310,320,320,320,373,323,331,329,326,330,336,342,346,337,354,359,
24-jul,142,138,130,126,122,129,143,142,167,179,201,201,241,273,239,238,277,257,247,263,250,256,,287,,298,301,300,339,296,299,321,310,321,346,324,371,322,330,328,325,329,336,355,344,338,355,359,
25-jul,142,138,130,125,122,129,142,142,167,178,201,201,238,299,239,238,275,258,248,262,250,255,,285,,298,301,299,325,296,299,320,309,321,350,324,357,322,328,328,325,341,335,363,344,338,356,358,
26-jul,142,138,130,125,122,129,142,143,167,178,201,201,237,286,238,237,273,258,248,262,250,259,,284,,298,301,298,313,295,298,321,309,318,333,324,346,321,328,328,325,372,337,348,343,336,355,357,
27-jul,142,138,130,125,122,129,141,142,166,177,200,200,236,266,237,236,270,258,249,260,250,261,,284,,297,301,298,308,296,298,318,310,317,327,331,334,320,326,327,325,352,336,349,342,335,354,356,
28-jul,142,138,130,125,122,129,140,142,165,177,200,200,234,255,236,236,269,259,249,261,250,259,,284,,297,301,298,304,295,298,317,309,317,322,332,329,321,327,326,324,345,337,349,341,335,354,356,
29-jul,142,138,130,124,122,129,140,142,164,177,199,199,233,247,237,236,269,259,249,260,250,260,,283,,297,301,298,302,296,300,316,310,316,320,330,326,320,326,326,324,340,336,347,341,335,354,356,
30-jul,141,137,130,124,122,132,139,141,163,177,199,199,230,241,236,236,268,259,249,262,250,261,,283,,297,301,298,302,295,304,316,309,315,318,325,326,320,325,326,323,338,336,345,340,335,353,355,
31-jul,141,137,130,124,122,167,138,141,162,177,198,198,230,237,237,236,267,260,250,262,250,259,,292,,297,300,298,300,295,301,315,307,314,317,322,326,320,325,325,323,337,336,344,340,334,352,355,
1-ago,140,136,129,123,122,158,137,141,161,177,198,198,229,235,238,236,266,260,251,264,250,256,,303,,297,300,,298,297,300,315,307,314,316,318,327,320,325,324,323,338,334,344,340,333,351,354,
2-ago,142,136,129,122,122,153,136,142,161,177,198,198,228,234,238,235,265,260,250,267,255,260,,307,,296,300,,296,294,300,315,307,315,318,317,343,319,324,323,324,338,335,343,339,333,350,354,
3-ago,144,136,129,122,121,151,134,141,159,177,197,197,227,232,238,235,264,261,252,267,260,260,,305,,296,300,,295,294,300,315,307,315,317,316,352,320,325,322,325,336,336,341,339,334,349,353,
4-ago,146,136,129,123,121,140,133,142,158,177,197,197,226,232,237,235,264,260,254,264,270,263,,301,,296,300,,295,294,297,315,310,315,316,315,342,318,325,322,325,336,339,340,340,339,350,353,
5-ago,146,136,130,123,120,139,132,141,158,177,197,197,226,231,235,234,273,259,255,260,270,264,,297,,296,300,,295,297,297,317,314,312,316,314,334,318,324,321,324,335,342,340,339,344,350,353,
6-ago,143,136,131,123,120,135,132,141,158,177,199,199,225,231,235,233,280,258,256,259,270,268,,301,,296,300,,294,299,297,327,327,313,315,313,329,317,323,321,324,335,344,339,341,341,349,352,
7-ago,142,136,131,123,119,133,140,141,158,176,206,206,225,231,235,232,278,257,253,259,273,271,,309,,295,300,,294,300,298,329,357,311,314,312,327,319,321,320,324,335,344,338,341,339,349,352,
8-ago,142,135,131,123,119,131,142,140,160,177,207,207,225,230,236,232,279,257,250,259,271,269,,308,,295,300,,291,301,299,322,360,310,312,311,326,320,320,320,323,333,340,337,340,338,349,351,
9-ago,142,134,134,122,118,131,138,140,160,177,203,203,224,230,236,232,283,257,249,259,272,266,,303,,295,299,,290,297,299,320,349,311,312,310,325,325,320,320,322,333,337,336,340,336,349,350,
10-ago,142,134,138,122,119,129,138,139,159,177,200,200,224,229,235,232,279,257,249,260,272,261,,299,,295,299,,291,296,298,319,339,310,311,311,323,324,320,320,322,333,335,336,340,335,348,350,
11-ago,142,134,139,122,119,128,138,139,158,178,221,221,223,228,235,233,272,257,249,261,272,260,,295,,295,299,,291,295,297,317,338,310,312,310,321,324,320,320,321,332,335,335,339,334,348,351,
12-ago,142,134,140,122,119,126,138,139,157,178,209,209,223,229,234,234,269,257,249,260,272,258,,293,,295,299,,293,296,298,316,338,310,310,309,321,321,320,322,321,330,335,336,338,334,347,352,
13-ago,142,134,139,122,119,125,162,140,157,178,203,203,222,229,234,234,268,256,248,261,270,256,,291,,294,299,,294,297,298,314,331,308,311,309,320,320,320,321,321,331,335,337,336,334,347,352,
14-ago,142,134,138,122,119,123,178,141,157,177,209,209,222,229,234,234,266,256,248,261,286,256,,289,,294,298,,292,295,298,313,329,308,310,309,319,319,318,321,320,328,334,336,336,334,346,352,
15-ago,142,134,134,121,118,122,175,142,164,176,256,256,221,229,234,234,261,256,247,260,290,256,,287,,294,297,,292,295,299,311,327,308,309,307,318,318,318,321,320,329,333,336,336,332,346,350,
16-ago,141,133,133,121,118,122,163,141,198,175,238,238,221,228,234,243,258,256,247,260,292,256,,289,,294,296,,292,294,306,311,324,307,308,308,318,321,318,320,320,329,333,335,337,331,345,349,
17-ago,140,133,132,121,118,121,152,140,206,173,222,222,222,228,234,257,258,255,247,259,296,256,,284,,294,296,,292,292,312,310,322,307,312,307,317,320,318,320,319,328,332,335,338,330,345,349,
18-ago,139,133,131,121,118,121,142,139,197,173,220,220,224,228,234,262,258,255,247,258,296,253,,283,,293,294,,291,292,307,310,320,308,323,306,317,320,316,320,319,328,336,334,338,330,345,349,
19-ago,138,132,131,121,117,120,139,139,182,173,279,279,225,231,234,257,258,255,249,257,290,250,,282,,293,294,,290,294,303,309,317,310,328,306,317,318,317,320,319,328,332,334,337,329,344,349,
20-ago,138,132,132,121,117,120,138,138,173,173,247,247,226,236,234,252,258,258,250,257,287,250,,281,,293,295,,290,295,301,308,316,308,322,306,317,317,315,319,320,328,331,337,337,329,344,349,
21-ago,138,132,132,120,117,119,138,138,166,173,231,231,226,235,233,245,258,256,256,258,271,252,,280,,293,297,,290,296,301,307,321,308,315,305,316,316,315,320,320,328,331,341,336,330,344,348,
22-ago,138,132,131,120,117,119,137,138,162,173,215,215,227,231,232,245,258,258,312,256,286,250,,279,,293,301,,289,295,300,307,319,307,311,305,316,315,314,320,320,327,331,347,336,332,343,348,
23-ago,138,132,131,120,117,118,135,138,160,173,207,207,227,227,232,244,258,257,359,256,300,252,,278,,293,303,,288,293,298,309,314,307,308,305,317,315,314,320,319,326,330,347,336,333,343,347,
24-ago,138,132,131,120,117,118,135,138,158,172,204,204,227,226,234,244,256,256,340,256,300,251,,277,,292,305,,288,291,298,310,313,306,307,305,317,315,314,318,319,329,330,348,335,333,343,347,
25-ago,136,132,131,120,117,117,135,139,157,172,202,202,226,225,237,244,256,255,327,257,300,251,,276,,292,310,,289,291,298,310,311,306,306,307,316,315,314,318,319,327,330,353,335,333,342,346,
26-ago,136,132,130,120,118,118,134,139,156,173,200,200,226,230,236,243,254,254,318,258,312,250,,275,,292,303,,289,290,298,310,310,304,305,307,315,320,314,317,318,325,329,350,334,333,342,345,
27-ago,136,132,130,120,118,119,134,138,164,172,198,198,225,271,234,242,254,254,310,257,340,250,,274,,292,300,,289,290,298,310,311,305,305,314,316,323,314,319,318,326,329,358,334,332,343,345,
28-ago,136,132,130,119,118,118,134,138,168,172,196,196,225,278,233,242,252,254,301,256,280,247,,273,,292,296,,289,289,298,308,313,306,305,325,315,323,314,318,323,328,329,351,334,331,343,345,
29-ago,136,132,130,119,118,119,134,140,170,173,196,196,224,267,231,243,252,252,279,256,284,249,,272,,292,295,,289,290,298,305,313,307,344,349,314,320,314,321,338,329,328,344,335,330,344,346,
30-ago,136,132,130,119,118,119,135,142,160,172,196,196,224,251,230,243,252,252,270,256,286,252,,271,,291,296,,288,290,298,305,313,307,380,340,319,318,314,319,335,330,328,342,335,328,344,346,
31-ago,136,132,130,119,117,119,137,141,157,172,206,206,224,247,231,243,252,251,266,258,286,249,,270,,291,299,,288,289,300,304,311,306,355,325,341,317,313,318,330,330,329,340,335,328,345,346,
1-set,140,131,135,119,117,118,136,140,155,172,198,198,224,246,231,243,257,251,264,259,270,247,,,,291,308,,289,291,303,303,310,304,339,315,352,316,313,317,326,328,329,338,334,327,345,346,
2-set,142,131,137,119,117,118,135,139,155,171,195,195,224,239,231,242,262,253,263,255,260,249,,,,291,319,,288,290,302,303,309,304,333,314,345,316,313,318,336,326,329,338,334,328,343,345,
3-set,150,131,140,119,117,117,135,138,154,170,194,194,225,234,230,242,261,253,261,254,256,251,,,,291,327,,289,289,303,303,308,304,338,310,335,315,312,321,371,325,328,340,333,327,343,358,
4-set,169,131,142,119,117,117,135,138,157,169,193,193,224,233,230,242,261,255,259,255,277,251,,,,291,326,,289,289,307,303,308,302,339,308,329,315,310,323,358,325,328,341,333,327,342,375,
5-set,165,131,140,118,117,117,135,139,160,168,194,194,224,239,229,241,260,255,257,256,293,250,,,,290,322,,288,288,321,302,308,304,334,309,326,316,310,321,342,323,327,341,333,326,340,373,
6-set,157,131,137,118,117,116,135,139,160,168,197,197,224,243,228,240,257,255,255,256,300,251,,,,290,314,,288,288,363,302,309,305,326,308,323,315,310,321,334,323,327,348,333,326,340,365,
7-set,151,131,135,118,117,116,135,140,156,168,205,205,225,249,227,240,258,256,256,257,300,250,,,,290,308,,287,289,358,303,313,307,323,307,323,315,310,321,330,323,328,351,333,325,339,362,
8-set,149,131,135,119,117,116,136,142,155,168,212,212,247,238,228,239,256,256,261,258,368,249,,,,290,310,,286,289,335,304,314,306,323,305,323,316,310,320,328,321,329,357,333,325,340,357,
9-set,146,131,135,119,117,117,135,143,154,168,206,206,273,253,234,241,255,260,263,257,300,250,,,,290,308,,284,288,326,304,315,307,357,303,328,318,309,319,330,321,330,354,332,325,340,352,
10-set,145,131,134,119,117,119,136,145,153,169,202,202,263,330,256,266,253,265,260,255,270,251,,,,289,300,,285,287,333,304,338,329,370,303,327,337,309,319,337,322,330,348,332,327,340,355,
11-set,143,131,134,120,117,120,136,145,152,178,199,199,251,345,263,280,252,268,258,256,264,249,,,,289,296,,285,287,341,303,340,342,362,302,323,346,309,319,340,321,328,349,331,329,340,354,
12-set,143,131,134,121,117,121,137,144,151,190,198,198,239,320,252,266,256,270,256,256,253,246,,,,289,298,,284,288,332,305,325,337,348,302,321,338,308,321,339,321,327,351,331,331,340,351,
13-set,140,131,133,122,119,123,139,142,151,181,197,197,230,307,244,255,255,272,253,257,255,246,,,,289,306,,283,288,320,306,317,320,333,302,319,332,308,326,335,321,328,349,330,329,339,349,
14-set,140,131,133,122,122,123,146,143,150,175,198,198,231,296,243,245,264,273,252,256,252,248,,,,289,317,,283,288,312,306,313,316,328,303,320,327,308,327,330,321,339,347,330,327,339,347,
15-set,140,131,133,122,129,126,142,141,150,173,199,199,252,278,295,241,273,273,251,256,250,245,,,,320,330,,283,288,313,307,314,325,326,315,321,323,310,326,328,322,336,344,330,327,338,347,
16-set,139,133,133,121,134,123,140,140,150,171,259,259,256,270,320,242,274,274,251,255,253,248,,,,319,341,,286,288,307,308,310,347,328,324,329,324,312,325,329,322,332,341,332,327,339,346,
17-set,137,135,132,121,131,121,142,140,150,169,272,272,259,271,304,241,275,276,251,254,256,249,,,,314,340,,285,287,305,307,309,342,323,341,334,331,312,323,334,323,331,339,333,328,339,346,
18-set,136,138,130,121,129,118,140,142,150,168,260,260,251,269,287,240,273,278,266,254,250,252,,,,316,340,,293,288,301,307,309,331,322,334,331,340,312,322,329,325,330,338,333,330,342,347,
19-set,136,144,130,121,125,118,140,141,165,168,251,251,262,261,275,240,301,278,263,253,250,254,,,,315,341,,292,290,301,307,309,323,323,315,332,331,313,320,327,325,330,339,332,327,343,347,
20-set,136,146,130,121,134,118,147,139,191,166,243,243,252,256,265,240,292,278,258,253,250,257,,,,311,339,,290,311,300,308,326,323,322,312,328,327,311,320,327,322,328,360,331,325,343,349,
21-set,136,140,132,121,154,117,149,139,182,166,231,231,257,250,288,240,279,275,262,256,250,251,,,,305,340,,287,330,299,318,327,329,322,309,324,323,310,320,328,324,329,357,330,325,351,352,
22-set,138,140,131,120,147,117,144,141,171,166,219,219,243,238,312,240,277,274,286,260,250,254,,,,303,327,,286,333,299,334,321,340,314,311,322,320,310,319,333,325,336,351,330,324,399,350,
23-set,138,147,130,120,147,117,141,142,163,169,236,236,238,237,301,240,262,264,264,262,252,250,,,,299,331,,283,334,300,341,316,334,312,318,323,319,310,318,335,327,336,353,328,325,378,348,
24-set,140,144,131,120,138,117,139,140,158,178,240,240,231,238,284,238,259,258,260,262,256,248,,,,298,354,,283,331,301,330,313,329,312,325,329,317,310,319,337,325,337,370,333,326,367,346,
25-set,140,141,132,119,131,118,138,139,159,174,230,230,225,242,265,237,267,254,260,266,253,245,,,,297,357,,284,302,306,319,311,322,334,318,335,318,310,356,337,324,333,369,338,327,358,344,
26-set,138,138,132,119,126,122,138,138,156,183,224,224,221,247,253,236,274,254,256,265,254,246,,,,296,351,,283,298,307,327,309,316,314,324,331,319,313,370,343,324,331,363,337,326,356,345,
27-set,137,135,130,122,123,148,138,139,159,185,241,241,228,245,246,236,290,258,253,261,256,245,,,,297,336,,284,297,303,329,314,312,324,387,327,325,313,368,335,325,330,354,335,325,363,345,
28-set,142,134,131,122,123,151,140,144,166,180,253,253,261,246,250,236,276,272,254,261,256,243,,,,299,327,,284,302,302,322,325,310,323,369,321,337,310,358,332,325,328,348,338,325,362,344,
29-set,147,133,135,123,124,149,167,152,169,175,239,239,255,246,263,254,290,274,257,267,258,250,,,,308,317,,285,304,301,321,408,311,332,349,321,337,309,349,340,325,327,343,342,325,353,345,
30-set,146,132,133,125,127,137,162,160,174,173,222,222,244,248,282,310,273,270,262,265,258,250,,,,316,310,,285,305,302,322,391,313,343,338,320,332,309,342,353,326,328,341,354,327,349,350,
1-out,145,133,131,127,130,139,172,152,167,172,226,226,234,269,263,295,265,269,261,262,258,250,,,,348,308,,288,306,302,327,374,309,339,333,318,327,314,338,372,327,329,349,347,331,349,363,
2-out,146,134,130,130,128,138,161,148,164,171,221,221,228,258,253,277,258,267,263,260,258,305,,,,359,313,,295,309,304,324,355,309,333,327,319,325,316,335,369,324,368,337,353,332,349,367,
3-out,148,135,129,144,143,133,154,147,160,174,222,222,223,249,244,260,262,266,263,254,256,334,,,,352,320,,316,302,311,319,344,307,326,321,320,322,315,341,361,324,388,339,366,350,350,363,
4-out,148,136,131,155,184,134,148,145,157,171,216,216,229,246,240,252,274,265,262,252,252,282,,,,374,328,,333,297,315,315,333,306,323,319,324,317,316,341,361,323,371,348,368,347,350,360,
5-out,153,135,130,153,192,136,149,142,158,170,225,225,232,243,258,260,277,262,263,249,252,263,,,,354,321,,321,296,314,311,323,305,333,317,332,318,321,336,369,323,359,345,365,341,352,374,
6-out,149,134,130,150,204,136,153,141,158,175,295,295,222,239,259,282,291,288,265,251,252,269,,,,335,314,,309,295,307,310,320,306,350,315,326,345,319,351,361,323,363,343,356,339,359,374,
7-out,144,135,131,151,177,131,151,205,160,184,268,268,218,235,249,266,308,305,263,259,252,307,,,,319,308,,300,298,304,359,319,318,340,315,326,333,314,345,351,326,350,346,350,337,356,363,
8-out,144,138,132,146,156,128,148,286,158,180,251,251,214,249,240,262,293,297,264,268,262,306,,,,311,306,,291,311,310,352,318,337,330,318,323,337,310,340,343,328,345,349,348,340,352,356,
9-out,148,137,131,143,144,128,146,300,156,176,233,233,213,260,239,289,295,292,277,270,261,287,,,,307,307,,289,322,328,328,315,343,324,340,326,332,309,357,348,329,343,351,355,337,354,353,
10-out,150,138,130,138,137,127,151,290,155,171,248,248,215,251,238,273,289,264,254,270,265,272,,,,304,313,,288,321,323,320,333,336,324,362,324,332,308,347,349,325,341,351,354,341,346,351,
11-out,157,138,132,137,134,131,177,266,154,173,244,244,222,240,243,263,296,265,252,272,260,262,,,,302,317,,287,316,313,315,331,323,325,356,326,331,318,336,345,323,365,343,348,367,361,351,
12-out,173,138,132,137,136,167,176,244,152,198,219,219,223,256,287,275,329,317,254,270,271,256,,,,299,317,,286,305,305,311,338,317,333,347,324,336,330,334,345,322,381,339,339,364,375,351,
13-out,179,139,134,136,137,173,201,269,150,209,209,209,223,242,289,312,314,323,253,261,263,252,,,,298,321,,285,303,302,307,378,312,331,338,324,344,325,330,342,334,372,354,337,363,367,355,
14-out,175,138,134,134,153,183,215,238,149,216,203,203,242,268,280,290,308,319,255,257,262,263,,,,297,329,,287,308,307,305,360,309,328,352,327,333,323,327,340,351,353,355,335,356,361,360,
15-out,184,140,133,133,152,161,217,227,151,227,199,199,254,290,260,290,311,297,256,258,258,284,,,,296,321,,289,309,336,304,343,309,321,377,325,323,322,324,342,342,352,351,334,346,361,361,
16-out,172,141,133,131,144,147,222,205,155,226,197,197,243,277,245,384,285,285,258,264,252,264,,,,297,307,,290,313,315,311,339,308,318,375,336,319,334,325,356,338,346,347,334,357,363,365,
17-out,167,138,134,133,141,139,201,186,162,206,197,197,237,261,238,337,273,282,273,266,251,260,,,,299,312,,290,339,306,343,359,308,316,359,349,315,327,329,363,342,341,345,349,353,399,364,
18-out,160,141,136,147,137,139,190,187,181,205,202,202,231,248,248,295,267,314,300,268,254,256,,,,313,345,,295,341,299,354,356,304,318,350,359,315,329,385,358,341,341,363,351,354,383,360,
19-out,168,139,160,142,134,138,170,189,189,292,234,234,255,238,245,301,278,291,298,271,260,251,,,,313,326,,300,341,295,346,343,305,318,345,342,314,335,372,363,336,366,361,360,345,381,369,
20-out,162,142,165,139,134,145,159,183,192,281,261,261,290,232,242,325,293,284,283,287,260,365,,,,312,309,,300,349,300,336,326,309,318,365,341,319,339,351,363,335,361,373,355,339,381,361,
21-out,155,139,165,134,142,142,154,175,211,268,248,248,291,229,238,305,294,277,276,307,258,333,,,,309,313,,298,351,306,348,319,308,318,362,336,345,344,338,381,333,373,386,347,336,365,356,
22-out,155,147,170,132,140,143,156,167,200,242,236,236,266,225,234,289,278,271,270,304,260,308,,,,314,317,,305,347,310,344,315,333,315,390,334,345,339,338,375,336,363,366,341,337,359,354,
23-out,197,152,159,131,141,140,156,158,190,214,219,219,247,224,231,271,268,279,269,288,283,282,,,,324,313,,308,340,306,327,313,346,317,376,340,370,336,337,358,343,355,368,342,339,365,354,
24-out,244,151,152,131,146,149,152,156,174,197,210,210,235,223,236,263,262,302,275,278,267,266,,,,360,311,,307,321,314,392,313,333,327,358,338,365,340,343,350,358,350,363,350,346,356,363,
25-out,230,153,150,131,144,168,151,152,168,187,206,206,233,222,240,255,259,294,275,261,272,314,,,,377,309,,312,312,336,400,311,322,347,339,332,347,351,335,346,367,343,394,372,352,351,378,
26-out,220,146,167,130,137,158,145,153,170,182,248,248,235,224,236,253,263,281,272,258,266,335,,,,355,307,,312,306,342,376,317,319,351,331,334,337,384,336,351,378,345,392,368,355,350,368,
27-out,192,145,162,130,132,154,141,172,173,183,277,277,238,247,232,262,270,272,268,259,260,308,,,,337,306,,321,307,343,368,318,338,343,326,336,357,357,343,351,373,342,424,358,369,352,365,
28-out,182,148,162,129,129,149,144,187,192,188,287,287,258,255,235,308,265,263,266,259,258,290,,,,322,307,,351,314,328,356,343,360,349,323,336,373,350,334,346,357,339,387,350,368,360,373,
29-out,216,149,161,129,130,156,148,184,177,182,292,292,274,243,243,310,269,262,265,260,255,282,,,,311,321,,344,318,325,347,337,372,341,321,331,390,345,331,340,348,338,379,343,354,355,381,
30-out,256,146,159,129,136,176,156,185,176,184,267,267,270,235,244,297,273,266,263,260,255,272,,,,305,325,,343,322,330,347,338,360,346,322,355,384,338,356,341,341,338,371,339,359,351,387,
31-out,252,147,157,129,141,163,150,187,183,188,268,268,278,238,249,283,284,273,259,262,255,267,,,,305,326,,339,327,333,355,345,351,343,322,357,383,334,356,338,338,343,361,338,378,348,396,
1-nov,238,149,153,129,149,190,146,192,183,191,247,247,263,266,264,282,275,278,254,270,254,280,,,,322,,,336,314,364,351,331,341,346,325,346,378,330,356,346,336,352,352,364,381,346,377,
2-nov,234,146,144,132,159,196,146,260,171,215,231,231,251,294,265,269,265,335,251,277,253,274,,,,325,,,340,306,367,338,325,339,347,327,347,366,334,348,359,335,355,348,371,373,362,375,
3-nov,227,144,145,133,155,184,178,244,163,232,249,249,249,283,263,268,258,311,250,275,253,266,,,,324,,,336,303,370,333,324,356,353,326,338,362,344,339,354,334,368,345,358,356,370,378,
4-nov,191,144,141,134,152,179,193,256,158,235,237,237,297,278,257,268,261,291,252,278,253,269,,,,316,,,321,302,369,341,324,363,338,370,325,351,332,333,366,336,369,346,355,347,357,378,
5-nov,171,145,137,135,147,167,207,233,158,222,259,259,360,270,256,326,279,286,253,281,252,267,,,,307,,,311,302,354,335,322,399,352,372,364,341,351,330,377,365,360,353,348,342,357,387,
6-nov,166,152,134,166,139,159,208,222,158,229,282,282,328,268,266,289,292,284,254,281,252,267,,,,302,,,315,302,344,335,323,398,358,361,354,334,361,349,396,358,351,396,385,341,364,375,
7-nov,163,148,132,179,161,152,181,198,160,292,279,279,295,262,278,287,351,283,256,280,292,269,,,,308,,,318,306,344,347,320,382,350,341,351,329,352,342,379,350,361,402,392,346,370,377,
8-nov,160,141,131,180,165,146,175,182,161,272,262,262,273,258,320,283,314,280,257,275,273,274,,,,324,,,313,304,346,350,325,370,351,340,336,325,362,335,398,346,371,392,372,351,422,368,
9-nov,160,139,131,177,161,140,174,173,157,258,242,242,276,259,362,314,296,276,256,271,260,284,,,,317,,,309,303,367,332,325,369,339,353,330,324,346,336,418,358,375,382,364,358,416,362,
10-nov,173,136,134,175,154,145,221,166,153,244,228,228,275,262,313,314,288,283,253,267,258,291,,,,317,,,313,305,370,323,328,373,330,358,324,321,343,350,403,370,376,376,357,347,418,359,
11-nov,201,134,136,167,145,144,201,166,151,251,218,218,326,264,302,305,296,286,257,263,296,297,,,,327,,,305,303,357,320,352,366,324,368,324,320,345,376,399,363,374,376,355,341,403,355,
12-nov,214,138,155,165,138,146,241,177,152,277,214,214,318,261,292,298,287,292,263,261,352,296,,,,328,,,309,318,359,321,352,355,321,347,323,318,373,369,388,399,385,372,351,349,395,376,
13-nov,224,159,165,167,132,183,228,194,189,256,216,216,296,248,282,324,277,310,273,259,318,295,,,,325,,,312,348,345,343,371,342,351,370,341,323,366,377,365,392,384,371,351,338,385,393,
14-nov,220,167,167,177,129,175,230,215,191,233,225,225,291,238,268,329,285,326,291,259,305,284,,,,339,,,315,342,352,354,381,339,384,371,348,340,353,357,348,383,380,373,358,342,393,376,
15-nov,212,185,160,173,129,159,227,221,193,222,233,233,274,233,255,321,296,271,291,257,293,274,,,,336,,,330,321,352,381,357,335,371,436,358,347,344,342,348,391,366,364,367,355,397,366,
16-nov,217,186,161,168,137,148,222,227,175,218,234,234,260,246,247,303,317,286,292,255,277,266,,,,328,,,340,340,360,387,344,333,354,474,366,336,335,337,342,395,350,364,367,369,392,364,
17-nov,223,184,174,166,130,143,276,245,164,226,230,230,256,267,251,291,319,296,292,254,272,266,,,,319,,,337,339,368,377,328,327,337,428,352,360,358,333,340,367,348,363,368,353,379,368,
18-nov,223,176,174,166,130,144,234,265,158,234,225,225,252,279,259,283,311,309,301,252,266,266,,,,309,,,343,342,357,391,326,322,329,394,343,359,391,362,339,359,344,364,372,348,373,370,
19-nov,209,169,165,164,143,157,225,274,154,237,252,252,248,279,252,286,298,323,315,249,265,266,,,,308,,,346,328,367,381,334,319,357,376,336,356,381,356,338,355,345,362,366,347,365,362,
20-nov,199,165,161,164,137,152,231,246,152,251,283,283,243,279,267,333,291,339,320,249,264,266,,,,302,,,353,315,397,369,324,318,337,372,335,348,370,385,347,351,343,380,360,337,361,364,
21-nov,188,153,158,168,136,149,241,229,173,259,280,280,253,268,277,315,290,354,323,252,262,265,,,,299,,,346,311,395,359,322,319,331,386,332,336,360,367,348,358,371,392,405,334,361,369,
22-nov,176,147,150,177,141,144,262,208,283,269,274,274,273,252,294,305,288,371,353,253,258,265,,,,298,,,334,304,388,358,322,319,329,389,332,331,349,360,341,355,356,392,381,353,367,383,
23-nov,167,145,141,177,142,142,239,195,250,247,248,248,271,248,287,293,284,377,369,257,254,265,,,,297,,,318,310,373,347,326,322,332,391,331,328,339,371,342,349,348,381,369,389,367,374,
24-nov,162,147,144,168,139,137,219,194,239,237,237,237,265,243,271,280,282,316,337,270,252,265,,,,296,,,309,332,368,340,328,324,333,382,335,329,333,383,342,381,344,392,365,383,405,371,
25-nov,154,150,143,159,135,134,218,277,208,280,246,246,302,262,267,270,302,311,334,286,250,265,,,,295,,,307,335,359,353,325,318,377,380,343,334,330,409,345,368,343,408,363,368,403,369,
26-nov,153,148,140,148,131,134,250,272,188,269,291,291,287,305,264,265,296,304,336,296,245,264,,,,294,,,311,328,347,383,325,323,359,369,345,335,328,401,370,363,340,402,353,352,401,375,
27-nov,156,146,142,148,130,139,245,271,175,282,283,283,280,301,259,261,288,299,337,335,249,264,,,,293,,,321,323,340,377,321,330,355,377,336,333,327,392,361,372,337,415,352,342,393,382,
28-nov,156,146,155,156,169,164,236,261,199,286,285,285,357,284,265,265,289,304,340,331,247,264,,,,292,,,325,325,338,363,321,347,344,414,337,363,334,396,381,378,342,397,354,338,378,374,
29-nov,160,146,171,155,186,161,232,227,244,319,296,296,358,262,271,268,277,316,339,321,251,264,,,,291,,,328,329,332,415,340,336,339,399,344,362,360,,392,368,345,392,384,338,371,365,
30-nov,166,146,167,153,194,168,215,217,219,359,310,310,333,247,280,283,273,327,340,313,255,289,,,,290,,,344,321,330,416,353,322,339,421,348,394,356,,389,357,355,383,389,341,376,362,
1-dez,157,146,175,147,211,162,222,195,205,343,321,321,323,241,288,308,273,347,338,293,322,,,,,,,,329,315,335,396,372,315,346,432,361,371,342,415,373,356,359,378,376,342,402,361,
2-dez,154,145,180,158,216,175,225,211,200,346,310,310,307,262,289,318,273,363,318,293,330,,,,,,,,321,321,336,423,377,314,359,406,354,375,337,400,367,348,354,402,380,341,392,359,
3-dez,152,146,211,155,192,165,232,215,238,357,291,291,282,255,292,333,271,339,313,293,300,,,,,,,,316,333,355,436,374,320,351,364,373,369,341,405,363,346,371,393,393,350,400,380,
4-dez,150,162,228,151,177,172,227,222,270,337,282,282,266,252,286,326,298,317,308,294,294,,,,,,,,311,333,345,456,391,325,383,359,366,386,346,397,387,351,367,415,384,350,400,383,
5-dez,148,173,227,147,166,242,248,245,292,320,265,265,264,254,279,322,288,310,304,294,298,,,,,,,,343,339,348,477,435,325,377,370,358,379,343,403,403,362,359,410,371,341,390,378,
6-dez,147,162,210,144,154,232,238,248,284,302,258,258,293,262,274,310,300,291,303,296,280,,,,,,,,364,341,347,468,461,327,369,368,355,403,358,397,422,369,346,427,363,337,375,374,
7-dez,145,179,188,142,144,233,215,244,259,288,250,250,297,259,268,296,329,285,332,297,272,,,,,,,,357,335,343,411,413,328,351,354,347,404,363,400,397,358,341,442,364,340,367,377,
8-dez,146,186,185,140,138,213,207,262,235,270,243,243,294,254,266,294,327,289,371,298,276,,,,,,,,335,331,340,387,379,346,340,357,342,389,354,389,388,356,338,516,366,359,362,390,
9-dez,153,167,184,142,135,198,197,258,214,259,250,250,335,243,275,314,347,307,343,296,260,,,,,,,,338,334,338,370,375,364,336,360,347,379,365,378,423,354,337,478,382,388,384,384,
10-dez,160,158,183,143,134,244,212,244,205,253,262,262,341,240,282,313,308,315,336,294,264,,,,,,,,337,343,332,389,401,406,341,376,344,394,348,372,412,353,338,454,376,371,383,375,
11-dez,159,152,181,148,133,223,209,301,200,255,274,274,332,245,293,303,306,310,329,294,268,,,,,,,,340,329,336,385,397,393,343,373,358,396,342,383,397,368,347,473,370,380,396,390,
12-dez,160,146,171,158,133,193,208,267,196,257,271,271,368,247,298,315,340,310,341,295,284,,,,,,,,344,343,346,389,388,405,346,383,364,386,368,,389,399,345,457,361,385,390,394,
13-dez,161,145,182,169,133,188,206,258,215,243,275,275,365,253,302,314,329,309,334,292,297,,,,,,,,337,374,355,386,382,396,358,383,363,373,360,,381,415,360,471,362,369,391,383,
14-dez,156,146,179,173,133,182,216,266,238,248,294,294,364,280,307,300,324,336,329,293,289,,,,,,,,334,370,343,402,400,380,382,384,372,364,344,,375,387,387,451,360,375,398,388,
15-dez,156,144,174,191,134,192,212,272,251,278,285,285,352,294,300,292,313,328,327,298,274,,,,,,,,324,352,344,423,375,368,391,379,366,368,336,,378,385,396,426,355,370,394,387,
16-dez,162,144,173,195,135,178,192,245,262,271,284,284,359,306,293,321,313,312,329,301,262,,,,,,,,336,342,331,449,368,357,409,393,368,352,337,,389,381,396,416,355,362,399,390,
17-dez,173,143,172,186,134,204,180,234,256,255,313,313,358,303,286,344,335,308,331,310,276,,,,,,,,343,332,333,401,379,347,407,388,353,342,336,,374,382,375,439,353,359,411,386,
18-dez,190,152,170,164,137,186,180,228,254,235,293,293,328,314,273,332,369,322,313,313,288,,,,,,,,348,326,352,374,360,336,381,380,346,341,355,,372,385,368,422,354,349,416,403,
19-dez,216,172,170,152,142,182,245,254,277,227,284,284,313,309,291,325,351,311,306,309,278,,,,,,,,347,338,350,359,360,330,370,368,340,348,350,,378,368,363,410,358,344,403,403,
20-dez,261,202,172,142,138,181,248,258,253,227,292,292,301,299,338,322,340,311,302,306,256,,,,,,,,362,346,343,353,343,332,358,365,337,345,354,,378,368,,401,362,340,389,406,
21-dez,260,204,174,139,156,167,243,262,268,226,286,286,283,301,366,320,336,307,304,306,235,,,,,,,,378,337,339,351,336,330,351,367,332,346,401,,380,382,,395,356,338,378,,
22-dez,271,278,174,143,158,163,241,241,257,233,304,304,273,329,370,324,315,353,301,308,232,,,,,,,,369,332,333,347,338,328,345,417,331,339,406,,372,379,,397,361,341,377,,
23-dez,247,262,171,190,160,160,223,248,257,255,326,326,269,343,379,345,313,323,301,297,242,,,,,,,,371,350,325,343,399,325,344,453,333,334,423,,377,373,,400,365,368,377,,
24-dez,221,254,169,223,158,159,211,256,250,283,337,337,288,375,370,328,388,381,300,270,256,,,,,,,,362,353,324,347,389,329,346,434,326,333,404,,382,368,,392,364,380,375,,
25-dez,198,239,168,229,149,166,200,261,262,281,325,325,321,371,362,325,375,340,304,264,289,,,,,,,,353,358,337,346,387,326,375,412,323,339,388,,377,359,,384,378,372,372,,
26-dez,183,207,168,201,144,168,187,269,245,299,309,309,325,351,347,321,346,335,307,288,261,,,,,,,,340,384,333,347,395,324,370,413,324,354,367,,364,354,,381,385,362,375,383,
27-dez,172,187,167,173,137,157,182,268,234,313,306,306,330,338,340,306,329,335,317,284,254,,,,,,,,350,373,343,344,384,323,359,418,338,365,389,,357,365,,389,400,371,381,372,
28-dez,162,172,167,151,136,155,197,274,231,334,304,304,319,338,336,331,323,329,311,274,254,,,,,,,,357,352,374,353,388,330,352,409,351,371,383,,364,397,,437,398,379,375,370,
29-dez,157,163,166,146,148,155,202,290,277,327,325,325,317,342,328,340,351,323,310,267,255,,,,,,,,366,335,373,357,395,346,355,441,352,362,368,,391,396,,456,394,396,377,386,
30-dez,156,157,166,146,160,166,203,287,320,320,312,312,324,334,326,342,336,341,311,258,246,,,,,,,,372,324,381,364,391,330,347,407,344,349,358,,379,380,,416,406,405,380,399,
31-dez,153,153,166,147,173,160,198,298,346,311,291,291,325,382,323,324,347,339,307,262,240,,,,,,,,358,327,391,359,388,334,344,406,357,375,393,,377,363,,397,401,412,377,391,
