DIA,1967,1968,1969,1970,1971,1972,1973,1974,1975,1976,1977,1978,1979,1980,1981,1982,1983,1984,1985,1986,1987,1988,1989,1990,1991,1992,1993,1994,1995,1996,1997,1998,1999,2000,2001,2002,2003,2004,2005,2006,2007
1-jan,,349,393,389,303,316,461,435,424,460,458,444,479,458,456,467,494,494,487,399,460,484,476,463,462,,519,442,474,482,480,482,512,446,470,500,435,437,442,452,
2-jan,,348,402,383,303,315,464,437,440,459,459,447,481,463,456,470,493,494,487,408,461,484,478,461,464,,518,444,475,482,481,481,511,449,471,500,433,436,443,456,
3-jan,,350,408,377,301,314,465,438,446,458,461,452,482,467,456,473,493,495,487,408,462,484,480,460,465,,518,447,478,482,485,479,509,447,470,501,434,442,443,459,
4-jan,,346,414,368,302,314,466,439,450,458,465,457,484,471,458,475,493,495,488,408,463,484,482,459,466,,517,447,480,482,487,479,507,445,470,501,434,443,445,463,
5-jan,,341,419,359,305,315,466,442,452,460,467,461,485,475,459,475,491,495,489,410,463,485,484,459,467,,517,446,482,481,489,477,507,442,469,502,436,444,449,465,
6-jan,,332,424,355,309,314,466,446,457,463,470,464,487,476,459,476,490,495,489,411,463,487,484,458,468,,516,446,486,481,490,475,506,439,468,503,436,446,451,467,
7-jan,,324,428,351,312,317,467,449,461,466,472,465,489,478,460,477,489,495,489,412,462,489,484,458,470,,516,445,489,481,491,474,504,437,467,503,438,450,453,472,
8-jan,,314,434,346,315,319,468,451,464,468,474,467,495,480,461,477,489,494,490,411,461,489,485,458,470,,515,445,493,481,493,473,502,434,464,504,439,453,455,473,
9-jan,,307,441,343,320,324,468,452,467,470,478,469,496,480,464,477,490,494,491,411,460,491,486,459,470,,515,446,497,480,497,472,500,432,462,505,441,460,458,477,
10-jan,,303,442,339,322,327,469,454,470,473,478,470,497,482,468,477,490,495,492,413,459,492,486,460,472,,514,449,501,480,499,470,501,432,460,506,442,462,462,478,
11-jan,,300,446,335,326,328,470,456,472,473,479,472,499,483,472,478,489,496,493,416,459,495,487,460,473,,515,451,504,480,501,468,496,432,459,507,443,465,464,481,
12-jan,,305,459,331,331,328,469,457,475,473,479,474,499,483,474,478,490,495,493,418,459,497,488,460,475,,514,453,506,480,503,470,496,430,459,509,444,469,467,483,
13-jan,,310,463,327,335,329,470,460,477,473,480,475,500,483,476,478,492,495,493,421,458,499,487,464,478,,514,454,509,480,504,469,495,429,459,508,449,471,470,485,
14-jan,,311,466,323,339,330,470,461,479,474,481,477,500,483,478,478,492,495,494,424,458,501,489,467,480,,514,456,509,483,505,464,493,425,461,508,451,476,473,487,
15-jan,,313,467,321,342,334,470,463,480,476,481,482,501,483,480,478,493,495,496,426,457,504,490,469,481,,513,457,511,484,505,461,494,421,462,510,452,479,476,489,
16-jan,,320,467,325,345,338,471,466,480,476,482,482,503,483,481,478,494,495,497,430,456,507,492,472,483,,513,459,512,484,505,456,493,418,463,508,454,480,477,490,
17-jan,,325,468,329,347,341,472,468,481,478,482,484,505,484,482,478,494,495,498,433,453,509,492,474,485,,513,462,512,484,505,451,492,415,466,508,456,482,479,491,
18-jan,,332,467,333,348,343,472,470,481,478,483,485,507,486,483,478,495,495,498,436,452,512,492,477,486,,513,465,512,486,505,448,491,414,470,508,457,483,481,491,
19-jan,,337,467,337,347,346,471,472,482,480,485,488,510,486,483,478,496,495,499,439,450,514,491,479,488,,513,469,513,486,505,445,490,412,472,508,459,484,482,493,
20-jan,,343,468,341,345,349,472,474,483,480,486,490,510,487,484,479,498,495,499,442,449,516,491,481,490,,514,471,513,488,507,444,489,413,473,509,461,486,483,495,
21-jan,,351,470,345,343,354,474,475,483,480,487,492,511,488,484,479,499,495,498,444,449,518,491,484,491,,514,473,513,489,508,444,488,413,476,510,463,487,484,497,
22-jan,,358,472,349,345,356,474,475,483,480,488,494,512,489,487,484,500,495,499,447,450,519,491,485,492,,514,474,514,490,510,444,489,414,478,511,464,488,485,500,
23-jan,,362,473,352,346,359,474,477,483,480,489,496,513,489,487,483,501,494,501,450,452,520,492,486,493,,514,476,514,493,512,445,489,414,480,512,466,489,486,502,
24-jan,,370,474,355,347,361,474,481,483,480,489,496,514,489,491,484,502,494,502,454,454,521,492,487,493,,514,476,515,495,514,446,490,414,483,513,469,490,488,505,
25-jan,,374,475,361,348,364,475,483,483,480,490,497,514,492,491,486,505,493,503,457,457,522,492,488,494,,512,476,515,499,516,447,491,414,486,514,474,491,488,506,
26-jan,,378,475,366,350,365,475,486,483,479,490,498,513,492,492,488,507,497,503,460,459,520,492,489,494,,512,476,515,502,516,448,491,415,489,513,476,491,493,506,
27-jan,,380,476,372,352,369,474,486,483,478,490,500,513,491,493,487,507,496,505,461,461,519,492,490,496,,511,477,515,506,517,449,492,418,492,513,480,491,495,507,
28-jan,,382,474,376,353,374,473,489,482,478,491,500,512,491,494,487,508,496,505,464,465,519,494,491,500,,510,478,515,508,518,451,494,417,494,512,483,491,494,507,
29-jan,,386,473,381,355,377,474,490,482,478,492,500,513,492,497,487,508,496,506,464,470,518,494,494,500,,510,480,514,510,517,453,493,418,496,512,487,492,494,506,
30-jan,,388,472,387,358,378,472,491,482,478,492,500,513,494,497,488,509,495,507,466,473,517,492,494,502,,510,479,512,511,516,456,494,420,499,510,489,493,494,505,
31-jan,,390,474,393,360,379,472,492,480,478,495,499,513,493,499,490,511,495,508,471,476,517,492,494,505,496,510,480,510,512,516,466,493,423,500,509,491,495,494,504,
1-fev,,390,471,397,359,381,472,492,479,478,494,498,514,493,501,491,513,495,511,476,480,516,492,495,507,496,510,480,508,512,516,470,493,427,500,508,492,499,499,502,
2-fev,,390,469,399,354,385,472,493,479,478,492,495,514,494,501,494,514,495,512,482,483,515,493,496,508,496,511,480,507,512,516,471,493,430,500,507,494,497,499,501,
3-fev,,390,468,403,348,392,471,494,479,477,491,494,515,494,502,495,514,495,511,484,487,513,496,496,508,495,510,480,505,512,516,473,494,435,500,506,497,496,500,500,
4-fev,,394,467,406,345,397,471,494,480,477,494,494,515,494,503,496,517,494,511,485,491,513,498,497,509,494,509,480,504,512,515,474,493,439,500,505,500,496,502,500,
5-fev,,392,466,408,342,401,470,495,480,476,493,492,516,494,504,496,518,494,511,486,495,513,501,497,509,494,509,480,502,511,518,475,493,443,499,503,503,496,505,500,
6-fev,,392,462,409,340,405,470,495,478,478,493,488,517,495,505,496,520,494,510,487,498,512,502,497,510,494,508,486,503,510,518,476,492,447,498,502,505,498,509,499,
7-fev,,395,459,418,338,407,471,496,478,478,495,486,517,495,505,498,520,494,509,488,500,512,504,497,509,494,508,484,503,511,520,478,492,453,497,501,508,497,510,497,
8-fev,,394,455,418,342,409,470,496,478,478,496,485,517,495,506,499,521,494,508,489,503,512,506,498,509,494,510,485,501,511,523,480,491,458,497,500,509,498,512,497,
9-fev,,394,453,419,348,412,470,497,478,479,496,485,517,495,506,500,522,495,507,490,505,513,508,499,510,494,508,486,501,511,525,482,492,460,496,496,510,499,514,498,
10-fev,,395,450,422,351,414,470,498,478,480,496,484,517,495,507,500,524,494,506,490,507,512,510,499,510,494,508,486,503,510,527,485,492,463,495,496,510,500,516,497,
11-fev,,398,447,422,352,416,470,498,479,480,496,483,518,496,507,501,524,493,506,491,510,511,512,500,508,494,508,488,507,508,528,487,493,466,494,498,510,500,519,497,
12-fev,,405,444,423,352,419,470,497,476,481,495,481,518,497,507,503,524,493,507,491,512,511,514,501,508,494,508,489,509,508,530,489,493,469,493,497,509,501,520,497,
13-fev,,408,444,427,354,423,470,497,476,482,495,479,518,497,507,506,524,493,506,492,514,511,514,502,508,495,509,490,511,507,531,491,493,471,492,497,509,502,521,497,
14-fev,,411,443,431,356,426,470,495,476,483,495,478,518,497,507,507,523,493,505,492,513,512,515,503,508,496,510,492,514,507,531,492,493,475,491,497,509,505,521,495,
15-fev,,423,442,433,361,427,470,494,478,483,496,478,516,497,507,510,523,493,504,493,511,513,515,504,508,496,511,494,516,507,533,494,494,475,489,497,508,506,519,495,
16-fev,,434,443,435,363,430,470,493,478,486,495,477,516,498,506,511,523,493,504,493,508,516,515,504,507,495,512,494,518,506,533,495,494,476,488,498,508,508,519,495,
17-fev,,439,444,439,369,434,470,492,476,489,495,476,515,499,505,513,524,494,503,493,505,521,516,505,507,495,513,494,522,506,533,496,496,478,486,499,507,509,518,495,
18-fev,,445,447,442,375,439,470,491,476,494,495,476,515,500,505,513,525,495,502,497,501,526,517,506,507,495,514,494,525,505,533,497,496,479,486,500,507,511,516,494,
19-fev,,454,447,445,380,444,470,490,476,494,494,476,514,501,504,513,523,495,501,497,498,530,517,506,507,494,515,494,528,505,534,498,496,481,486,500,506,512,515,494,
20-fev,,464,447,448,382,451,470,490,476,494,494,477,514,502,502,513,522,495,500,497,495,534,518,508,507,494,516,494,530,505,534,499,496,483,485,501,506,514,512,495,
21-fev,,466,446,449,384,456,470,489,476,497,493,475,514,504,501,513,521,495,499,498,494,533,519,509,508,494,517,494,532,503,530,499,496,485,485,502,506,515,510,496,
22-fev,,468,445,453,389,459,468,488,475,498,492,475,514,504,502,513,519,494,499,499,494,530,518,510,509,496,518,500,534,503,530,500,497,489,485,502,507,518,508,497,
23-fev,,472,444,453,389,463,468,487,474,501,491,474,515,506,502,515,519,494,499,499,495,528,520,511,509,497,518,500,536,501,530,502,496,490,484,503,507,519,506,499,
24-fev,,473,442,456,387,465,469,487,474,503,491,474,516,508,501,519,518,494,499,499,495,527,521,512,509,498,519,500,538,500,530,503,495,491,484,503,508,521,504,502,
25-fev,,475,440,458,386,468,468,485,477,505,491,474,517,508,501,518,518,493,499,499,496,527,523,511,509,500,519,500,539,499,530,502,495,492,484,504,508,524,503,504,
26-fev,,477,438,458,386,471,470,485,477,506,490,474,518,509,501,518,518,493,499,499,497,528,524,510,510,501,522,497,540,498,530,502,496,494,485,506,508,526,501,507,
27-fev,,478,437,460,386,471,470,486,477,507,490,475,518,509,501,519,517,493,503,500,494,529,524,509,511,503,523,497,541,497,530,502,495,496,487,510,511,527,502,508,
28-fev,,481,435,462,386,472,471,486,477,508,490,477,518,512,501,519,515,493,503,501,493,530,524,508,511,504,525,497,541,497,531,503,494,498,490,511,511,529,500,509,
29-fev,,,,,,474,,,,509,,,,512,,,,493,,,,532,,,,507,,,,496,,,,501,,,,530,,,
1-mar,,483,432,462,388,477,471,486,477,509,489,480,518,512,501,520,515,493,503,500,490,535,523,507,512,,526,496,541,497,532,509,494,503,492,518,510,531,499,511,
2-mar,,483,431,463,390,480,472,486,477,510,488,481,518,513,501,520,515,494,504,499,490,538,522,506,515,,527,495,541,499,532,509,492,506,494,519,510,532,498,512,
3-mar,,484,430,465,394,481,474,489,477,510,489,481,518,514,501,520,515,494,505,499,490,539,522,505,514,,527,495,541,500,532,511,493,507,496,521,510,532,496,515,
4-mar,,485,430,466,397,482,474,489,479,510,489,482,519,515,501,519,515,494,506,499,489,539,521,504,515,,529,494,539,500,532,513,494,507,496,524,510,531,494,516,
5-mar,,486,430,468,398,483,474,489,479,510,488,484,518,517,502,522,515,494,506,497,489,537,520,503,515,,530,494,538,501,530,515,494,509,497,526,510,529,493,518,
6-mar,,486,429,469,401,483,474,490,480,510,486,485,518,519,502,523,516,495,507,498,489,536,520,502,516,,529,494,536,506,530,516,494,509,500,527,510,527,492,518,
7-mar,,487,429,470,403,484,475,489,481,511,484,486,517,521,502,523,516,495,509,498,490,535,519,502,517,,529,494,534,508,528,517,495,510,499,528,510,526,490,517,
8-mar,,488,428,470,404,485,475,490,482,511,483,488,516,523,502,523,516,494,510,498,492,535,519,501,518,,529,494,532,510,526,518,496,511,498,528,510,523,490,515,
9-mar,,488,426,470,406,486,475,490,483,511,482,488,515,524,503,524,517,494,512,498,493,536,518,500,520,,529,495,530,512,525,520,498,510,498,528,508,520,489,515,
10-mar,,488,424,471,408,486,475,490,483,511,481,488,513,523,504,528,516,493,514,497,494,535,517,499,523,,529,496,532,513,524,521,500,512,498,528,508,518,491,514,
11-mar,,486,423,472,410,485,475,489,484,510,480,490,510,522,506,529,515,493,516,497,495,536,517,497,524,,529,496,528,514,522,522,504,512,498,528,508,516,494,513,
12-mar,,485,422,473,412,485,475,488,483,510,482,491,508,525,506,529,514,492,518,498,497,536,518,495,525,,528,497,524,515,523,524,505,516,498,528,507,515,494,512,
13-mar,,485,421,474,415,485,474,488,485,511,482,492,508,525,505,530,514,492,520,500,498,536,517,494,526,,528,497,522,516,520,525,507,515,500,526,506,513,495,511,
14-mar,,484,418,474,418,485,474,488,485,511,481,493,506,524,504,532,513,491,522,500,500,536,515,492,529,,526,497,520,518,519,526,509,516,500,525,506,511,496,510,
15-mar,,484,416,475,421,483,475,488,485,511,481,496,503,523,503,532,513,491,524,501,501,535,516,491,531,,525,497,518,519,518,526,511,518,500,523,506,510,497,509,
16-mar,,488,412,476,422,483,475,490,485,511,480,496,503,521,503,533,513,491,526,502,502,535,516,490,533,,524,496,517,520,516,525,513,518,500,521,504,508,496,509,
17-mar,,486,410,478,422,482,476,491,486,511,480,496,502,524,504,534,513,492,530,502,502,535,517,488,535,,523,496,517,523,516,524,515,519,500,519,506,506,496,509,
18-mar,,483,410,479,422,483,476,490,486,511,480,497,502,523,504,535,514,491,530,503,502,535,521,487,536,,522,495,517,524,515,523,519,522,500,516,504,509,496,509,
19-mar,,482,410,479,423,483,476,490,487,511,480,498,502,523,508,536,515,491,530,503,502,534,523,487,537,,520,494,518,525,515,523,520,522,500,514,502,509,496,509,
20-mar,,481,409,482,423,482,476,490,487,510,480,496,502,522,510,536,514,491,529,503,502,534,523,487,537,,518,494,517,527,516,522,522,523,500,512,502,507,495,509,
21-mar,,479,409,484,426,481,475,490,488,510,480,496,502,521,511,537,513,492,528,503,501,533,524,487,537,,517,493,516,528,516,521,523,523,501,511,502,506,494,510,
22-mar,,478,410,485,428,480,475,490,488,510,481,495,502,519,511,537,512,492,529,502,499,532,524,486,537,,515,492,515,528,518,520,525,523,503,509,504,506,496,508,
23-mar,,476,410,486,430,480,475,490,488,509,482,494,505,518,512,536,512,493,529,501,498,531,524,485,538,,514,492,514,529,521,519,524,522,504,508,504,504,497,507,
24-mar,,475,409,486,430,478,475,490,487,508,482,494,508,517,512,535,511,495,528,501,497,529,523,484,537,,513,492,513,529,524,519,524,522,505,507,506,504,496,507,
25-mar,,474,409,487,431,478,474,491,486,508,482,492,509,516,512,535,512,496,530,500,497,529,523,482,537,,511,492,512,530,526,520,523,522,507,505,506,504,498,510,
26-mar,,473,409,487,432,477,474,491,485,508,482,492,510,515,511,534,512,497,532,502,497,528,522,481,537,,512,492,511,531,528,521,523,522,508,503,510,503,499,513,
27-mar,,471,411,488,436,476,472,491,485,506,482,488,512,514,511,534,513,498,532,502,497,527,522,481,535,,510,492,510,531,530,522,524,522,509,502,510,502,500,516,
28-mar,,470,412,489,433,476,471,491,485,504,482,486,513,513,511,532,515,500,531,502,496,525,522,480,535,,509,492,509,534,528,522,525,524,510,500,512,501,503,518,
29-mar,,466,412,489,432,474,470,491,485,504,481,485,513,512,510,530,517,500,529,502,498,524,522,480,535,,509,492,507,534,526,522,525,525,510,500,512,500,504,521,
30-mar,,464,414,490,429,472,470,491,484,502,481,484,513,511,510,529,518,501,528,502,497,524,522,479,535,,510,492,507,534,525,521,526,525,509,499,515,500,504,523,
31-mar,,462,414,490,430,470,470,490,486,500,483,484,512,511,509,528,518,501,529,501,495,523,523,479,536,,510,495,506,535,523,520,528,526,508,500,518,498,502,524,
1-abr,,462,415,490,429,470,470,491,485,500,484,483,512,510,508,526,518,502,528,501,494,523,524,480,536,,509,495,508,535,521,519,528,526,509,499,520,497,503,524,
2-abr,,461,415,490,428,468,469,490,485,500,484,483,514,509,507,525,518,502,527,501,498,523,524,480,538,,510,495,508,535,520,518,529,526,510,498,520,496,504,524,
3-abr,,459,416,490,426,465,469,489,485,501,485,482,513,508,506,523,517,501,524,502,497,523,523,481,539,,512,495,508,535,519,516,529,526,509,500,520,496,501,524,
4-abr,,456,417,490,426,467,469,487,485,503,485,480,513,506,505,522,516,500,524,503,497,523,524,482,540,,513,495,508,535,519,515,528,526,509,500,522,493,500,524,
5-abr,,450,419,489,424,465,468,486,485,507,485,479,512,503,504,521,516,500,521,504,496,523,523,483,541,,514,495,509,534,518,513,527,525,509,500,524,491,500,522,
6-abr,,448,419,489,423,463,466,486,484,510,485,477,512,502,502,519,514,500,518,504,495,522,522,485,541,,514,494,508,532,518,512,526,523,509,501,523,494,501,521,
7-abr,,445,418,487,420,461,466,485,485,511,485,476,510,502,501,517,512,499,520,504,494,522,522,487,545,,515,495,508,529,518,510,525,521,511,501,522,487,503,522,
8-abr,,440,417,485,417,460,467,484,483,512,485,475,510,501,500,515,511,499,520,504,494,521,521,488,543,,515,495,508,528,518,508,523,519,511,501,522,484,506,522,
9-abr,,437,418,483,414,458,465,483,483,512,485,475,509,501,498,513,509,499,518,504,492,520,520,489,542,,518,495,509,526,519,506,522,516,511,501,523,482,506,522,
10-abr,,431,418,481,411,456,464,482,483,511,486,474,507,500,497,511,509,500,516,503,491,520,520,490,541,,518,495,509,524,521,504,521,514,511,501,524,481,504,522,
11-abr,,422,417,479,407,456,464,481,486,514,486,474,506,500,496,509,508,501,514,502,490,519,520,491,540,,516,494,509,523,520,503,519,511,511,500,522,478,504,522,
12-abr,,419,416,478,403,456,460,481,486,511,485,474,505,501,495,507,508,502,514,501,490,519,519,492,538,,515,494,510,522,520,501,518,509,510,500,521,476,504,520,
13-abr,,416,415,476,398,456,459,480,486,509,485,473,504,503,494,506,508,503,514,500,489,518,518,492,536,,514,494,510,520,519,500,519,507,508,500,520,476,503,520,
14-abr,,412,414,472,393,458,457,480,487,507,484,473,505,505,493,506,508,503,514,498,489,518,517,492,534,,512,494,510,519,518,499,517,505,506,499,520,475,502,520,
15-abr,,406,413,469,389,459,453,479,488,504,484,473,504,506,493,506,508,503,513,497,488,517,516,493,532,,512,494,508,517,518,498,516,503,504,499,520,473,502,521,
16-abr,,400,410,462,385,460,449,479,489,504,484,473,504,506,491,504,508,502,514,497,488,516,516,493,530,,511,494,507,517,518,498,515,502,501,498,519,473,501,522,
17-abr,,398,405,462,383,460,446,479,489,504,483,472,504,506,491,501,509,501,514,496,487,516,515,494,529,,511,494,506,517,518,499,513,500,500,497,519,472,500,522,
18-abr,,396,403,459,383,461,440,479,488,502,482,472,504,505,490,500,509,500,515,495,487,515,515,496,528,,511,494,504,516,518,498,511,500,498,496,518,473,498,522,
19-abr,,390,400,457,382,461,437,478,488,502,480,470,504,504,489,499,509,500,515,494,487,513,515,496,527,,511,494,504,515,519,496,510,498,497,496,518,471,497,523,
20-abr,,385,399,454,382,461,433,478,488,502,480,473,503,502,488,498,508,499,515,493,487,512,514,496,526,,511,494,503,515,521,494,509,497,495,495,517,471,496,522,
21-abr,,384,395,452,383,460,429,478,488,502,479,474,502,500,487,498,507,498,515,493,489,511,513,497,525,,513,492,503,514,521,493,508,496,493,494,517,469,494,523,
22-abr,,383,391,449,382,460,424,477,487,499,479,469,501,499,486,498,505,498,514,492,489,510,512,498,524,,515,492,500,514,521,494,506,495,490,494,516,467,491,524,
23-abr,,382,386,447,381,459,423,476,485,497,478,468,499,496,485,498,503,498,513,492,489,510,511,498,523,,514,491,500,514,522,493,506,494,487,493,515,466,487,524,
24-abr,,380,383,443,381,457,422,478,483,495,478,468,497,494,484,498,501,497,511,492,489,509,510,498,522,,512,490,500,514,523,492,505,492,483,493,515,468,481,524,
25-abr,,378,378,441,383,456,421,478,483,495,478,466,495,492,483,498,499,496,510,492,489,508,510,498,522,,511,490,498,514,523,491,504,491,478,493,514,464,473,525,
26-abr,,376,371,438,380,454,420,478,483,493,477,464,493,491,483,498,497,496,508,492,489,507,509,497,522,,510,489,497,514,523,490,504,491,473,493,514,462,467,526,
27-abr,,376,366,433,380,452,418,478,483,492,477,462,492,489,482,499,496,496,506,493,489,508,508,496,521,,508,488,497,514,523,489,504,492,467,492,512,461,461,528,
28-abr,,375,363,430,379,449,416,478,482,491,476,462,491,487,480,499,494,496,505,494,488,507,507,495,521,,506,488,496,514,522,489,503,492,461,492,510,460,451,530,
29-abr,,376,355,426,378,445,415,478,482,491,475,462,490,486,484,499,493,497,504,494,487,506,506,494,521,,504,487,495,514,521,488,502,492,456,492,510,459,447,530,
30-abr,,380,353,421,379,442,414,478,482,490,474,463,489,486,481,499,491,499,504,493,485,505,505,493,520,,502,487,494,514,520,488,501,492,452,491,508,463,442,530,
1-mai,,378,352,419,380,437,414,479,482,489,473,463,489,488,478,498,491,498,503,493,483,505,505,492,519,,500,486,494,513,520,489,500,491,450,491,506,465,439,529,
2-mai,,377,352,417,381,432,411,479,482,488,472,463,488,487,476,497,490,497,502,492,482,505,505,491,517,,499,486,493,511,519,489,499,491,448,490,504,466,437,528,
3-mai,,377,353,415,382,425,408,479,482,486,471,463,487,486,475,496,490,496,502,491,481,505,505,491,515,,498,485,492,509,518,488,497,490,446,489,502,466,434,526,
4-mai,,372,354,411,384,420,406,480,482,486,469,466,486,485,474,496,490,496,501,490,478,505,504,490,514,,496,484,491,506,517,488,496,490,445,488,500,468,430,524,
5-mai,,375,357,407,385,418,404,480,482,485,468,466,485,484,473,496,490,496,501,489,476,506,504,490,513,,495,483,492,504,517,487,494,489,443,487,498,469,427,522,
6-mai,,378,362,399,385,416,404,480,483,485,468,466,485,482,473,493,490,496,501,488,475,506,503,488,512,,494,482,492,503,515,485,493,488,443,486,496,472,423,520,
7-mai,,379,368,395,387,415,403,480,483,483,466,467,485,482,473,491,490,496,501,489,474,505,503,486,511,,494,482,492,501,514,484,492,486,441,484,494,472,423,518,
8-mai,,380,375,394,388,413,403,479,483,482,465,468,484,480,472,490,490,497,501,487,471,505,504,485,509,,493,481,491,498,512,483,490,485,440,481,494,472,422,516,
9-mai,,379,378,393,389,409,402,479,483,480,462,469,484,480,472,488,490,497,503,486,470,504,505,484,508,,491,481,490,498,510,481,489,484,437,479,492,471,416,514,
10-mai,,377,380,387,390,405,401,478,483,479,460,469,484,479,473,487,489,497,503,484,470,503,506,484,506,,490,480,490,497,508,479,488,483,434,476,492,471,413,512,
11-mai,,375,380,383,390,401,400,478,482,477,457,470,484,479,472,485,488,496,502,483,469,503,507,482,505,,489,478,489,494,507,476,487,481,431,474,489,470,411,510,
12-mai,,371,381,380,391,398,400,478,480,475,455,470,484,479,471,484,488,495,501,483,468,502,507,480,503,,487,476,489,492,504,473,486,481,427,472,486,470,410,508,
13-mai,,363,381,382,392,395,399,479,479,475,452,470,483,479,470,482,487,494,500,481,467,502,507,480,501,,486,474,489,491,503,469,485,480,422,470,484,469,409,507,
14-mai,,361,379,389,392,389,397,478,478,474,450,470,483,480,469,481,486,494,499,480,467,502,507,480,500,,485,472,488,488,503,464,483,479,418,468,482,470,409,506,
15-mai,,359,376,391,390,385,395,478,478,473,450,469,484,480,467,479,485,493,498,480,466,501,506,478,499,,484,473,487,487,501,459,482,477,414,466,480,470,408,504,
16-mai,,353,373,397,389,380,393,477,477,472,448,468,484,479,466,479,484,492,497,480,465,501,506,477,498,,484,467,487,485,499,453,480,476,410,464,478,471,407,501,
17-mai,,351,364,398,388,377,392,476,476,470,445,468,484,478,465,476,482,491,495,481,464,500,505,475,497,,484,465,487,483,497,447,478,474,407,462,475,472,406,499,
18-mai,,350,355,400,385,375,390,476,474,469,442,467,485,478,464,476,481,489,494,481,464,499,504,475,496,,483,462,486,481,495,441,475,472,404,461,473,473,403,496,
19-mai,,348,346,402,381,371,388,476,473,468,440,466,484,476,462,475,479,488,493,481,463,498,502,477,494,,483,459,486,478,493,437,472,468,402,460,470,472,400,493,
20-mai,,346,341,405,379,370,386,475,472,466,440,465,484,476,460,474,477,488,492,482,461,498,501,479,,,482,457,486,476,491,434,468,464,400,458,469,471,395,491,
21-mai,,344,337,407,377,368,384,475,470,465,440,465,484,475,458,474,475,487,490,483,459,497,500,482,,,482,454,486,473,489,433,462,459,397,459,465,470,389,488,
22-mai,,342,333,409,376,363,382,474,469,463,451,465,483,475,456,473,474,487,488,483,457,495,499,483,,,480,452,486,471,487,433,457,453,395,458,460,468,387,485,
23-mai,,341,329,409,375,369,380,474,467,461,451,465,483,474,454,472,471,486,487,484,455,493,497,486,,,479,452,486,470,485,433,451,448,396,455,458,466,381,482,
24-mai,,337,327,409,373,371,378,472,465,458,451,465,482,473,452,471,469,485,485,484,453,491,495,487,,,478,450,486,469,484,433,444,441,395,452,453,460,375,477,
25-mai,,333,323,408,369,371,375,472,463,456,452,466,482,472,449,470,467,483,483,484,449,489,493,488,,,477,447,486,468,483,432,438,435,392,450,450,451,376,473,
26-mai,,330,319,405,366,370,373,471,461,457,454,466,479,471,446,469,466,482,482,483,446,489,492,488,,,475,446,485,468,483,431,432,429,391,447,447,447,378,468,
27-mai,,329,315,401,362,370,371,469,458,457,455,466,478,471,442,467,465,481,480,482,442,488,490,488,,,473,444,484,468,482,429,427,424,391,444,446,441,379,465,
28-mai,,329,314,394,357,370,370,468,455,457,455,465,477,470,438,466,464,479,478,481,439,487,488,488,,,471,443,484,468,482,427,423,420,391,442,445,435,380,464,
29-mai,,327,313,389,355,370,369,468,452,459,456,464,475,471,435,465,465,479,476,480,435,486,486,487,,,470,446,483,468,482,424,419,416,393,441,438,429,380,464,
30-mai,,325,312,383,351,370,368,465,450,458,456,464,474,473,432,465,464,478,474,479,431,485,484,486,,,468,443,482,467,481,421,415,413,395,440,436,425,380,464,
31-mai,,323,311,375,350,370,365,464,448,456,457,462,473,475,428,464,465,477,473,477,427,485,482,485,,,466,441,482,467,482,419,412,410,399,441,426,422,381,464,
1-jun,,321,310,372,349,373,362,462,445,450,457,460,472,476,425,464,465,475,471,475,424,484,480,483,,,464,441,481,467,482,415,409,405,405,442,424,420,388,463,
2-jun,,319,308,366,348,372,359,460,443,450,457,458,471,476,422,465,467,474,469,473,421,484,478,481,,,462,440,480,467,482,411,407,403,411,442,426,417,,463,
3-jun,,318,305,360,348,371,355,459,439,450,458,456,470,476,427,466,468,473,467,471,418,483,476,478,,,460,438,479,466,482,409,405,401,416,442,426,414,,464,
4-jun,,316,302,356,350,371,353,458,430,450,458,454,467,476,426,467,470,472,466,468,416,482,474,475,,,458,437,477,466,482,408,404,399,420,441,434,414,,464,
5-jun,,312,299,350,350,369,352,455,427,450,457,453,461,476,426,467,471,470,464,466,413,481,472,472,,,455,436,474,466,482,408,403,396,423,437,438,412,,464,
6-jun,,311,299,348,349,366,350,451,423,450,456,452,457,476,426,466,471,468,463,463,411,480,470,467,,,453,436,472,464,482,410,402,394,424,433,441,410,,463,
7-jun,,310,297,345,347,363,348,449,419,450,452,451,456,475,423,465,472,463,461,463,410,478,468,462,,,451,436,469,463,482,410,400,392,423,427,444,408,,459,
8-jun,,310,296,343,345,359,346,447,417,448,449,451,455,474,421,465,473,461,458,462,409,477,466,457,,,450,435,466,461,481,409,399,390,419,421,444,405,,455,
9-jun,,308,294,339,342,357,344,444,414,447,445,451,453,472,420,463,474,459,456,462,409,476,464,455,,,449,434,463,458,480,407,398,388,413,415,446,403,,450,
10-jun,,307,292,338,337,353,341,444,412,446,443,451,449,470,419,462,475,456,453,463,411,475,464,453,,,449,433,459,458,478,405,397,387,406,409,445,351,,447,
11-jun,,307,290,333,331,349,338,442,410,446,439,451,448,468,418,461,475,453,451,463,412,474,464,451,,,451,432,453,455,476,401,395,385,399,403,444,350,,440,
12-jun,,306,295,331,327,345,335,441,407,443,437,452,447,467,418,458,475,451,449,463,412,473,461,449,,,451,429,449,451,474,397,393,383,393,399,442,397,,435,
13-jun,,304,298,330,326,342,333,440,399,442,433,452,446,464,418,456,475,449,447,463,414,471,459,447,,,451,425,444,448,472,393,392,380,386,394,439,395,,429,
14-jun,,303,290,327,325,339,332,439,398,440,432,451,446,462,419,452,475,447,445,462,416,470,457,445,,,452,421,438,444,470,390,390,378,381,390,435,392,,425,
15-jun,,302,291,325,325,336,331,439,398,440,429,451,445,460,420,448,475,445,444,461,418,469,454,443,,,451,417,434,440,469,387,389,376,376,387,430,391,,419,
16-jun,,301,284,324,326,334,330,436,396,438,428,450,444,457,421,446,475,443,442,460,420,468,453,441,,,450,413,431,435,,384,388,374,372,384,425,388,,415,
17-jun,,300,286,322,327,332,329,433,394,436,427,449,444,454,423,446,475,441,440,458,421,467,452,439,,,449,410,428,433,,382,388,371,368,382,420,388,,413,
18-jun,,298,286,320,328,331,329,430,391,435,423,448,444,451,424,445,474,439,439,456,421,465,451,437,,,448,407,428,429,,381,386,369,366,381,415,388,,409,
19-jun,,297,284,319,325,330,329,425,388,431,421,446,442,448,424,442,473,437,438,454,421,463,450,435,,,447,403,426,426,,380,384,368,364,381,411,391,,408,
20-jun,,296,284,317,317,328,329,418,385,430,419,439,441,445,424,440,472,436,436,452,420,462,449,433,,,446,400,424,422,,380,384,366,361,381,407,390,,404,
21-jun,,294,286,315,313,328,329,416,383,429,418,439,440,442,422,438,470,435,435,449,419,461,449,431,,,445,399,423,419,,380,384,366,360,381,403,391,,403,
22-jun,,292,282,314,310,328,329,414,380,427,420,440,439,438,421,435,469,434,433,446,417,458,448,429,,,443,399,423,414,,379,382,366,358,381,398,387,,399,
23-jun,,290,282,312,308,328,327,411,380,425,420,436,438,436,419,433,467,432,432,443,415,459,447,427,,,442,396,424,412,,378,381,365,358,380,393,385,332,397,
24-jun,,289,282,313,308,329,326,410,379,423,418,433,436,434,417,432,465,430,430,439,413,456,446,425,,,440,394,424,410,,376,380,365,358,380,390,382,331,395,
25-jun,,288,280,312,307,330,326,405,378,421,416,427,434,432,416,430,462,428,429,435,411,455,446,423,,,439,394,427,409,458,374,379,365,358,379,387,378,330,392,
26-jun,,287,280,312,306,330,325,399,379,419,414,423,431,430,415,428,460,426,428,432,410,453,445,421,,,437,394,430,407,457,372,378,366,358,377,386,374,324,390,
27-jun,,287,278,309,304,329,325,397,380,417,414,417,429,430,414,428,457,424,427,428,409,452,444,419,,,435,394,432,404,455,371,378,366,358,376,383,370,320,387,
28-jun,,286,276,309,301,329,324,395,379,415,414,412,428,428,413,428,455,422,426,424,409,451,443,417,,,433,397,434,402,452,370,378,366,357,374,382,368,318,384,
29-jun,,284,276,309,297,328,324,393,377,411,411,408,426,428,411,428,453,419,425,421,411,449,443,415,,,430,401,435,402,449,368,378,365,357,373,379,366,321,380,
30-jun,,282,272,309,294,328,322,392,376,408,410,404,424,427,409,428,450,417,423,418,413,448,442,413,,,428,406,436,402,447,367,387,365,356,371,376,363,325,380,
1-jul,,282,274,309,292,327,322,391,378,406,410,401,423,427,407,428,448,415,422,414,415,447,441,411,,,424,411,436,402,442,367,386,364,354,370,373,361,329,380,
2-jul,,282,274,310,289,327,320,390,376,404,410,400,421,427,405,428,446,414,422,412,416,445,440,409,,,421,415,435,403,436,366,383,363,352,369,370,360,330,380,
3-jul,,281,274,309,286,327,319,390,376,402,410,399,418,425,403,428,443,411,421,408,417,442,438,407,,,420,419,433,403,431,365,381,360,350,369,368,358,329,380,
4-jul,,280,272,308,288,327,318,390,376,402,409,398,417,425,401,427,441,410,421,406,417,440,437,405,,,416,421,432,403,425,364,379,358,349,367,365,356,327,378,
5-jul,,280,272,307,289,326,317,390,376,400,408,396,416,424,397,426,439,409,420,403,416,438,435,403,,,413,421,420,402,421,363,377,356,347,366,364,354,325,377,
6-jul,,280,270,305,290,324,316,390,376,400,406,392,414,424,395,425,437,408,419,401,414,435,434,403,,,411,421,424,402,417,361,378,355,346,364,364,352,321,377,
7-jul,,280,268,303,292,322,315,390,375,402,405,387,413,422,393,424,434,406,419,399,411,433,433,401,,,409,419,425,400,414,359,380,353,345,362,363,351,316,381,
8-jul,,278,268,302,294,322,313,388,375,400,402,385,412,422,391,423,433,405,419,397,406,431,432,399,,,407,415,423,400,412,358,381,351,344,360,362,357,313,382,
9-jul,,278,268,300,297,321,311,387,375,400,400,383,412,421,389,422,430,403,418,395,401,430,432,397,,,404,411,420,400,410,355,380,350,343,359,359,355,311,384,
10-jul,,278,268,300,300,319,310,385,375,400,399,381,409,420,388,421,429,402,416,394,396,428,431,395,,,403,407,417,399,408,354,379,350,341,357,358,354,309,,
11-jul,,278,268,300,300,319,309,383,375,398,398,379,406,419,386,421,427,400,415,393,390,426,431,393,,,400,401,413,399,405,351,378,349,339,355,358,355,307,,
12-jul,,278,268,300,298,318,308,378,375,396,397,378,405,417,385,420,425,398,414,392,386,424,431,391,,,400,397,409,398,403,350,376,348,338,354,356,360,305,,
13-jul,,278,266,299,297,318,306,373,375,395,396,377,404,416,383,420,423,398,414,391,381,422,430,390,,,399,394,406,394,401,349,374,348,338,353,356,365,304,,
14-jul,,278,266,297,296,318,305,370,375,394,395,375,404,415,382,418,422,396,415,389,378,420,430,390,,,398,391,403,393,400,348,373,346,337,352,356,372,302,,
15-jul,,277,266,296,293,319,304,367,374,392,392,374,404,414,380,417,420,394,416,388,375,419,429,390,,,396,389,400,391,397,348,370,345,335,353,356,379,305,,
16-jul,,277,266,296,290,319,302,365,374,390,388,370,406,413,378,415,417,392,416,386,372,418,428,391,,,396,387,398,390,395,348,369,343,334,353,355,385,308,,
17-jul,,277,266,295,288,319,300,363,373,389,385,369,406,412,376,414,415,390,416,385,370,418,427,392,,,395,385,395,387,393,347,366,343,334,352,354,390,310,,
18-jul,,277,266,294,286,319,298,361,372,386,382,369,405,410,374,412,414,389,416,383,366,417,426,394,,,394,382,392,384,,346,364,344,334,351,354,393,312,,
19-jul,,277,264,293,285,318,297,357,369,384,380,368,405,409,374,409,415,388,416,381,364,416,424,395,,,393,379,390,382,,345,362,344,334,350,354,395,312,,
20-jul,,277,264,292,284,316,295,355,366,382,379,367,403,408,373,407,416,386,415,379,362,415,422,394,,,392,377,390,380,,345,360,344,334,349,352,396,310,,
21-jul,,277,264,291,284,315,293,351,365,380,378,364,402,406,372,405,414,384,414,377,360,414,419,392,,,392,375,390,379,,345,357,344,333,349,352,393,309,,
22-jul,,277,260,290,281,315,292,349,362,379,377,362,401,405,370,403,412,382,412,376,359,413,417,391,,,391,373,389,377,,344,356,343,332,348,350,389,307,,
23-jul,,277,260,289,277,314,292,349,362,377,373,361,401,403,370,401,411,380,411,375,358,412,415,390,,,390,370,388,377,,343,354,342,330,347,350,384,306,,
24-jul,,276,260,288,276,314,292,348,361,375,370,360,404,401,368,399,410,378,409,375,356,411,411,389,,,389,369,387,376,,341,353,343,329,346,350,378,305,,
25-jul,,276,260,286,275,315,292,348,359,373,369,360,403,400,368,398,409,376,406,375,354,410,408,389,,,387,369,386,374,,340,353,343,327,346,347,373,308,,
26-jul,,275,260,283,273,312,292,348,358,372,368,360,403,399,367,397,408,374,403,374,353,408,406,388,,,386,367,385,372,,338,352,342,327,345,346,369,309,,
27-jul,,274,258,282,272,310,290,348,358,370,367,360,402,396,367,396,407,373,401,374,352,406,403,387,,,384,367,384,370,,337,351,341,324,344,343,365,308,,
28-jul,,273,258,280,271,310,290,347,357,368,365,360,402,394,367,395,407,373,398,374,351,405,401,386,,,383,368,383,369,,335,349,342,324,342,341,361,307,,
29-jul,,270,258,280,271,308,290,347,356,367,363,359,401,392,366,393,407,373,396,374,350,404,400,384,,,383,370,382,368,,333,349,344,325,342,339,356,306,,
30-jul,,270,258,280,274,306,290,346,353,366,358,358,399,391,366,390,407,373,394,373,348,403,400,382,,,383,373,381,368,,331,347,346,325,342,337,350,305,,
31-jul,,268,258,279,276,304,290,346,352,365,351,358,399,390,365,389,406,373,391,372,347,402,399,380,,,382,375,380,367,,330,346,346,326,341,336,346,305,,
1-ago,,266,257,278,275,301,288,346,350,364,354,358,398,388,365,387,405,373,390,371,346,401,398,377,,,380,375,379,366,,330,344,345,327,340,336,344,304,,
2-ago,,264,257,277,274,298,286,344,349,363,354,358,397,387,364,385,404,372,388,370,345,399,396,374,,,378,373,378,365,,329,343,344,327,339,336,342,303,,
3-ago,,262,257,276,273,295,286,342,349,362,354,357,395,385,363,384,403,371,386,369,343,397,394,372,,,376,369,377,364,,329,341,342,326,340,333,338,301,,
4-ago,,260,257,275,273,291,286,342,348,361,355,356,391,384,363,383,403,370,386,369,342,395,392,370,,,375,364,376,363,,328,339,339,325,342,332,338,299,,
5-ago,,258,256,274,272,291,285,340,346,360,355,355,389,382,362,382,402,369,384,369,341,394,395,368,,,374,361,375,363,,333,338,338,323,344,332,337,299,,
6-ago,,256,256,270,272,292,284,338,344,359,356,353,389,380,361,380,401,367,384,369,341,393,399,367,,,374,357,374,362,,333,337,336,321,346,332,337,297,,
7-ago,,254,256,269,271,292,282,337,341,358,357,351,386,379,359,379,400,367,384,368,340,392,403,366,,,373,355,373,361,,335,336,335,318,348,330,335,295,,
8-ago,,254,256,268,271,293,282,335,340,356,358,350,384,378,358,377,399,366,382,368,340,391,404,365,,,372,352,372,358,,334,335,334,315,348,335,334,294,,
9-ago,,252,256,268,270,297,282,332,338,355,358,348,382,378,357,377,398,367,380,367,340,390,405,365,,,372,351,371,355,,337,334,332,313,347,336,333,292,,
10-ago,,252,254,267,270,300,280,331,338,354,356,346,378,377,355,383,397,367,378,367,339,389,405,365,,,371,349,370,354,,344,333,331,311,346,334,332,293,,
11-ago,,252,254,267,269,299,280,330,337,353,355,344,377,376,354,384,396,367,378,366,339,388,405,364,,,371,348,369,354,,351,332,328,309,343,334,330,292,,
12-ago,,253,254,267,268,298,280,330,336,352,354,344,374,375,354,385,395,366,378,366,338,387,407,364,,,370,348,368,353,,358,330,327,308,340,337,327,291,,
13-ago,,252,254,266,268,297,280,330,335,351,353,341,372,374,352,387,394,362,376,365,338,386,409,363,,,369,348,367,353,,364,330,326,307,336,341,327,290,,
14-ago,,253,254,266,266,294,279,330,334,350,352,339,370,373,352,389,393,361,376,365,337,385,410,362,,,369,351,366,353,,368,328,324,305,333,343,326,289,,
15-ago,,257,254,266,265,292,279,330,332,348,352,339,369,372,351,391,392,359,375,364,337,384,411,362,,,368,353,366,350,,368,328,324,304,331,342,324,289,,
16-ago,,260,252,266,265,290,278,330,330,347,350,338,368,371,351,393,390,358,375,364,337,383,410,362,,,368,356,366,347,,365,328,324,304,328,339,324,294,,
17-ago,,262,252,266,263,287,278,329,329,346,350,338,366,370,351,395,389,356,374,363,336,382,409,362,,,367,359,364,347,,362,327,327,303,326,337,323,290,,
18-ago,,260,252,265,262,285,278,328,328,344,349,334,365,368,350,396,388,355,373,362,335,381,405,362,,,367,362,362,347,,358,326,327,301,323,335,321,290,,
19-ago,,260,250,264,261,283,278,328,328,343,348,332,366,367,350,396,387,354,373,362,334,380,400,362,,,366,362,360,347,,353,324,327,300,322,331,320,290,,
20-ago,,260,250,264,260,282,278,328,328,340,346,330,365,367,349,397,386,354,372,365,333,379,396,363,,,366,360,358,347,,352,324,328,298,322,329,319,289,,
21-ago,,258,246,262,259,280,276,328,327,339,343,330,365,365,349,397,385,352,371,368,332,378,393,364,,,366,357,357,347,367,352,324,329,297,323,326,317,289,,
22-ago,,259,246,262,258,278,276,329,326,338,339,330,365,364,349,396,384,356,370,369,331,377,402,364,,,366,352,355,347,366,351,324,329,296,323,325,316,287,,
23-ago,,260,244,261,257,276,276,330,324,337,335,330,365,363,348,394,383,357,370,369,330,376,399,364,,,366,349,354,348,366,350,324,329,296,322,323,315,287,,
24-ago,,260,242,260,256,274,276,330,324,336,331,331,365,363,347,392,382,358,369,373,330,375,399,365,,,365,346,354,350,365,347,324,327,295,321,321,314,287,,
25-ago,,260,240,260,256,276,276,330,322,334,328,331,364,363,347,389,381,360,368,376,329,373,400,365,,,365,344,352,354,364,343,325,323,294,320,319,312,288,,
26-ago,,261,238,259,255,276,272,330,320,332,327,332,364,363,346,387,380,363,366,373,329,371,404,366,,,365,342,352,358,365,338,324,320,294,320,318,311,288,,
27-ago,,262,236,258,256,275,270,329,320,332,327,332,364,365,344,385,380,366,365,369,329,369,407,367,,,365,339,351,364,364,336,323,317,294,322,318,310,287,,
28-ago,,261,234,258,256,275,268,328,320,330,325,331,363,367,344,383,379,369,365,368,328,367,411,368,,,365,338,349,365,365,335,322,314,293,322,318,311,285,,
29-ago,,262,232,257,255,274,268,327,320,330,329,331,362,368,343,382,378,373,364,366,327,366,414,368,,,367,336,348,366,365,333,321,313,294,322,321,312,285,,
30-ago,,261,232,256,255,272,266,321,320,330,329,330,362,369,343,383,377,376,363,366,327,365,416,368,,,367,334,347,366,364,331,320,312,294,321,322,311,286,,
31-ago,,261,230,256,255,272,266,321,318,328,330,328,362,371,342,383,375,380,362,368,328,365,418,370,,,368,333,346,362,362,330,320,310,294,321,322,310,286,,
1-set,,260,232,256,256,272,264,321,318,328,330,328,360,372,342,386,374,383,362,375,327,364,421,371,,,368,332,345,359,359,329,320,309,294,319,321,,286,,
2-set,,261,240,256,255,273,264,319,318,326,332,328,359,372,340,388,374,386,362,379,326,363,423,373,,,368,330,345,358,357,328,319,308,296,318,318,,286,,
3-set,,262,240,255,254,276,264,318,316,324,333,327,359,372,340,389,373,388,362,378,325,363,425,374,,,368,329,344,353,354,327,319,309,298,318,319,,285,,
4-set,,260,240,255,254,276,264,316,316,324,337,326,359,369,339,390,372,389,362,378,325,362,427,376,,,367,329,343,349,351,326,319,314,303,320,318,,285,,
5-set,,261,240,254,255,274,262,314,316,326,340,325,358,366,338,390,370,390,361,379,325,361,429,377,,,367,328,342,343,349,328,318,319,307,323,317,,284,,
6-set,,261,240,254,255,271,262,314,314,326,342,325,359,364,338,388,369,386,361,380,324,360,431,379,,,366,327,341,343,348,331,317,323,308,324,315,,284,,
7-set,,261,242,254,255,266,262,315,314,328,342,324,363,363,337,387,368,385,364,381,323,360,433,380,,,366,327,340,343,347,331,317,325,308,320,313,,284,,
8-set,,262,242,254,254,266,260,317,312,327,343,324,363,362,336,384,367,384,367,385,323,359,435,381,,,366,326,339,343,346,332,316,324,308,324,313,,284,,
9-set,,263,242,255,253,265,260,312,312,324,340,325,364,361,335,382,367,381,369,388,322,359,435,382,,,366,325,337,346,345,333,316,322,308,324,315,,284,,
10-set,,262,242,256,253,263,260,312,310,323,338,325,366,359,335,379,368,379,370,389,322,358,433,381,,,366,325,337,352,344,333,315,321,307,322,314,,284,,
11-set,,262,242,257,252,260,262,311,310,323,335,325,367,357,334,378,368,376,371,390,322,357,431,381,,,365,325,337,355,342,333,316,320,305,320,315,,284,,
12-set,,262,242,258,252,259,262,310,310,326,331,326,370,356,333,376,368,376,370,392,324,356,429,381,,,365,325,334,356,340,334,316,318,304,318,317,,285,,
13-set,,261,240,257,252,259,262,310,310,326,327,327,372,356,332,378,368,376,369,394,326,355,427,381,351,,365,325,336,356,340,336,316,319,301,322,321,,284,,
14-set,,261,240,257,252,258,262,308,310,326,323,328,373,356,332,381,368,378,368,391,327,355,425,384,350,,366,324,334,356,341,338,318,320,299,322,324,,290,,
15-set,,262,240,256,251,258,266,308,308,326,322,328,374,356,334,383,368,380,367,389,326,355,423,386,357,,366,324,335,354,342,339,323,318,297,320,325,,295,,
16-set,,262,240,255,251,256,266,306,308,327,322,326,375,357,335,384,368,382,367,387,326,356,418,388,356,,366,324,338,353,343,339,327,315,296,320,334,,301,,
17-set,,263,240,255,251,256,266,306,306,326,322,325,380,360,336,388,368,386,367,385,325,357,412,389,355,,366,325,337,350,344,336,326,314,299,320,338,,309,,
18-set,,263,242,254,250,256,262,303,306,327,322,325,382,362,336,391,368,388,367,383,323,357,408,390,355,,366,326,338,347,345,333,325,314,299,323,337,,313,,
19-set,,262,242,255,250,258,262,302,304,328,324,325,384,364,335,395,367,389,367,379,322,357,403,389,359,,366,326,338,343,346,328,325,316,296,324,329,,314,,
20-set,,262,242,256,250,260,262,302,302,328,326,326,387,363,334,399,367,387,367,376,320,359,399,387,364,,366,327,338,338,347,325,325,319,296,326,327,,311,,
21-set,,261,242,258,249,264,262,302,302,328,325,327,391,364,333,405,366,384,366,374,318,363,395,385,369,,366,327,336,337,349,324,328,320,299,329,323,,307,,
22-set,,260,240,260,249,267,262,302,302,328,325,327,394,362,333,409,365,381,366,374,317,364,389,383,373,,366,330,336,337,350,323,330,320,306,332,322,294,302,,
23-set,,258,242,258,249,272,262,302,300,329,329,328,394,359,332,412,364,379,369,374,317,366,383,380,377,,366,331,336,337,350,322,332,319,312,332,320,295,296,,
24-set,,256,244,258,248,272,262,302,300,330,330,329,394,358,331,416,363,377,373,376,317,368,379,379,380,,366,332,336,339,351,321,334,317,318,332,319,296,296,,
25-set,,256,246,255,248,273,260,307,300,332,330,331,394,358,331,420,362,377,373,376,317,368,374,378,383,,366,332,336,340,354,323,336,313,319,327,319,296,297,,
26-set,,256,246,255,250,273,260,310,300,334,332,332,394,358,331,422,362,374,372,373,319,366,371,377,385,,366,331,336,338,359,323,338,311,316,325,319,296,296,,
27-set,,256,246,255,253,269,260,312,302,336,337,333,393,359,330,424,361,376,372,369,321,363,368,376,387,,366,330,336,338,364,322,338,309,313,322,320,297,296,,
28-set,,258,246,255,254,269,260,312,306,338,339,334,392,360,330,425,360,379,377,365,323,359,365,375,388,,366,329,336,342,369,324,338,306,311,322,319,297,296,,
29-set,,258,246,254,255,265,260,312,306,339,341,335,390,362,336,427,358,381,376,362,322,355,365,376,388,,366,328,336,348,372,332,334,304,307,321,322,297,295,,
30-set,,262,246,254,259,266,260,312,310,339,344,338,390,365,337,428,355,383,372,360,320,351,366,378,388,,366,331,334,351,374,332,329,304,305,320,323,298,296,,
1-out,,261,248,254,260,263,260,312,317,340,345,339,388,367,337,428,354,383,371,358,318,349,369,380,390,,366,332,333,353,376,329,323,304,305,,323,298,302,,
2-out,,258,246,253,261,261,260,314,319,342,346,340,388,369,337,428,352,384,371,358,319,347,371,382,388,,350,334,331,353,379,328,320,305,305,,325,298,309,,
3-out,,256,246,253,262,258,262,315,322,345,348,341,387,369,337,428,350,385,371,358,318,345,372,384,385,,350,335,331,350,379,332,316,305,305,,327,299,314,,
4-out,,258,243,254,265,256,264,318,324,348,351,343,387,369,340,427,349,385,371,359,317,343,369,388,385,,349,337,331,345,379,336,315,306,305,,329,303,320,,
5-out,,260,246,256,276,256,267,320,326,348,351,345,387,369,344,427,349,383,371,358,317,342,366,393,385,,352,339,331,344,379,340,314,310,305,,333,306,325,,
6-out,,268,248,255,281,255,270,320,326,346,353,347,387,369,348,427,353,378,371,357,317,342,362,399,385,,359,340,333,345,382,341,313,307,305,,335,309,328,,
7-out,,270,248,254,282,255,275,317,324,344,355,345,387,368,348,427,358,373,370,357,322,343,358,405,385,,362,341,335,345,386,343,312,305,303,,336,313,330,,
8-out,,271,250,256,285,255,276,312,322,342,359,341,388,369,349,427,358,367,369,357,328,343,356,409,389,,364,346,335,346,388,341,310,303,300,,333,314,330,,
9-out,,267,253,261,289,254,276,310,320,341,360,337,389,369,349,433,358,363,367,366,332,344,355,413,391,,365,352,333,348,389,337,310,302,301,,332,316,328,,
10-out,,259,256,264,293,253,272,309,320,340,360,338,390,368,346,431,361,361,365,371,337,345,355,419,393,,364,356,331,349,389,334,310,300,303,,335,316,326,,
11-out,,257,256,264,295,254,270,308,320,340,360,337,391,368,343,432,363,368,368,369,340,346,356,420,394,,364,358,331,349,387,332,310,302,302,,341,318,323,,
12-out,,256,254,263,291,256,266,308,320,341,358,334,391,367,341,436,365,362,368,370,342,346,357,420,394,,362,358,330,349,385,332,309,304,303,,348,315,321,,
13-out,,258,252,263,289,257,264,308,322,344,360,333,390,367,343,438,369,356,371,371,344,349,359,418,393,,359,352,333,349,381,332,312,307,305,,351,308,316,,
14-out,,258,252,262,288,258,264,306,324,347,360,339,387,366,344,439,372,361,374,373,344,352,361,416,386,,358,344,338,349,378,331,313,308,306,,355,306,311,,
15-out,,258,252,262,287,261,260,302,326,348,360,341,386,365,348,441,375,366,377,374,342,355,363,413,381,,356,340,348,346,375,328,313,309,307,,361,305,307,,
16-out,,259,252,261,285,262,264,302,326,348,359,345,385,364,350,442,377,367,380,375,337,358,367,411,378,,354,333,353,334,372,326,312,309,311,,366,309,301,,
17-out,,266,258,263,285,263,266,302,326,348,355,351,383,365,352,442,379,363,383,373,333,366,373,408,372,,352,327,359,336,370,326,313,307,317,,366,313,301,,
18-out,,271,258,263,285,265,266,302,324,346,350,354,380,366,351,442,383,358,385,372,329,372,375,402,366,,349,325,359,335,366,328,314,306,324,,363,317,304,,
19-out,,271,260,262,285,267,266,302,322,343,344,358,379,366,348,448,386,355,386,369,325,377,377,401,361,,347,326,357,335,361,330,314,305,330,,356,327,303,,
20-out,,276,262,261,284,270,264,302,321,341,340,366,379,367,347,446,388,359,386,366,323,380,378,399,356,,345,329,353,335,356,332,312,302,336,,347,333,304,,
21-out,,278,264,262,278,270,264,302,318,336,338,368,379,367,345,446,390,366,386,367,323,383,379,394,352,,344,332,355,335,356,334,312,303,341,,336,338,305,,
22-out,,280,270,264,274,270,266,302,316,332,337,370,379,365,345,445,392,372,388,371,322,384,379,394,351,,344,336,354,334,355,336,311,304,344,,328,337,306,,
23-out,,281,277,262,270,271,270,304,316,330,336,373,379,361,348,448,394,375,390,374,322,383,379,395,353,,344,339,354,331,355,335,308,305,346,,325,332,307,,
24-out,,283,278,260,271,272,271,307,318,330,335,376,378,357,351,450,395,381,392,377,324,379,379,397,358,,345,341,356,328,354,333,308,309,349,,324,324,308,,
25-out,,287,278,257,271,273,274,312,321,331,335,380,375,352,356,450,396,387,394,380,326,375,377,400,360,,347,342,357,333,361,330,309,306,351,,328,320,309,,
26-out,,302,278,255,269,276,275,314,324,335,335,382,371,348,359,451,396,391,396,381,329,369,374,403,360,,348,344,357,343,365,326,310,305,352,,336,318,311,,
27-out,,304,276,256,265,279,278,324,326,343,337,385,367,345,362,451,397,396,398,382,329,364,374,408,363,,352,345,355,349,366,324,312,307,353,,347,323,312,,
28-out,,301,276,258,265,283,276,326,324,349,338,387,362,342,367,451,398,401,402,384,330,359,371,411,369,,358,353,354,353,367,325,315,314,353,,357,323,313,,
29-out,,285,276,261,265,286,275,327,319,352,338,389,357,342,371,451,398,403,404,384,334,355,367,414,375,,362,360,356,358,369,333,322,316,349,,360,322,314,,
30-out,,281,274,266,268,288,274,328,317,354,337,392,352,344,375,449,404,406,406,385,338,352,367,416,380,,368,373,352,365,372,347,328,319,342,,364,321,315,,
31-out,,285,272,269,270,286,276,329,314,351,339,394,350,345,379,449,406,410,408,386,344,350,367,415,384,,372,378,345,366,375,359,332,324,336,,369,321,317,,
1-nov,,284,270,273,272,284,280,332,310,352,342,396,348,347,382,448,399,411,410,384,347,348,370,422,388,,376,384,339,368,377,369,335,325,323,,380,326,318,,
2-nov,,286,268,276,274,282,286,335,310,352,344,397,350,351,384,446,397,414,412,381,350,346,373,425,394,,378,390,334,371,378,378,337,325,315,,383,339,319,,
3-nov,,287,266,278,281,278,290,338,310,352,346,397,342,355,385,446,396,414,415,376,351,346,375,427,394,,381,394,332,378,379,386,344,328,312,,385,347,321,,
4-nov,,291,264,280,294,276,294,340,311,355,348,397,345,357,387,447,394,418,415,370,352,347,378,429,393,,383,398,331,383,377,391,344,334,313,,387,353,323,,
5-nov,,294,260,280,301,275,296,340,315,357,348,399,344,362,389,447,393,421,415,366,353,349,381,430,391,,383,401,329,386,375,396,345,340,319,,389,354,328,,
6-nov,,289,260,280,309,274,298,337,320,363,348,400,352,364,390,449,392,420,415,363,353,351,383,432,388,,380,404,327,391,372,400,343,349,328,,391,351,331,,
7-nov,,285,269,278,310,273,305,332,328,368,349,399,358,367,393,448,393,420,413,362,356,353,386,434,390,,377,406,325,396,371,404,340,356,341,,392,345,332,,
8-nov,,279,275,276,311,273,320,327,338,371,349,397,367,371,395,447,395,416,413,361,358,356,388,434,394,,373,406,322,401,369,409,343,362,356,,391,341,331,,
9-nov,,269,288,276,312,277,326,323,340,373,350,395,375,375,396,446,398,418,413,359,360,359,390,431,395,,370,405,321,407,367,414,350,368,367,,390,336,329,,
10-nov,,262,292,276,311,286,332,322,341,375,350,395,382,377,396,444,402,417,413,356,362,362,392,429,395,,368,400,321,408,363,418,357,373,373,,382,332,329,,
11-nov,,257,287,276,310,288,335,323,342,376,350,397,386,379,397,443,406,417,415,355,362,364,394,427,396,,369,390,323,416,357,424,363,377,378,,371,339,333,,
12-nov,,252,284,274,310,293,340,327,344,378,352,399,387,381,397,441,411,417,415,351,361,361,396,424,396,,371,376,328,421,349,433,367,381,382,,357,341,326,,
13-nov,,251,282,273,309,297,351,336,345,380,352,400,389,385,398,440,421,417,415,349,360,359,398,419,396,,372,363,335,423,343,442,372,384,386,,345,342,330,,
14-nov,,251,278,272,309,300,359,332,350,381,353,400,392,387,399,440,423,418,415,353,360,356,400,416,397,,370,353,343,430,342,449,376,391,389,,345,343,335,,
15-nov,,255,275,271,308,301,361,328,353,382,353,402,394,390,400,441,423,420,414,357,362,353,402,414,399,,383,346,350,434,342,451,379,389,389,,331,344,341,,
16-nov,,257,274,270,308,302,359,322,357,383,354,404,397,393,398,442,425,421,413,361,366,350,404,412,399,,390,343,358,437,344,451,382,383,389,,330,347,345,,
17-nov,,259,283,267,308,304,357,320,365,384,355,405,401,396,398,442,427,430,412,366,368,349,406,409,399,,396,342,366,440,347,451,385,379,388,,335,352,348,,
18-nov,,261,287,263,309,305,357,320,370,382,358,405,404,397,399,443,430,428,411,371,370,347,408,405,400,,396,341,373,443,349,450,388,377,387,,346,360,351,,
19-nov,,265,295,259,311,308,363,323,375,380,364,405,407,398,402,444,432,431,409,373,373,345,410,403,400,,401,348,381,446,357,448,389,376,383,,361,367,354,,
20-nov,,269,301,257,312,305,366,326,376,382,366,407,407,399,405,445,434,432,408,376,376,344,412,402,403,,401,350,384,451,365,447,389,378,379,,375,375,353,,
21-nov,,273,303,258,311,311,369,330,379,383,368,408,406,397,408,448,437,435,406,377,380,348,413,404,406,,401,356,386,454,372,445,386,379,374,,386,382,349,,
22-nov,,277,306,257,310,315,371,331,382,381,371,411,403,392,411,452,444,440,401,377,383,355,413,406,409,,396,363,389,457,379,443,381,379,374,,395,389,347,,
23-nov,,280,305,257,310,321,372,328,384,380,375,412,399,388,413,454,448,440,395,375,386,357,413,408,411,,393,369,399,459,386,441,371,376,377,,402,396,343,,
24-nov,,281,311,257,310,323,374,323,386,379,378,415,395,384,416,457,452,441,389,372,388,361,407,410,412,,391,373,400,461,391,440,361,368,382,,409,402,341,,
25-nov,,280,322,256,311,329,375,319,390,378,381,414,394,379,418,459,456,445,385,370,391,365,397,413,413,,388,377,403,462,396,440,354,371,386,,413,408,343,,
26-nov,,277,328,256,311,333,375,315,388,380,385,415,393,376,421,461,459,449,385,370,392,368,388,416,414,,385,380,407,463,399,448,354,375,389,,416,413,348,,
27-nov,,273,333,255,312,337,375,312,390,384,388,418,390,375,422,463,462,454,382,369,389,374,381,419,417,,384,384,411,465,402,451,356,373,392,,419,417,353,,
28-nov,,269,335,256,316,342,374,314,392,386,391,421,387,377,424,465,465,456,384,367,387,379,377,420,419,,383,386,415,467,404,448,354,374,393,,421,424,357,,
29-nov,,262,334,259,313,347,372,319,395,391,395,422,384,382,424,467,465,458,385,367,385,383,376,421,421,,382,391,417,475,407,445,347,377,393,,423,424,362,,
30-nov,,260,333,256,310,351,368,322,396,394,397,422,382,388,424,467,467,462,386,368,385,387,375,423,422,,382,393,420,477,410,450,341,383,395,,424,424,368,,
1-dez,,258,336,255,307,357,362,321,399,398,399,424,379,393,425,469,470,464,386,368,384,391,374,425,422,,383,394,423,479,416,450,339,390,398,309,422,423,373,,
2-dez,,259,337,256,303,358,362,325,403,399,400,426,377,397,426,470,473,467,388,371,386,396,374,427,421,,385,396,425,482,421,452,345,397,401,317,421,418,378,,
3-dez,,261,333,257,302,360,360,327,407,399,401,428,377,401,426,472,475,470,388,376,392,401,379,429,419,,387,397,427,484,426,458,356,400,408,326,420,415,382,,
4-dez,,265,329,257,300,363,359,329,411,401,404,428,377,406,428,474,476,472,388,382,396,403,383,431,415,,388,396,429,484,431,464,362,401,414,336,423,416,386,,
5-dez,,269,326,257,301,365,358,335,415,405,407,428,377,409,428,473,478,474,387,388,404,406,386,433,410,,390,396,431,484,438,468,366,404,420,341,424,417,390,,
6-dez,,278,323,261,305,367,357,343,418,407,409,431,376,412,428,473,479,476,385,392,404,409,389,435,406,,390,396,434,484,443,472,368,407,424,345,429,419,392,,
7-dez,,288,324,265,302,370,355,345,425,409,410,435,376,415,428,475,481,477,383,397,408,411,392,436,404,,391,400,436,482,445,476,367,410,429,349,435,420,394,,
8-dez,,297,326,266,303,372,356,348,429,411,411,437,376,419,428,476,483,478,380,402,411,413,395,438,403,,391,402,437,482,448,480,364,413,435,352,439,420,398,,
9-dez,,303,328,265,307,372,361,351,437,414,413,438,376,422,428,477,483,479,372,406,416,417,398,440,402,,391,409,437,481,451,486,361,417,441,352,444,418,400,,
10-dez,,314,327,264,311,372,367,355,443,416,416,440,377,426,428,479,484,479,367,410,421,419,403,443,402,,388,415,437,480,459,491,358,422,446,351,455,411,401,,
11-dez,,321,325,261,317,373,372,360,448,419,417,443,379,430,427,481,485,480,363,413,426,419,406,444,402,,385,417,437,478,461,495,361,426,451,351,458,405,405,,
12-dez,,320,322,259,321,377,378,363,451,420,418,445,377,434,426,481,486,480,357,416,431,420,411,443,404,,382,419,438,476,464,500,370,429,456,352,461,399,407,,
13-dez,,321,319,258,325,381,382,368,455,422,419,447,376,438,425,481,485,481,353,418,436,424,416,443,409,,380,421,437,475,465,506,374,432,460,354,464,394,408,,
14-dez,,327,318,255,329,386,387,370,459,422,419,448,376,441,425,481,485,481,349,420,439,427,421,443,416,,380,423,437,473,466,510,379,435,464,359,466,395,410,,
15-dez,,325,323,252,333,386,390,377,461,424,413,449,376,445,426,482,485,482,348,421,441,430,423,444,419,,383,425,438,472,467,513,392,437,467,370,468,395,412,,
16-dez,,319,327,251,338,386,394,380,463,425,411,449,381,447,431,482,485,483,357,421,444,432,426,445,422,,389,429,441,470,468,513,403,438,469,376,470,397,414,,
17-dez,,318,334,250,343,387,397,382,466,426,411,452,386,449,434,483,487,484,358,422,446,434,431,447,426,,397,431,444,469,469,513,411,440,472,391,471,399,415,,
18-dez,,327,339,250,347,399,399,384,465,428,412,454,389,451,436,484,489,484,356,424,447,436,435,448,427,,402,435,447,468,470,513,416,443,474,395,472,400,415,,
19-dez,,329,343,251,352,401,403,385,465,429,414,455,392,453,438,485,489,484,357,425,451,438,439,450,430,,408,437,451,467,472,512,420,445,476,400,472,400,414,,
20-dez,,330,345,252,354,407,406,386,466,430,415,458,396,454,439,487,491,484,358,426,454,441,443,450,430,,412,439,455,468,473,511,424,448,478,406,472,401,414,,
21-dez,302,329,349,253,354,409,408,386,466,430,414,460,400,455,440,488,491,485,359,428,459,444,447,452,431,,416,441,460,468,475,512,426,452,480,412,471,402,418,,
22-dez,301,339,353,257,353,411,410,387,464,430,416,462,405,457,442,489,492,485,362,430,464,446,451,452,,,419,445,466,468,476,512,430,456,481,417,469,403,419,,
23-dez,301,343,359,263,350,416,411,390,465,431,417,464,412,458,444,491,492,485,369,432,466,448,455,454,,,422,447,472,470,477,511,434,460,484,420,467,402,420,,
24-dez,303,349,363,266,349,426,413,392,465,438,419,466,415,458,446,492,492,485,375,435,469,451,459,456,,,425,448,475,471,480,510,435,464,486,422,467,407,422,,
25-dez,304,353,369,272,342,427,416,393,465,436,421,473,422,459,448,493,493,485,387,438,471,455,462,456,,,428,451,479,473,481,511,437,467,488,427,463,410,426,,
26-dez,308,358,373,279,336,431,418,397,465,435,425,474,427,459,450,493,493,485,391,442,474,458,464,456,,,431,453,480,474,482,511,439,470,490,431,460,419,429,,
27-dez,321,369,377,286,329,437,420,401,464,435,429,477,433,459,452,493,493,485,392,445,478,462,465,457,,,434,456,481,475,482,511,440,471,492,433,460,426,433,,
28-dez,328,374,381,293,324,441,422,405,464,438,433,477,438,459,455,493,494,486,394,449,481,466,465,458,,,436,459,481,476,483,511,441,471,494,436,451,431,435,,
29-dez,333,383,384,303,319,449,427,410,465,448,436,477,441,458,458,494,494,486,395,453,481,469,465,459,,,438,462,481,477,483,511,441,471,495,437,446,434,441,,
30-dez,341,388,387,304,317,455,430,414,465,451,439,479,448,457,461,494,494,487,396,456,482,472,464,459,,,440,463,481,478,483,512,441,471,497,437,443,438,445,,
31-dez,345,390,391,303,316,459,432,421,462,453,443,479,456,456,464,494,494,487,397,458,483,474,463,460,,,441,468,481,478,484,512,444,471,500,437,440,448,448,,
