DIA,1965,1966,1967,1968,1969,1970,1971,1972,1973,1974,1975,1976,1977,1978,1979,1980,1981,1982,1983,1984,1985,1986,1987,1988,1989,1990,1991,1992,1993,1994,1995,1996,1997,1998,1999,2000,2001,2002,2003,2004,2005,2006,2007,2008,2009,2010,2011,2012,2013,2014
1-jan,,588,167,103,603,145,116,117,479,659,684,305,748,634,439,564,605,638,,512,510,116,253,398,241,,248,605,518,629,628,248,304,495,375,158,293,626,109,431,401,554,,544,,,,,172,
2-jan,,601,162,102,622,170,121,114,439,669,681,337,746,618,476,569,613,632,,542,517,115,238,428,218,,231,598,515,648,647,236,322,465,443,158,270,628,109,423,392,550,513,508,423,604,377,247,183,370
3-jan,,622,159,102,635,185,207,111,411,676,674,340,741,606,522,574,614,629,,533,520,116,219,446,199,,219,591,513,677,677,229,324,439,495,158,270,636,154,417,379,546,503,494,427,604,368,282,222,412
4-jan,,637,159,119,637,190,254,110,397,680,666,346,736,586,543,581,608,633,,520,525,122,208,440,184,,204,585,510,682,682,223,329,409,520,168,286,643,260,417,377,540,499,478,427,597,344,293,261,433
5-jan,,663,157,162,635,180,266,108,370,683,660,358,730,580,565,593,600,641,,517,530,132,217,376,194,,245,577,475,686,686,234,340,380,537,158,328,642,322,414,398,533,488,451,415,590,295,275,268,416
6-jan,,702,156,177,630,160,305,106,330,682,656,373,721,596,592,613,588,643,,511,536,129,251,343,275,,409,568,415,701,701,340,352,371,546,147,350,637,377,401,414,527,485,412,380,606,253,229,242,381
7-jan,,721,180,140,625,160,315,104,293,680,653,382,713,607,639,630,575,634,,506,542,129,256,395,381,,454,562,395,717,717,469,324,342,550,142,307,629,415,387,447,519,483,381,349,629,244,195,220,352
8-jan,,735,210,123,622,150,204,103,269,674,645,392,703,638,675,633,557,618,,502,545,128,234,487,473,,480,530,364,758,757,544,224,336,557,134,233,623,462,415,484,513,482,341,330,655,235,170,200,311
9-jan,,752,268,120,620,160,195,103,255,665,634,415,690,671,693,625,531,593,,510,535,130,222,514,512,,494,476,350,785,784,580,201,329,579,131,228,605,472,453,503,513,482,303,307,672,227,158,186,281
10-jan,,771,236,126,620,159,260,102,233,652,621,442,677,678,705,615,500,563,,510,503,132,217,512,532,,504,466,362,786,776,604,191,323,596,130,216,580,484,476,531,505,482,259,288,682,229,168,183,265
11-jan,,778,191,132,622,150,268,103,210,640,605,458,670,680,715,603,475,526,,485,477,146,206,490,551,,516,456,381,783,773,614,195,316,610,129,236,552,497,502,551,458,482,213,260,694,252,160,177,270
12-jan,,780,183,207,619,180,285,110,194,631,588,480,667,679,716,593,480,488,,443,462,139,197,459,573,,529,440,412,782,781,625,240,309,639,130,326,522,507,519,562,415,484,204,238,695,291,164,260,273
13-jan,,775,179,232,604,230,353,106,187,618,572,510,667,677,708,584,514,458,,416,428,128,185,474,590,,545,473,499,785,784,644,327,305,650,129,424,498,515,525,566,370,486,202,219,703,401,188,368,273
14-jan,,770,182,212,594,233,395,102,181,603,560,539,665,675,695,577,541,429,,401,380,132,179,492,602,,557,482,520,782,781,667,399,305,648,127,471,485,528,525,571,343,487,221,191,717,485,271,402,262
15-jan,,763,193,178,579,229,407,101,172,603,552,554,661,671,676,570,562,393,,394,350,137,174,495,609,,552,500,549,780,780,671,404,291,640,121,491,475,537,508,585,323,487,260,165,732,525,364,374,252
16-jan,,752,227,162,566,205,365,101,171,607,546,569,656,667,665,553,594,354,,366,335,140,173,487,611,,572,509,561,771,771,665,404,303,629,118,499,472,541,494,598,302,487,311,148,775,546,422,303,233
17-jan,,752,287,230,545,175,315,102,170,629,536,545,649,664,662,522,624,324,,328,331,144,186,493,608,,574,524,576,750,749,643,403,306,615,118,500,480,548,444,602,291,487,308,182,774,562,447,244,366
18-jan,,752,359,426,503,166,271,114,173,684,518,528,643,659,661,474,635,309,,304,379,162,196,511,610,,565,549,589,738,738,632,407,301,606,114,485,487,543,369,597,285,487,298,218,763,582,458,223,359
19-jan,,752,408,510,442,150,240,123,181,711,493,515,637,649,664,420,634,334,,300,408,168,198,520,615,,561,586,605,729,729,622,444,309,596,116,422,488,526,316,596,280,489,298,267,753,603,437,218,352
20-jan,,747,466,547,393,147,241,121,191,721,463,495,631,641,667,391,627,392,,290,392,170,205,525,615,,556,603,620,720,719,629,481,346,585,116,364,466,505,298,598,268,498,303,313,748,623,364,209,347
21-jan,,744,464,592,418,141,241,115,204,722,437,486,629,644,664,416,617,414,,287,349,218,216,527,636,,533,630,609,710,710,637,505,358,570,116,342,426,482,279,600,247,510,323,390,745,636,278,194,342
22-jan,,717,465,640,490,140,237,113,264,722,434,457,628,644,655,454,605,388,,290,314,292,208,514,680,,480,639,600,702,702,654,529,336,555,116,321,382,433,254,600,236,520,346,458,739,645,224,202,366
23-jan,,687,494,712,525,140,207,120,396,723,437,440,629,642,643,469,597,354,,313,295,381,190,489,698,,396,648,614,,,669,542,299,525,116,307,338,375,234,600,230,530,357,503,729,645,196,192,370
24-jan,,662,521,736,546,138,188,124,477,724,420,383,635,635,632,458,597,327,,337,299,411,193,500,701,,322,656,608,,,674,547,271,490,120,292,326,321,229,599,224,537,366,520,717,644,187,181,356
25-jan,,642,537,760,561,130,164,129,504,724,378,357,657,625,616,406,605,310,,352,321,390,199,520,697,,279,649,607,,,681,557,254,432,135,271,313,364,226,595,219,539,382,531,704,641,182,172,315
26-jan,,622,548,758,570,142,148,150,520,724,334,330,684,612,599,368,612,281,,364,338,385,209,530,686,,239,530,620,,,684,568,245,383,138,258,305,406,222,593,219,540,422,540,691,638,202,168,280
27-jan,,614,556,754,577,153,144,175,532,724,305,307,704,600,586,362,621,260,,431,355,399,225,537,674,,229,495,630,,,682,592,249,336,143,258,300,436,219,588,219,544,468,541,683,644,280,162,261
28-jan,,594,565,748,583,215,148,179,547,724,287,315,712,585,589,409,635,239,,470,359,355,298,539,666,,221,486,618,,,673,639,247,316,195,258,291,488,213,586,219,545,514,543,681,649,306,157,271
29-jan,,582,569,745,585,229,140,152,567,723,304,362,711,569,600,479,647,226,,494,320,311,386,529,664,,237,457,616,,,667,662,250,328,195,267,277,507,211,587,216,564,595,543,681,646,330,167,383
30-jan,,534,578,738,566,223,135,126,589,719,325,374,702,552,603,520,651,217,,512,291,292,450,500,674,,253,438,622,,,661,661,270,380,195,277,265,517,210,587,220,603,629,532,674,640,341,167,420
31-jan,,542,583,730,511,209,120,147,603,711,320,392,696,533,630,551,649,216,,524,278,259,483,455,710,,269,408,614,,,639,655,283,416,195,280,252,522,207,587,253,615,671,489,663,631,311,169,412
1-fev,,537,587,620,442,207,122,139,612,697,297,398,684,455,675,579,643,210,,538,270,235,513,401,728,,287,393,609,309,,619,663,292,457,181,248,246,520,206,587,276,624,689,455,654,617,288,156,367
2-fev,,532,586,604,380,218,117,164,616,689,270,434,671,413,684,616,636,217,,561,262,219,539,352,720,,290,380,613,331,,603,675,307,483,168,219,243,513,206,585,287,631,690,433,642,600,283,148,324
3-fev,,534,577,590,334,265,112,226,616,684,255,465,656,372,683,648,625,232,,588,264,209,560,321,710,,319,361,630,369,,590,687,342,509,155,213,336,508,206,585,293,639,690,419,629,562,283,144,287
4-fev,,537,568,555,304,298,112,244,613,679,249,482,642,342,677,663,611,254,,639,286,218,593,342,702,,324,335,606,367,,582,684,352,520,145,212,396,504,208,589,291,650,690,405,612,507,323,141,258
5-fev,,537,548,527,276,270,112,210,605,676,245,490,629,315,671,668,594,279,,673,283,256,633,340,698,,282,338,591,343,,568,673,347,528,143,212,419,491,219,594,285,658,680,386,605,502,368,140,232
6-fev,,520,501,505,246,243,112,208,596,701,274,489,620,304,660,670,582,306,,687,268,272,653,293,700,,240,354,576,313,,565,668,327,539,141,212,430,441,231,596,284,670,673,385,587,502,382,140,215
7-fev,,491,449,442,225,205,110,202,580,707,294,500,618,306,645,667,568,369,,689,257,274,661,256,701,,218,353,567,281,,570,668,315,546,160,216,419,414,243,598,284,681,658,382,567,501,328,140,203
8-fev,,485,443,378,211,185,100,174,563,711,291,512,615,311,627,658,551,409,,680,250,242,663,236,698,,211,330,560,264,,582,668,308,552,230,223,403,398,235,598,295,684,645,386,543,502,261,140,196
9-fev,,486,438,342,199,210,91,171,551,715,283,521,609,331,606,645,533,456,,667,246,211,665,221,693,,217,315,546,250,,605,668,307,559,289,223,378,381,225,598,304,689,629,405,505,508,215,141,190
10-fev,,500,426,287,193,225,94,176,543,715,271,530,601,352,586,629,512,501,,652,254,192,662,213,687,,225,305,541,241,,618,668,310,560,338,205,355,355,214,595,318,694,615,426,485,513,190,143,184
11-fev,,526,413,247,201,250,97,154,539,712,279,541,592,375,565,616,482,539,,635,261,191,661,210,686,,226,292,528,241,,629,664,329,560,329,198,329,339,202,584,336,,598,445,442,524,176,145,181
12-fev,,531,392,207,236,255,103,150,536,707,347,552,586,375,549,603,446,555,,620,264,199,656,211,683,,221,271,515,248,,638,661,347,545,267,226,299,324,191,557,356,,583,457,444,536,169,151,181
13-fev,,526,372,175,248,230,110,179,529,704,397,566,578,350,541,603,421,564,,607,290,199,646,221,681,,221,259,565,252,,634,655,367,517,217,270,273,342,195,539,367,689,571,464,456,547,168,160,178
14-fev,,516,346,147,263,220,121,195,526,690,412,581,567,316,545,612,415,572,,599,299,221,636,218,677,,223,278,578,265,649,610,650,393,500,191,310,240,361,240,520,373,676,561,468,464,556,166,177,193
15-fev,,514,296,136,302,250,138,223,529,682,385,588,555,284,552,625,417,583,,590,327,400,627,205,679,,260,295,614,281,638,587,642,410,470,188,347,245,389,291,463,366,670,551,459,471,564,176,198,209
16-fev,,510,266,187,294,255,149,283,531,672,341,585,545,267,571,634,421,588,,584,350,474,620,196,680,,236,304,685,305,628,581,635,392,429,300,403,283,413,310,402,338,665,550,452,486,575,196,267,221
17-fev,,496,273,202,277,255,175,361,536,650,299,571,540,257,622,634,424,589,,578,337,495,607,196,678,,346,287,689,338,614,574,623,332,402,355,421,376,440,315,351,317,,565,443,488,595,215,310,240
18-fev,,486,278,233,253,275,177,422,540,620,274,549,533,250,668,628,411,586,,572,344,509,590,212,672,,284,279,691,365,609,562,617,318,388,373,431,482,468,319,305,302,,576,417,499,626,247,325,273
19-fev,,484,301,268,237,305,140,465,544,610,253,525,527,245,688,618,390,577,,566,348,521,566,241,664,,236,275,647,338,606,546,613,307,365,330,456,509,487,319,284,298,,582,345,514,681,218,329,274
20-fev,,466,321,257,236,385,133,493,549,600,243,506,523,238,690,603,373,567,,558,332,539,541,257,648,,218,269,636,319,608,532,612,301,347,275,477,535,518,317,260,306,,590,304,531,701,198,308,242
21-fev,,384,400,215,243,415,147,514,557,600,229,498,518,239,689,582,370,559,,545,330,564,524,250,636,,214,281,628,307,609,517,614,310,335,229,481,547,561,307,243,331,,579,282,542,706,186,271,215
22-fev,,382,448,166,254,430,149,530,568,600,228,504,509,241,689,559,424,553,,532,329,586,509,234,628,,195,287,609,290,612,502,612,334,323,197,482,569,594,291,226,343,,565,266,551,704,173,248,201
23-fev,,380,456,143,242,440,155,545,577,590,242,506,497,241,688,533,445,549,,498,306,606,493,231,635,,183,277,600,275,616,495,606,358,331,182,475,599,612,270,217,343,,558,254,561,699,183,241,220
24-fev,,378,504,107,220,428,167,571,581,590,265,509,484,242,686,498,437,546,,462,298,618,460,235,662,,205,268,589,261,611,488,602,384,334,213,458,629,636,245,212,343,,549,249,575,690,257,300,242
25-fev,,381,538,136,204,355,174,599,578,600,286,517,468,247,677,460,434,537,,419,312,620,412,241,677,,225,277,573,261,607,481,594,403,319,279,450,660,655,220,209,357,,540,243,609,679,346,337,276
26-fev,,397,557,137,195,355,179,612,570,605,296,523,461,261,664,429,431,529,,382,334,616,365,258,683,,211,374,531,275,605,475,586,418,310,272,467,683,660,196,209,370,,535,241,670,669,417,351,320
27-fev,,430,565,125,191,325,190,612,555,600,293,528,466,272,647,448,417,525,,359,401,607,329,246,684,,204,389,506,298,599,468,580,438,324,263,491,691,660,175,214,381,,530,264,697,657,454,320,347
28-fev,,458,569,157,194,307,167,607,530,600,271,532,466,262,627,491,394,523,,351,453,593,303,238,688,,217,393,502,328,588,445,564,456,360,240,495,691,643,175,229,391,,528,307,702,651,478,272,352
29-fev,,,,144,,,,598,,,,534,,,,517,,,,341,,,,243,,,,413,,,,417,,,,194,,,,175,,,,528,,,,492,,358
1-mar,,465,575,213,222,195,154,587,494,600,262,528,456,273,607,532,359,515,,337,477,576,287,270,,,258,,460,364,577,447,536,472,342,176,490,690,596,175,236,379,434,535,314,696,650,501,243,360
2-mar,,441,581,194,195,185,138,571,464,600,276,508,437,314,587,546,342,498,,336,491,547,290,362,,,429,,425,396,573,454,515,489,346,178,475,683,578,175,246,367,419,543,321,688,663,510,269,359
3-mar,,414,589,180,214,156,128,553,435,590,293,474,413,357,566,556,357,488,,324,502,532,295,464,,,508,,353,373,568,466,490,509,352,183,446,676,558,175,257,363,395,549,331,675,673,517,288,350
4-mar,,409,595,173,210,156,147,525,392,585,296,435,392,379,545,572,373,499,,310,510,524,347,513,,,531,,362,334,559,476,470,522,357,202,402,668,544,188,257,363,368,554,331,657,684,524,280,348
5-mar,,357,597,167,207,148,151,481,345,580,295,430,388,376,524,589,365,532,,303,518,514,404,539,,,553,,356,296,552,493,468,532,332,258,360,660,528,197,243,356,339,561,331,637,697,528,254,374
6-mar,,359,599,165,203,150,160,429,305,580,294,435,399,372,503,603,340,533,,306,524,493,404,558,,,579,,347,288,545,503,461,538,321,323,304,647,515,197,224,351,318,568,329,612,722,526,218,440
7-mar,,356,601,163,200,153,229,379,273,574,293,423,415,351,477,610,324,541,,303,536,481,409,570,,,606,,345,286,533,514,424,538,308,422,305,636,503,192,210,386,296,581,277,603,736,511,194,470
8-mar,,346,601,157,196,156,234,336,260,580,315,399,417,325,486,610,319,533,,295,550,474,431,574,,,630,,345,282,515,521,382,532,298,476,316,620,491,184,195,410,284,586,213,595,748,465,178,484
9-mar,,360,600,157,193,158,235,293,253,598,347,366,396,298,497,605,322,584,,303,561,453,454,572,,,641,,344,282,496,527,355,516,312,493,335,605,470,180,187,419,278,583,211,575,752,415,167,492
10-mar,,411,602,155,189,152,246,263,246,600,390,337,369,280,502,596,337,611,,327,571,424,464,567,,,640,,341,282,479,534,331,484,340,508,357,599,447,174,183,426,,579,239,552,754,347,159,492
11-mar,,358,604,155,186,154,267,234,270,623,410,309,343,283,504,583,354,622,,335,583,385,470,560,,,631,,340,288,472,542,318,439,363,520,339,593,434,169,179,443,,577,255,522,754,291,157,492
12-mar,,336,606,152,182,156,308,227,313,629,413,288,327,279,500,564,360,627,,341,604,349,469,540,,,616,,336,289,466,533,299,408,412,528,330,587,433,167,179,477,,575,264,481,752,268,155,505
13-mar,,346,608,147,179,153,315,260,346,640,397,272,320,262,490,543,324,630,,353,618,345,446,491,,,592,,326,301,450,499,294,396,429,533,337,569,465,167,179,505,,575,270,441,745,238,151,513
14-mar,,340,611,152,175,150,308,268,338,650,355,260,316,242,509,533,286,640,,332,623,340,398,440,,,558,,313,305,422,486,302,396,446,555,349,557,493,169,179,529,,579,275,400,734,221,150,520
15-mar,,324,617,157,172,154,321,254,298,657,308,253,311,240,495,534,267,650,,302,622,367,346,450,,,505,,305,309,401,453,348,396,452,570,363,533,501,179,179,550,,589,281,387,719,229,145,526
16-mar,,311,616,157,168,166,310,224,254,660,275,244,306,238,508,543,258,657,,277,618,376,304,517,,,440,,311,299,383,457,374,396,443,610,383,506,514,204,179,558,,595,274,374,706,276,148,529
17-mar,,293,599,165,165,215,263,205,225,662,248,238,303,233,516,557,256,664,,264,618,346,272,544,,,388,,312,289,373,460,384,386,407,688,365,475,525,220,179,576,,600,252,406,689,309,229,534
18-mar,,254,597,182,161,305,242,196,209,669,227,233,313,227,519,570,258,675,,258,614,307,252,584,,,398,,321,261,361,465,403,359,369,701,336,422,533,236,179,606,,605,238,449,676,307,298,539
19-mar,,246,593,187,153,375,246,182,197,655,214,231,338,225,511,584,304,684,,259,610,278,242,659,,,428,,333,228,352,474,425,337,345,700,308,375,538,250,185,592,,613,207,471,671,299,330,541
20-mar,,243,589,197,147,440,220,165,190,645,213,232,339,222,481,597,354,693,,262,605,256,236,686,,,445,,346,205,342,506,413,323,321,700,292,337,541,250,190,579,,620,194,491,663,283,384,539
21-mar,,241,591,203,149,448,188,155,185,640,237,229,331,217,439,602,354,697,,273,601,252,248,692,,,453,,365,192,341,518,366,324,304,692,269,334,539,228,191,570,,620,183,497,651,330,423,542
22-mar,,242,572,196,148,464,182,164,182,625,265,225,318,210,399,598,308,696,,295,598,261,264,693,,,445,,383,201,341,527,319,329,300,678,257,331,524,214,191,552,,613,186,463,644,362,445,553
23-mar,,246,560,183,148,470,180,174,197,615,256,256,303,203,374,585,266,693,,315,598,278,267,691,,,481,,409,207,341,531,295,340,331,664,255,331,509,198,191,515,,610,223,424,635,346,442,569
24-mar,,288,510,177,149,457,180,188,209,595,245,363,295,201,357,563,244,692,,310,599,290,259,684,,,490,,424,210,349,532,279,339,411,634,255,331,476,181,190,499,,598,248,431,628,326,439,580
25-mar,,311,428,167,148,365,175,186,235,590,247,427,292,199,350,530,232,686,,302,599,264,251,675,,,541,,428,199,367,532,267,344,474,606,255,331,437,168,187,489,,564,271,472,619,323,430,595
26-mar,,423,377,167,152,295,225,170,319,590,246,459,294,193,344,488,223,683,,296,590,245,249,660,,,559,,420,189,385,536,260,392,498,586,260,331,401,161,185,480,,520,280,498,613,321,396,604
27-mar,,488,325,165,152,250,242,193,380,590,276,480,295,193,342,449,217,691,,299,574,234,417,641,,,576,,401,185,401,536,255,419,508,562,278,324,380,161,185,471,,505,330,514,604,323,340,608
28-mar,,518,313,163,168,205,271,266,401,580,353,500,291,191,339,409,214,686,,297,551,225,475,615,,,596,,397,197,411,536,260,446,520,520,286,302,360,161,184,461,,473,386,522,596,398,292,607
29-mar,,533,301,157,195,175,285,300,382,565,400,517,294,185,329,381,211,681,,300,516,214,491,585,,,614,,396,215,409,527,262,491,531,494,290,302,356,161,180,451,,440,411,532,586,489,267,605
30-mar,,543,294,151,231,170,255,348,326,560,414,534,307,190,312,376,216,676,,305,466,209,506,547,,,617,,396,222,406,497,268,522,538,484,300,302,351,154,177,446,,411,424,539,578,514,237,602
31-mar,,554,297,151,261,168,236,364,267,553,398,559,340,194,297,361,227,671,,333,418,218,515,501,,,611,,410,222,400,475,270,534,544,479,370,302,334,146,177,442,,380,418,547,566,524,219,595
1-abr,,566,290,151,237,185,210,372,231,540,362,595,402,194,287,353,224,670,,370,383,223,520,451,,,589,,410,229,400,436,259,549,544,471,420,292,305,141,177,441,211,361,396,559,560,534,203,581
2-abr,,575,275,151,223,169,175,376,209,526,325,616,452,199,280,374,214,670,,436,362,209,518,406,,,558,,414,230,418,402,245,567,531,450,471,284,290,141,177,436,202,389,352,577,557,539,191,562
3-abr,,585,256,154,240,160,164,357,199,510,351,616,473,207,279,407,206,670,,472,347,205,518,369,,,507,,415,224,432,384,239,583,514,428,481,269,272,141,177,427,200,398,325,597,556,544,194,536
4-abr,,592,247,170,237,171,149,350,222,510,405,604,487,207,280,422,200,665,,490,342,205,515,339,,,438,,432,218,432,368,239,597,495,370,482,256,261,181,177,425,191,405,288,608,554,549,266,510
5-abr,,597,244,177,208,188,137,400,227,495,435,587,498,202,289,472,196,656,,505,342,198,516,316,,,377,,452,213,418,356,248,609,459,328,482,241,300,228,177,424,184,407,275,621,552,533,528,482
6-abr,,599,233,177,208,390,131,424,207,490,450,563,497,196,367,518,193,641,,513,341,190,517,304,,,282,,439,207,408,341,273,621,411,292,402,234,402,272,177,421,180,394,260,617,552,,564,424
7-abr,,596,224,173,207,426,129,432,191,480,455,528,469,190,433,550,190,622,,517,346,185,518,307,,,300,,438,202,399,324,284,620,356,269,347,222,454,301,178,419,176,355,232,612,551,468,598,389
8-abr,,595,216,165,194,450,123,447,187,480,435,485,411,184,464,588,187,601,,503,330,181,504,302,,,276,,426,206,383,308,264,617,320,253,322,212,486,279,178,414,172,329,209,607,557,427,658,358
9-abr,,597,211,157,179,464,119,422,184,480,382,461,374,181,482,617,185,578,,453,312,179,452,297,,,265,,415,210,360,310,273,612,294,238,309,206,502,259,173,406,170,309,199,598,562,387,696,329
10-abr,,597,207,154,169,468,125,376,208,490,344,457,428,180,496,629,183,552,,388,305,176,399,320,,,260,,406,203,335,327,250,601,279,229,292,202,511,238,168,401,167,292,186,585,567,371,718,308
11-abr,,594,205,146,161,428,180,321,241,500,365,455,469,176,509,632,183,523,,334,302,174,444,327,,,268,,402,198,301,375,233,589,270,222,287,202,524,223,162,398,167,268,177,565,574,370,731,316
12-abr,,585,203,141,157,345,320,278,252,500,428,465,489,173,518,629,183,482,,306,300,172,477,323,,,270,,393,194,299,419,228,569,259,213,275,202,533,217,157,414,167,256,177,550,581,347,737,362
13-abr,,556,201,139,155,280,376,250,265,500,462,489,499,172,525,621,181,440,,289,296,169,492,326,,,279,,370,192,298,450,223,542,259,207,268,202,541,214,155,441,173,244,176,517,586,324,740,405
14-abr,,497,198,139,176,235,412,233,282,485,480,505,501,170,523,610,179,407,,282,287,166,502,324,,,286,,362,192,298,460,218,510,267,201,258,202,546,209,151,488,200,234,173,475,586,307,747,444
15-abr,,451,195,137,345,195,410,218,267,462,493,514,485,169,494,595,178,388,,281,285,164,509,336,,,276,,362,192,298,459,230,460,285,198,245,200,557,202,151,513,217,238,170,428,585,293,753,471
16-abr,,394,193,137,416,163,350,200,235,426,503,523,437,168,442,578,178,371,,301,290,161,514,345,,,260,,366,192,298,458,329,426,319,194,232,198,562,186,146,538,225,255,167,380,585,282,759,484
17-abr,,358,193,135,460,165,277,187,210,398,514,534,378,167,383,561,178,354,,351,359,161,510,366,,,254,,368,192,295,458,426,432,359,193,225,197,550,183,141,554,229,265,164,327,585,278,764,
18-abr,,338,191,134,475,163,215,175,196,377,524,549,342,166,344,541,177,339,,379,427,162,492,363,,,251,,368,202,286,480,489,455,367,193,220,200,538,181,140,559,231,274,157,306,590,298,762,
19-abr,,302,188,134,437,159,190,181,186,362,535,577,315,166,317,514,177,325,,356,430,168,460,333,,,241,,372,239,286,494,504,487,376,193,213,200,525,186,140,552,231,287,155,294,591,305,753,
20-abr,,282,185,132,342,150,169,198,179,350,544,615,308,166,297,477,177,312,,338,419,176,398,308,,,259,,372,369,325,486,522,520,379,193,208,200,513,206,140,540,225,295,155,289,602,294,741,
21-abr,,271,183,131,256,145,165,181,179,342,549,628,313,165,286,433,176,304,,382,399,171,343,296,,,323,,376,444,391,464,550,526,350,208,207,200,504,220,140,513,201,299,152,287,610,271,725,
22-abr,,260,181,137,210,140,185,163,188,339,544,625,322,165,280,391,174,309,,428,388,170,334,285,,,410,,378,474,453,423,579,537,313,229,212,198,497,227,140,499,193,303,150,287,620,246,713,
23-abr,,255,179,144,190,140,177,153,202,363,528,613,350,167,278,359,172,318,,431,383,189,314,276,,,443,,381,478,476,367,623,547,283,244,227,196,508,250,140,493,188,305,148,283,621,235,699,
24-abr,,255,176,145,180,135,167,146,204,384,501,597,358,170,278,333,186,327,,387,366,222,294,276,,,450,,338,488,498,327,658,566,269,232,276,193,520,299,138,509,184,305,145,275,620,230,679,
25-abr,,252,174,145,175,132,175,142,190,385,480,582,336,173,281,312,247,346,,345,344,213,300,274,,,415,,299,499,506,304,665,604,259,211,332,193,536,336,172,555,182,221,141,270,613,241,661,
26-abr,,248,172,141,171,130,196,138,178,382,465,569,306,168,275,294,271,332,,323,324,188,300,264,,,367,,270,510,502,286,670,646,250,199,408,191,558,345,268,572,182,130,137,266,603,264,639,
27-abr,,243,175,139,168,128,175,137,171,383,437,556,282,163,262,280,274,307,,306,311,173,290,261,,,405,,280,524,459,276,675,672,244,199,441,191,577,296,337,566,181,128,137,264,593,261,618,
28-abr,,236,184,137,171,127,156,137,165,402,402,537,268,161,253,269,294,289,,299,300,164,282,254,,,436,,280,540,398,265,679,669,238,210,445,195,601,256,405,563,175,126,138,264,579,260,602,
29-abr,,234,195,138,169,126,153,140,160,427,365,508,260,160,247,261,342,279,,293,290,159,279,245,,,431,,280,555,368,259,680,666,234,236,441,197,611,240,453,545,172,124,138,264,571,267,576,
30-abr,,222,191,152,209,122,146,223,156,442,332,481,255,159,244,255,366,271,,290,297,157,268,239,,,389,,270,562,338,259,679,666,230,273,419,200,620,225,465,510,172,120,138,264,567,286,540,
1-mai,,225,180,170,305,126,140,293,153,439,318,481,252,159,246,251,356,267,,318,306,160,254,236,,,322,,260,521,306,259,672,676,226,296,388,200,600,240,468,484,172,221,133,269,565,,503,
2-mai,,223,174,184,458,139,136,279,152,415,338,490,252,160,255,252,333,262,,379,295,164,263,232,,,278,,260,457,290,259,662,683,221,310,347,198,572,263,443,473,172,221,131,276,565,356,474,
3-mai,,224,175,206,515,149,138,229,152,378,385,496,252,161,338,254,295,259,,426,283,159,343,234,,,246,,259,395,279,259,657,689,221,255,299,202,536,282,421,432,175,221,131,284,569,382,439,
4-mai,,222,173,203,538,146,135,192,154,351,434,495,255,161,275,254,259,259,,436,276,155,403,269,,,228,,250,385,270,247,649,668,219,232,219,223,507,297,388,330,182,221,131,293,570,367,407,
5-mai,,220,171,177,556,139,131,170,175,329,461,473,276,161,278,254,231,256,,407,271,152,435,364,,,227,,250,381,274,243,640,611,216,229,213,243,468,308,315,278,181,221,131,287,572,337,388,
6-mai,,222,169,154,572,145,137,159,237,314,479,430,281,160,279,254,213,252,,360,263,152,448,424,,,248,712,250,354,345,241,621,615,214,359,207,263,437,308,227,263,180,221,133,280,574,297,369,
7-mai,,231,168,147,590,148,173,159,293,301,493,387,272,158,309,248,201,246,,321,256,152,435,433,,,303,711,256,295,390,233,605,606,214,404,202,280,407,318,225,244,180,221,140,289,575,248,382,
8-mai,,233,168,146,612,150,244,166,293,290,503,352,278,157,324,241,194,242,,294,250,152,412,417,,,308,714,268,270,427,230,586,597,214,441,202,302,378,343,225,235,180,221,146,341,590,236,417,
9-mai,,229,170,144,647,290,301,179,253,281,508,334,300,155,312,237,187,240,,278,248,151,398,363,,,329,717,266,241,416,228,537,580,219,472,202,311,354,367,217,232,180,220,149,369,603,223,452,
10-mai,,226,169,144,675,333,367,221,220,274,501,319,337,154,315,236,182,237,,270,246,155,401,308,,,320,725,280,214,397,236,499,552,225,450,199,318,340,395,197,227,177,214,149,389,607,216,465,
11-mai,,221,167,184,688,442,340,241,209,269,474,310,348,152,331,243,177,235,,264,249,164,404,275,,,289,764,273,214,384,257,451,516,232,404,196,320,328,423,180,221,167,213,149,440,601,211,446,
12-mai,,223,166,217,686,459,301,242,207,277,426,303,356,151,369,256,174,233,,265,256,173,407,257,,,253,782,259,227,360,270,400,488,231,327,195,298,307,464,178,217,162,214,144,466,590,206,403,
13-mai,,228,165,273,676,479,224,222,203,339,374,334,337,150,391,265,171,229,,268,279,174,399,248,,,237,790,251,267,337,275,370,458,222,278,201,276,290,477,177,212,162,215,140,474,571,212,364,
14-mai,,236,166,287,657,482,198,219,199,395,331,364,305,148,366,269,169,226,,359,282,183,362,240,,,310,790,283,293,311,271,350,409,214,255,210,256,274,477,171,208,161,224,139,449,537,227,331,
15-mai,,252,168,255,632,486,184,219,198,419,300,361,269,147,320,259,167,224,,431,268,263,340,236,,,457,766,315,334,293,274,365,386,207,239,215,227,261,483,167,204,160,240,138,396,502,282,314,
16-mai,,282,167,221,599,467,175,203,185,434,277,337,255,147,286,243,167,221,,456,252,377,396,233,,,500,757,347,347,283,304,366,388,203,228,215,201,250,486,164,202,160,263,138,367,485,342,313,
17-mai,,319,167,202,550,434,170,180,172,441,260,338,252,146,270,230,167,218,,455,244,430,449,228,,,515,736,381,315,275,302,377,400,201,220,211,196,246,491,162,202,160,282,138,338,,363,370,
18-mai,,328,166,190,490,345,163,165,164,431,249,410,260,145,260,222,167,218,,420,239,455,467,226,,,526,717,441,268,266,346,397,427,199,214,208,188,239,499,161,202,160,285,138,326,,348,445,
19-mai,,297,166,216,426,206,152,155,159,399,242,492,277,147,250,217,169,239,,366,235,461,470,221,,,535,705,449,227,260,421,412,413,199,211,201,187,233,510,161,202,162,290,138,317,,311,469,
20-mai,,272,166,304,365,303,164,149,155,384,239,543,294,185,242,215,170,278,,327,250,420,451,222,,,544,700,419,208,249,496,372,407,199,209,201,194,228,518,161,206,171,294,138,317,,272,477,
21-mai,,252,166,303,316,266,188,144,153,424,237,580,283,226,238,227,172,289,,303,289,332,404,252,,,551,703,350,241,248,516,350,401,199,206,201,231,223,524,160,209,181,300,138,342,,250,452,
22-mai,,246,166,264,297,205,176,145,152,452,232,625,261,211,233,348,170,314,,286,325,273,359,317,,,556,710,311,368,248,530,330,384,197,205,201,294,222,522,169,211,189,303,137,394,,235,413,
23-mai,,311,167,213,302,209,165,145,151,471,228,643,248,191,234,450,165,334,,274,362,251,330,343,,,549,710,295,509,248,546,327,361,195,203,205,323,222,508,178,215,196,294,131,389,,227,375,
24-mai,,333,169,187,344,232,149,167,166,484,222,652,239,197,276,478,163,386,,265,386,298,324,338,,,535,710,268,555,246,556,339,337,195,201,209,341,230,482,198,218,200,281,130,376,,247,344,
25-mai,,341,187,172,346,223,139,179,264,496,217,659,235,234,301,493,160,464,,258,373,325,323,344,,,527,709,255,613,240,576,362,307,195,197,221,324,253,479,277,229,201,272,130,348,,300,329,
26-mai,,398,196,164,332,203,134,203,355,508,211,668,232,219,375,505,159,494,,251,351,300,303,357,,,524,695,250,628,234,598,394,296,195,195,243,296,275,482,320,233,200,255,129,365,,361,313,
27-mai,,468,189,157,318,188,129,256,370,516,206,676,229,196,406,515,158,511,,246,323,293,281,335,,,517,673,250,669,230,613,393,295,195,192,274,266,292,500,338,231,199,229,137,418,,424,307,
28-mai,,472,181,157,293,180,128,302,337,520,202,684,227,179,379,523,156,521,,242,288,354,267,304,,,506,665,247,677,229,626,359,304,195,190,298,247,288,517,358,222,181,215,157,469,,447,302,
29-mai,,417,173,156,269,176,142,322,283,520,198,686,225,172,322,526,156,530,,239,265,420,257,275,,,461,662,246,692,227,631,339,322,197,188,313,235,255,524,375,216,177,203,161,493,,459,,
30-mai,,357,169,152,266,159,169,294,238,516,195,682,224,166,281,508,153,539,,236,251,447,248,255,,,405,657,242,701,224,618,330,352,205,188,324,217,241,536,370,205,177,197,161,502,,433,,
31-mai,,281,167,150,317,157,167,307,208,511,192,671,222,164,261,459,152,545,,232,242,442,243,245,,,354,655,242,701,221,595,357,405,214,199,334,203,230,549,315,195,177,197,161,514,293,382,,
1-jun,,256,167,147,335,150,153,363,187,500,190,656,221,162,253,390,151,544,,231,236,437,241,250,,,319,652,240,698,220,584,385,439,225,199,316,203,222,555,273,195,175,197,161,522,291,342,,
2-jun,,254,166,145,332,148,137,373,174,477,189,640,225,164,268,348,151,521,,233,234,459,237,286,,,298,646,240,694,220,571,391,454,221,199,288,203,217,560,238,195,172,197,158,531,289,317,,
3-jun,,249,166,144,329,144,123,330,167,441,187,622,273,170,275,332,158,472,,241,286,477,234,347,,,271,644,240,691,219,539,365,462,208,205,263,203,231,565,223,193,171,206,158,536,285,299,,
4-jun,,243,167,143,301,139,120,264,164,412,185,604,267,172,259,314,175,408,,241,402,491,232,341,,,255,646,244,691,219,492,322,442,199,233,240,203,283,570,213,192,170,214,157,524,283,283,315,
5-jun,,234,168,141,278,138,119,215,165,432,184,587,244,170,245,317,188,362,,235,400,497,229,306,,,242,654,314,689,217,440,326,414,195,243,225,201,315,567,205,192,169,215,151,496,280,318,348,
6-jun,,219,170,140,260,136,120,189,171,458,183,568,227,164,238,309,211,363,,230,331,489,252,273,,,242,674,386,673,217,401,338,387,194,248,214,195,352,545,193,192,168,215,149,450,278,331,381,
7-jun,,224,172,139,240,136,120,177,181,475,184,546,224,160,233,288,257,425,,227,284,442,355,256,,,240,693,428,651,216,374,378,365,194,246,205,191,367,521,188,192,168,213,144,412,275,358,376,
8-jun,,223,176,137,226,132,120,168,233,487,185,521,259,158,230,269,271,461,,225,258,368,434,248,,,269,712,455,639,214,355,429,317,193,246,202,186,393,496,185,192,168,206,140,394,273,395,348,
9-jun,,216,221,137,216,130,120,162,267,496,185,491,253,156,226,255,272,480,,225,242,320,470,241,,,315,720,462,627,213,327,465,291,192,243,265,181,413,462,175,192,168,203,139,375,271,430,326,
10-jun,,215,288,145,209,130,120,157,253,501,183,461,230,154,224,245,307,492,,226,231,306,487,230,,,367,722,470,615,242,308,488,287,191,231,364,179,444,404,172,192,168,197,139,358,270,451,,
11-jun,,213,318,155,204,130,121,152,217,501,183,430,215,152,224,238,300,491,,228,228,303,500,225,,,385,714,466,595,275,296,500,282,191,224,415,174,460,339,170,192,167,194,139,336,273,467,,
12-jun,,214,279,169,200,130,128,149,212,495,182,404,207,151,222,233,255,454,,229,226,282,510,221,,,364,705,462,559,307,288,502,277,195,217,453,173,399,326,170,190,166,192,139,320,288,468,,
13-jun,,212,261,185,197,137,134,145,271,482,180,385,202,150,220,228,219,447,,231,225,263,521,217,,,319,689,428,517,339,281,480,277,199,212,474,171,357,315,168,181,165,188,150,308,297,430,,
14-jun,,212,221,184,195,144,141,142,293,472,177,370,199,152,218,224,201,498,,235,225,247,531,214,,,282,672,414,499,320,274,480,277,202,207,483,169,335,309,161,174,165,188,168,297,,378,,
15-jun,,211,206,180,194,149,152,140,266,473,175,358,198,153,216,221,190,536,,232,223,236,534,211,,,261,670,420,495,269,269,452,274,208,201,467,168,308,336,159,166,165,195,173,285,297,327,348,
16-jun,,209,249,164,207,138,150,137,232,477,173,346,203,154,213,219,184,571,,229,222,227,516,208,,,249,664,414,495,241,264,435,272,222,194,435,168,282,376,159,165,161,201,168,278,283,298,415,
17-jun,,206,262,147,238,133,130,137,246,468,170,336,272,158,211,219,180,614,,229,220,221,474,206,,,244,670,410,493,222,260,469,270,268,190,398,168,255,414,158,172,156,210,164,274,275,273,472,
18-jun,,204,242,142,299,133,128,136,273,437,168,330,340,162,210,219,180,667,,227,218,215,423,204,,,229,665,407,485,216,257,498,265,306,187,373,168,235,435,156,179,151,219,155,268,268,255,523,
19-jun,,202,225,139,406,145,128,136,267,397,167,323,306,160,210,219,178,687,,222,216,211,391,202,,,219,677,404,480,214,254,513,261,287,185,333,171,227,406,156,181,148,213,150,262,263,245,547,
20-jun,,200,210,137,457,161,129,135,240,365,164,314,255,154,208,216,197,696,,218,213,207,366,200,,,215,664,401,478,213,251,519,261,273,198,301,173,221,379,188,181,144,209,144,259,259,244,563,
21-jun,,198,205,137,459,158,135,138,207,341,162,305,227,149,206,214,215,701,,216,211,203,332,198,,,221,645,398,478,208,248,535,263,271,212,266,172,217,348,218,181,144,201,141,256,254,293,588,
22-jun,,195,183,136,416,156,167,148,186,332,162,297,215,147,204,211,200,701,,212,209,199,304,196,,,242,638,392,485,208,245,553,264,335,215,237,167,215,315,268,178,141,193,139,253,251,452,620,
23-jun,,195,176,135,339,150,205,152,175,334,162,290,217,146,201,209,185,698,,209,207,196,283,193,,,293,626,386,424,208,245,575,264,391,209,235,164,214,292,294,178,141,183,139,250,247,501,655,
24-jun,,196,174,134,287,143,188,145,169,330,164,283,252,145,199,209,182,691,,207,205,194,269,192,,,334,613,380,393,207,245,582,287,403,203,234,164,212,269,307,173,138,180,139,246,246,536,673,
25-jun,,196,172,134,261,132,170,136,164,322,170,277,324,144,198,209,184,683,,206,203,191,259,190,,,399,598,380,387,206,245,586,275,410,199,234,164,207,249,304,171,133,178,139,242,242,563,675,
26-jun,,195,170,134,242,126,151,132,163,316,191,272,374,144,196,211,182,669,,205,202,188,253,191,,,423,587,380,368,206,245,580,273,392,197,234,164,204,281,291,168,132,178,139,240,239,583,677,
27-jun,,193,168,134,233,126,150,129,168,311,217,267,364,143,195,213,181,657,,202,201,186,249,195,,,411,574,372,352,206,245,556,274,341,202,226,164,202,311,278,167,132,176,141,237,239,617,671,
28-jun,,194,169,134,224,132,136,127,196,309,227,263,324,141,193,226,183,646,,201,201,184,247,196,,,365,560,350,337,206,244,532,291,290,213,219,164,200,357,255,164,132,170,161,235,236,669,662,
29-jun,,196,171,134,216,133,133,126,254,309,242,259,294,139,193,255,185,637,,199,199,184,240,193,,,322,553,350,326,212,243,496,304,230,215,214,162,196,394,230,163,132,169,167,233,234,694,653,
30-jun,,198,169,134,215,127,128,126,256,310,248,256,261,138,193,284,178,623,,197,198,183,237,191,,,300,538,348,312,216,243,480,287,228,215,214,161,194,442,203,163,133,169,172,229,236,699,647,
1-jul,,201,167,137,238,127,120,123,225,312,229,255,245,137,192,268,170,609,,197,202,182,234,189,,,299,,340,299,214,242,469,263,222,204,211,159,190,499,190,163,133,169,176,229,246,693,646,
2-jul,,209,166,137,305,127,118,121,196,300,211,256,240,136,191,242,164,595,,197,223,180,231,186,,,288,,320,326,208,246,477,257,215,190,207,159,190,506,190,163,133,169,182,226,271,684,657,
3-jul,,269,165,135,370,126,119,121,180,282,210,258,230,135,190,226,161,582,,197,253,178,228,182,,,273,,320,379,208,246,478,245,209,179,204,157,188,515,190,165,133,169,196,225,,668,694,
4-jul,,286,165,133,389,122,146,118,170,267,242,258,217,135,189,219,159,570,,197,266,176,225,180,,,253,,320,418,208,243,471,245,208,203,203,157,186,521,190,168,132,169,224,225,,649,719,
5-jul,,272,167,131,365,122,164,116,166,257,299,259,210,134,188,216,156,559,,196,278,176,221,177,,,240,,320,431,203,239,445,242,208,232,199,157,184,512,190,168,127,169,277,224,,627,730,
6-jul,,255,168,128,312,120,204,115,183,250,341,260,205,134,188,214,155,543,,193,306,176,218,175,,,231,,320,432,202,236,420,238,207,261,203,156,183,476,188,169,123,169,313,220,,603,730,
7-jul,,244,167,127,273,120,264,114,194,243,383,258,202,133,194,210,166,519,,191,304,175,216,173,,,227,,311,398,202,233,395,236,208,280,226,154,183,427,180,169,122,168,331,218,,573,718,
8-jul,,226,163,127,243,120,357,114,185,239,394,254,199,133,205,207,166,483,,189,293,176,215,171,,,221,,307,388,197,233,369,233,231,277,241,153,185,399,172,169,122,165,341,213,,536,708,
9-jul,,220,159,127,232,126,407,114,174,235,360,251,195,132,201,204,158,443,,187,279,175,213,171,,,218,,294,368,193,231,346,232,254,241,248,153,190,357,168,169,122,165,296,213,296,512,694,
10-jul,,215,156,127,235,137,410,114,169,231,301,248,194,131,197,202,154,409,,185,259,173,210,170,,,215,,290,346,193,228,330,232,260,217,243,153,194,336,163,169,122,165,264,213,285,461,680,
11-jul,,211,154,127,226,182,372,116,164,228,250,247,194,129,194,199,152,399,,185,242,171,207,169,,,213,,290,327,199,226,315,232,258,207,235,153,198,313,160,169,122,165,249,212,274,447,662,
12-jul,,208,154,127,219,244,280,124,157,225,219,250,192,128,188,197,150,394,,185,228,169,205,168,,,209,,283,304,202,225,304,236,241,197,223,153,205,295,158,169,122,161,240,208,264,416,643,
13-jul,,205,153,127,216,239,215,131,151,223,202,256,192,127,184,198,148,379,,184,219,168,204,167,,,231,,281,285,203,226,295,238,226,184,206,153,204,284,158,169,122,154,235,209,257,390,628,
14-jul,,203,153,126,214,212,184,128,146,221,191,255,192,126,182,200,147,361,,183,213,166,206,166,,,283,,281,285,206,228,288,236,216,172,200,153,197,284,158,168,122,147,231,209,251,375,615,
15-jul,,195,153,126,208,181,151,123,142,219,184,247,192,125,181,199,146,343,,182,209,164,204,165,,,293,,281,284,204,229,282,227,208,172,196,153,192,276,158,165,122,143,219,212,244,348,598,
16-jul,,186,153,125,203,174,156,122,139,216,179,241,194,125,181,196,146,329,,181,206,164,201,165,,,299,,266,281,198,224,281,224,203,172,193,153,187,284,158,165,122,141,217,235,236,323,581,
17-jul,,184,155,124,200,155,150,126,137,213,177,236,311,125,180,192,144,320,,181,204,162,196,164,,,301,,250,278,191,219,272,222,192,172,192,153,184,327,158,165,122,141,214,259,235,304,562,
18-jul,,181,156,124,197,151,143,133,135,211,186,232,396,127,179,189,144,317,,183,202,161,193,163,,,274,,250,273,192,217,269,222,188,177,190,153,182,388,158,164,122,141,195,267,234,289,538,
19-jul,,179,154,124,195,146,138,132,133,212,225,229,403,128,178,186,144,346,,184,199,160,189,163,,,250,,250,267,194,216,266,224,186,178,189,151,181,434,158,159,122,136,181,287,230,280,514,
20-jul,,185,154,123,191,138,131,136,132,211,286,227,349,127,178,184,144,419,,184,197,160,188,162,,,229,,250,263,195,213,262,223,185,178,191,162,181,475,158,159,124,135,168,325,224,275,478,
21-jul,,190,155,123,188,130,129,149,133,217,307,225,281,127,178,182,144,459,,182,194,160,186,161,,,217,,250,257,196,212,260,220,185,178,186,174,178,501,158,159,134,135,157,336,221,272,442,
22-jul,,195,156,123,185,127,125,142,136,229,278,222,233,134,178,181,144,479,,180,192,158,183,161,,,210,,250,255,198,208,258,219,185,178,180,199,177,511,158,159,138,135,155,314,217,267,426,
23-jul,,197,156,117,182,125,123,128,138,252,237,218,210,147,180,180,143,495,,178,190,160,182,159,,,202,,250,255,208,204,256,218,187,178,178,239,175,518,158,159,138,135,155,286,228,265,417,
24-jul,,195,154,117,180,121,121,119,136,258,211,217,199,144,188,183,143,509,,177,188,162,182,159,,,194,,250,255,230,203,255,214,185,178,176,291,171,541,158,158,141,135,159,271,246,261,408,
25-jul,,189,152,117,178,117,118,113,134,245,197,214,194,137,223,181,143,524,,176,187,166,182,157,,,189,,250,255,225,203,254,211,185,209,174,370,170,563,157,157,143,134,174,252,255,256,401,
26-jul,,186,150,117,176,116,118,109,133,230,189,212,193,132,243,183,143,558,,176,185,166,182,157,,,185,,250,255,215,202,257,208,184,238,173,436,166,575,154,156,151,129,191,240,265,252,405,
27-jul,,188,146,117,176,116,123,108,134,222,184,208,193,131,252,182,143,642,,177,183,164,180,157,,,183,,250,255,205,201,257,206,181,261,172,414,163,580,151,156,156,129,199,234,260,249,390,
28-jul,,187,149,116,174,116,128,108,133,217,180,206,192,135,262,179,143,674,,177,182,162,178,157,,,185,,287,255,200,201,257,205,180,279,172,375,160,583,149,156,159,128,204,228,263,247,373,
29-jul,,185,149,116,172,114,134,107,132,214,176,204,192,150,249,175,143,670,,177,181,159,176,156,,,182,,319,254,197,201,257,202,180,271,172,318,159,595,148,156,159,128,205,224,265,247,358,
30-jul,,183,149,115,170,114,163,106,130,210,173,202,192,147,220,176,143,655,,177,179,156,174,155,,,181,,343,252,194,201,246,201,178,229,172,266,158,598,145,156,160,128,202,216,251,247,346,
31-jul,,182,149,115,168,114,159,105,129,207,171,201,192,140,199,177,143,634,,177,179,157,174,155,,,179,,343,248,190,200,239,200,173,200,172,229,156,573,143,149,161,128,188,210,234,247,337,
1-ago,,180,149,114,166,114,242,105,128,203,168,199,190,130,188,183,143,610,,177,177,162,175,154,,,176,,,243,186,199,237,198,171,192,170,205,155,530,143,143,161,128,180,205,229,243,329,
2-ago,,177,148,114,165,114,352,105,128,199,166,197,189,127,180,189,143,586,,177,178,169,180,153,,,174,,,239,182,197,232,196,169,187,169,190,155,497,143,140,160,134,177,204,230,239,322,
3-ago,,175,146,114,164,113,406,102,128,194,165,194,188,126,175,195,143,563,,177,180,203,196,152,,,172,,,232,182,196,230,196,167,179,167,183,155,465,143,139,155,148,177,202,237,234,315,
4-ago,,176,146,114,162,113,421,101,127,191,163,192,186,124,172,193,142,530,,178,187,246,198,151,,,172,,,230,181,194,230,201,165,174,164,180,155,427,143,139,151,153,177,201,245,231,308,
5-ago,,178,147,115,160,111,415,99,127,188,162,192,185,123,169,186,142,489,,178,206,221,190,150,,,176,,,230,179,191,240,209,164,172,163,176,155,393,139,139,148,157,191,201,258,226,303,
6-ago,,180,147,116,159,111,365,98,130,185,160,192,184,122,167,179,142,450,,190,242,191,184,149,,,187,,,227,179,190,246,239,164,177,161,173,159,361,139,138,142,161,227,201,262,221,298,
7-ago,,178,146,117,159,111,299,97,142,182,159,194,182,120,165,175,142,433,,208,249,174,180,148,,,189,,,225,180,190,254,272,164,176,159,171,169,348,139,137,135,163,253,200,251,216,293,
8-ago,,175,145,117,160,110,248,96,153,181,158,199,181,119,163,173,142,433,,206,234,164,180,147,,,183,,,223,182,189,263,315,164,174,155,169,182,334,139,135,130,167,210,200,239,212,289,
9-ago,,173,144,126,160,110,205,98,153,181,157,207,179,118,163,172,142,425,,194,215,158,195,146,,,177,,,222,182,188,249,377,163,185,153,167,198,317,135,133,128,172,185,200,228,208,285,
10-ago,,172,143,127,160,100,198,101,147,182,158,220,178,118,161,176,142,412,,184,202,153,227,145,,,174,317,,220,182,188,238,434,162,193,151,164,209,301,131,130,128,183,169,198,223,205,280,
11-ago,,170,141,128,157,100,198,101,138,183,166,218,177,118,161,181,142,416,,180,191,150,224,144,,,172,315,,218,181,187,232,473,162,199,151,161,210,287,128,130,124,192,155,198,218,202,276,
12-ago,,170,141,128,156,100,196,100,131,184,179,207,176,117,161,179,144,436,,181,183,148,205,143,,,172,314,,218,179,186,232,495,162,194,151,158,194,272,125,129,121,204,148,197,215,199,270,
13-ago,,172,141,130,156,100,181,104,126,186,182,201,175,117,161,174,153,433,,181,180,146,192,142,,,176,313,,218,176,186,232,509,159,192,151,154,183,251,125,126,118,202,140,195,210,199,266,
14-ago,,173,140,138,156,100,163,126,122,185,175,201,174,115,161,175,155,414,,177,179,146,184,141,,,184,340,,217,173,185,232,537,158,188,151,149,175,243,125,120,118,191,139,189,206,194,265,
15-ago,,171,139,140,154,99,152,144,120,184,173,205,173,114,161,180,151,372,,173,178,146,178,141,,,187,373,,215,172,184,232,592,158,183,151,149,168,236,125,120,115,187,135,183,204,192,265,
16-ago,,169,139,134,153,99,145,135,120,182,172,218,172,115,161,181,145,341,,170,178,147,175,139,,,182,382,,210,171,182,228,629,158,178,151,148,177,230,125,120,115,185,133,180,201,190,264,
17-ago,,167,138,128,151,99,139,154,122,182,168,249,171,116,163,178,141,320,,169,178,150,171,139,,,173,387,,207,170,177,218,667,158,178,150,145,186,224,125,120,114,184,133,179,197,187,261,
18-ago,,166,137,124,151,99,136,162,122,182,163,281,170,117,163,174,138,305,,169,177,159,168,138,,,169,350,,207,168,174,215,705,158,176,147,145,197,222,125,120,108,182,133,179,193,186,256,
19-ago,,164,137,120,150,99,136,138,121,178,158,258,168,118,161,174,138,296,,169,176,186,165,137,,,165,330,,207,167,172,215,716,158,168,145,145,205,222,125,120,106,180,133,178,191,183,254,
20-ago,,164,135,118,149,98,133,119,119,175,156,226,167,119,160,172,138,303,,169,175,223,162,137,,,159,321,,207,166,172,215,722,158,165,143,145,207,221,124,120,104,175,169,178,192,183,253,
21-ago,,165,134,117,147,98,130,110,117,172,154,206,166,120,160,167,139,340,,171,173,213,159,137,,,156,317,,207,165,169,217,712,158,164,143,145,191,219,122,120,103,166,296,176,197,180,253,
22-ago,,166,133,116,147,98,127,105,115,169,154,199,165,121,176,164,146,363,,175,172,191,158,136,,,154,325,,208,164,170,231,698,158,164,143,142,179,219,120,119,103,157,371,175,200,179,252,
23-ago,,167,133,117,146,97,125,102,113,168,154,197,164,121,188,161,146,348,,181,170,176,158,135,,,152,330,,210,164,175,268,684,158,164,143,141,173,214,120,119,103,147,402,175,201,176,250,
24-ago,,166,133,118,146,97,122,101,111,167,154,198,163,121,177,159,139,317,,187,169,170,158,134,,,152,332,,207,164,178,302,667,158,159,143,140,167,213,118,119,103,141,418,175,200,175,247,
25-ago,,165,134,119,145,97,119,102,110,165,154,197,162,121,166,157,137,293,,193,168,165,158,133,,,152,324,,206,163,180,311,641,158,154,143,138,160,211,118,118,103,132,466,173,199,171,244,
26-ago,,164,135,119,144,94,116,105,109,163,157,190,161,121,163,157,136,280,,199,167,180,158,133,,,153,316,,206,159,182,287,621,151,152,143,138,159,211,118,118,102,124,482,171,197,169,239,
27-ago,,164,134,119,144,92,114,126,109,161,171,186,160,120,165,159,135,271,,198,167,211,158,131,,,153,316,,205,157,184,266,598,151,151,143,138,159,208,118,119,102,123,495,170,196,169,236,
28-ago,,165,130,119,144,92,113,158,110,160,173,183,159,120,193,162,135,264,,197,166,245,158,131,,,154,321,,202,156,181,239,577,151,151,143,138,159,205,118,123,102,123,520,170,195,167,235,
29-ago,,165,129,120,143,101,113,170,110,165,165,181,161,119,205,169,135,258,,196,164,238,158,130,,,154,351,,198,156,171,224,546,150,161,143,138,159,201,117,126,102,121,591,169,194,165,234,
30-ago,,166,127,119,142,117,118,161,110,205,158,178,163,118,249,173,135,254,,195,163,217,156,129,,,153,393,,196,156,167,216,493,149,184,143,138,159,199,117,128,102,117,618,165,191,166,235,
31-ago,,166,125,118,142,138,126,155,113,242,153,176,164,118,252,170,135,249,,195,161,197,157,128,,,153,405,,194,156,164,210,436,149,204,143,137,154,199,116,128,102,117,624,165,185,169,236,
1-set,,166,125,117,142,159,122,156,145,238,150,176,168,116,215,163,134,247,,194,161,182,159,127,,,152,416,,193,156,164,206,395,150,228,139,137,150,199,116,128,102,116,624,164,183,170,236,
2-set,,167,125,117,141,156,115,170,163,206,148,176,201,116,189,158,134,246,,193,159,174,162,127,,,152,432,,193,156,165,203,364,150,240,137,137,146,199,116,128,102,113,621,161,184,171,238,
3-set,,167,124,119,140,147,111,195,144,182,146,178,256,117,175,155,134,246,,192,159,163,164,127,,,153,440,,192,156,168,199,337,150,251,135,137,143,198,116,128,106,110,618,161,175,171,238,
4-set,,167,122,121,139,121,108,183,125,170,144,176,317,118,167,154,134,245,,191,161,166,166,126,,,149,454,,192,156,172,196,325,149,263,134,137,143,194,116,128,110,110,608,158,171,169,243,
5-set,,169,121,124,138,118,107,154,117,164,143,175,358,119,161,152,134,243,,190,164,210,166,125,,,148,467,,190,156,178,191,320,145,278,134,137,143,191,119,128,113,109,527,155,171,166,273,
6-set,,181,120,125,137,117,105,135,113,163,142,175,327,120,157,150,134,239,,189,177,310,161,125,,,146,486,,188,156,188,190,327,144,305,131,136,143,189,120,128,116,106,456,154,170,164,315,
7-set,,197,119,124,136,113,103,124,111,162,141,177,259,121,154,149,133,234,,188,188,340,156,124,,,145,497,,188,156,223,189,395,144,335,130,134,143,188,120,128,115,105,360,154,169,160,342,
8-set,,199,120,123,136,109,103,118,110,160,139,182,212,123,155,148,133,230,,187,188,319,156,124,,,142,535,,188,156,300,187,462,144,339,130,133,144,183,120,126,112,105,315,154,168,157,316,
9-set,,198,117,121,135,92,105,115,107,158,138,203,192,127,158,146,133,244,,186,181,272,155,123,,,144,551,,188,156,331,184,518,154,292,130,133,155,176,120,124,108,105,281,154,170,154,284,
10-set,,191,117,118,136,92,105,111,105,156,137,245,180,137,178,150,132,256,,185,174,224,156,121,,,145,554,,189,156,327,184,538,160,275,130,133,191,172,117,119,105,105,265,154,178,151,267,
11-set,,175,117,116,135,91,103,107,104,155,137,285,175,138,227,163,132,237,,184,169,194,188,119,,,143,571,,190,153,295,182,554,183,260,130,133,202,169,113,117,94,105,251,153,198,151,243,
12-set,,167,116,116,135,91,103,105,104,153,137,304,172,138,239,166,132,225,,183,165,176,231,117,,,143,602,,192,142,274,180,569,202,275,130,131,210,169,112,115,94,105,227,153,210,153,236,
13-set,,161,114,112,135,92,103,117,103,152,140,276,168,143,235,156,132,229,,182,161,166,214,115,,,142,642,,197,142,242,177,593,219,280,130,131,219,169,111,114,94,105,212,153,238,151,237,
14-set,,159,114,110,136,91,101,145,102,151,142,235,164,141,236,152,132,249,,181,158,158,188,113,,,143,663,,199,142,225,174,618,235,271,130,133,221,169,110,114,93,105,198,153,239,149,233,
15-set,,158,112,108,135,91,100,160,101,150,151,214,160,137,232,155,132,233,,180,157,153,172,112,,,145,667,,192,143,211,172,667,213,264,129,132,221,169,110,114,89,105,194,153,217,149,223,
16-set,,157,112,107,134,108,101,167,100,149,156,210,159,137,224,169,131,238,,179,155,149,162,111,,,146,670,,196,147,198,171,691,187,314,128,129,221,169,110,114,87,105,187,153,198,149,216,
17-set,,156,111,107,134,109,113,230,99,147,154,233,160,146,277,208,131,245,,178,155,145,157,112,,,150,674,,222,150,193,170,696,171,395,127,128,221,169,111,114,87,105,186,155,184,149,211,
18-set,,155,111,106,133,114,109,251,98,145,148,335,156,208,298,282,130,242,,177,154,144,154,114,,,159,677,,241,153,180,170,696,162,424,127,128,208,169,113,114,87,105,181,163,177,149,208,
19-set,,155,110,106,132,118,101,221,97,145,142,408,155,275,260,328,130,235,,176,153,141,150,116,,,173,677,,253,152,179,167,682,158,386,127,128,194,169,114,114,87,107,175,166,172,146,205,
20-set,,155,110,111,131,119,96,181,97,144,138,441,167,235,226,297,130,227,,175,153,140,146,120,,,177,677,,251,149,176,167,665,157,321,127,127,189,170,114,115,87,109,172,167,167,145,207,
21-set,,154,110,112,130,118,93,150,96,143,137,458,227,219,210,249,130,221,,174,153,140,143,126,,,187,677,,236,142,173,176,646,155,310,127,125,183,170,114,121,87,115,171,161,165,162,207,
22-set,,154,110,114,131,119,92,134,94,142,136,469,309,211,207,228,130,219,,172,152,140,141,132,,,192,677,,215,140,171,185,622,155,305,127,123,175,172,114,122,87,120,179,155,164,202,207,
23-set,,153,110,118,131,143,91,132,94,142,135,466,334,192,204,239,130,223,,171,151,141,141,135,,,201,677,,200,140,170,189,600,156,301,127,123,162,170,114,124,87,123,185,151,165,216,209,
24-set,,152,110,124,129,212,89,128,94,142,134,435,306,183,193,315,130,221,,171,151,141,139,129,,,221,680,,190,140,170,197,577,156,298,127,126,149,166,114,124,87,123,181,148,173,224,216,
25-set,,152,110,125,130,244,89,122,94,141,133,411,279,182,182,356,130,215,,171,158,142,138,122,,,218,667,,183,142,172,208,550,153,269,127,131,142,164,131,123,86,123,176,155,188,231,207,
26-set,,152,108,128,129,210,90,122,96,141,133,434,247,167,181,332,130,211,,170,168,145,137,117,,,227,657,,176,140,180,237,511,148,199,207,141,156,163,152,118,84,121,170,159,221,240,201,
27-set,,151,107,130,129,172,95,121,97,140,156,467,213,158,222,273,130,209,,170,161,143,136,113,,,204,639,,167,140,181,290,468,145,188,256,141,222,163,169,116,84,117,169,165,309,260,199,
28-set,,151,107,126,128,141,110,117,102,139,206,488,209,149,215,227,130,226,,170,156,146,135,110,,,188,624,,165,140,177,334,416,142,181,370,141,293,161,195,116,83,113,169,178,332,226,198,
29-set,,151,107,120,132,156,130,117,157,139,203,501,201,157,189,206,130,264,,170,156,159,135,108,,,182,612,,165,140,174,366,384,138,175,442,141,328,160,243,116,82,112,169,191,282,218,198,
30-set,,151,107,115,141,171,157,129,182,143,176,509,186,165,175,211,130,300,,170,158,194,135,107,,,174,611,,167,140,174,371,369,136,170,466,141,325,160,261,116,82,112,165,255,229,209,198,
1-out,,151,107,112,159,220,216,128,168,154,163,515,174,213,168,231,130,363,,170,157,234,134,106,,,166,615,,176,139,174,289,389,136,169,480,133,310,158,264,116,82,112,156,287,204,196,197,
2-out,,150,107,110,166,215,203,121,188,170,174,517,172,231,167,239,130,373,,170,158,258,134,105,,,177,630,,180,138,173,239,453,132,169,493,127,268,157,248,116,82,112,151,311,199,187,197,
3-out,,149,107,110,164,193,171,121,191,202,203,505,171,214,169,223,130,321,,170,157,246,133,104,,,184,643,,208,138,173,234,470,130,169,506,123,225,155,234,116,82,118,151,328,195,171,203,
4-out,,148,105,111,184,158,177,138,182,207,237,462,170,186,170,200,130,301,,168,154,211,135,103,,,254,655,,282,138,175,226,473,129,168,521,122,213,168,223,116,82,142,151,321,199,166,245,
5-out,,147,105,118,220,152,221,188,181,183,232,404,176,169,194,187,132,367,,167,148,185,143,103,,,365,660,,401,138,186,217,473,127,167,530,121,208,196,214,123,82,155,161,287,201,164,274,
6-out,,145,105,118,213,197,200,285,168,168,204,393,179,168,203,180,132,430,,166,145,168,153,102,,,408,653,,436,140,203,207,414,126,167,532,119,202,203,201,125,76,174,170,244,219,167,297,
7-out,,144,104,114,228,285,157,355,154,169,230,434,176,168,185,172,135,459,,166,143,157,154,101,,,424,647,,432,145,210,193,371,126,204,518,117,198,209,191,127,76,197,183,215,224,191,323,
8-out,,145,106,110,325,300,129,393,160,206,351,458,170,162,184,167,146,479,,166,140,150,150,100,,,459,637,,406,151,193,184,347,125,246,503,116,193,216,185,127,76,209,204,200,206,201,368,
9-out,,145,109,106,410,235,119,405,257,218,409,472,167,155,179,163,180,493,,166,137,167,181,100,,,497,637,,376,171,174,178,336,125,291,488,116,187,235,177,128,76,215,221,195,194,208,362,
10-out,,148,109,104,458,209,114,369,346,197,437,480,167,153,174,159,244,504,,165,136,223,232,100,,,426,645,,361,246,169,174,325,125,298,474,116,183,255,169,130,76,213,254,195,181,195,314,
11-out,,173,107,103,482,175,113,284,391,172,453,482,163,152,201,172,254,512,,165,142,309,216,101,,,354,654,,343,300,168,171,339,125,258,432,116,233,268,164,140,76,202,267,194,171,195,264,
12-out,,184,106,106,493,174,116,210,416,157,460,469,154,153,185,345,225,520,,164,155,358,233,102,,,312,659,,320,353,166,169,355,128,209,378,116,314,278,159,145,76,189,268,193,,197,245,
13-out,,179,107,109,483,186,146,205,431,150,451,436,152,169,166,450,191,531,,163,159,368,258,104,,,268,661,,291,319,166,167,368,128,182,323,116,409,290,159,149,106,181,245,189,167,203,239,
14-out,,199,107,111,434,172,161,307,432,145,396,380,150,183,159,481,166,541,,163,149,319,223,108,,,199,653,,220,280,166,165,376,126,198,282,116,499,302,159,149,114,170,223,178,170,211,238,
15-out,,226,107,121,360,183,201,360,423,142,334,323,147,239,164,497,153,549,,164,141,254,186,111,,,189,642,,211,229,166,165,367,126,200,241,116,521,311,159,149,119,166,206,168,187,211,255,
16-out,,211,107,185,295,287,325,347,418,141,312,283,144,260,188,509,147,555,,163,136,210,169,111,,,184,626,,197,194,166,166,350,124,195,270,119,526,322,159,148,120,163,197,160,181,197,294,
17-out,,205,109,195,259,378,315,291,420,140,308,263,141,301,214,519,197,559,,162,133,186,163,108,,,169,621,,186,191,165,169,332,121,184,303,121,529,337,159,144,120,155,187,157,178,201,388,
18-out,,217,108,167,230,388,255,256,404,150,338,257,141,333,233,534,274,562,,161,131,173,174,108,,,163,605,,179,201,164,171,308,119,167,323,121,516,360,157,141,120,146,177,160,189,265,431,
19-out,,210,107,145,210,350,192,271,344,154,365,242,142,342,209,554,378,565,,161,150,170,191,107,,,160,593,,174,280,163,173,294,113,155,356,127,483,382,157,136,123,138,202,170,194,314,450,
20-out,,221,107,159,198,286,163,248,270,172,401,229,141,401,179,572,420,568,,160,216,175,219,102,,,174,585,,171,415,158,180,304,113,155,379,132,412,395,157,135,129,132,297,177,186,337,464,
21-out,,192,107,232,190,230,148,199,216,215,438,268,138,455,160,576,438,571,,160,246,164,208,102,,,184,580,,175,460,156,200,310,113,155,400,133,374,411,160,132,132,131,368,184,176,346,471,
22-out,,185,107,291,190,170,156,166,174,254,462,383,137,473,150,559,450,570,,160,259,162,201,102,,,176,574,,179,491,157,210,288,112,155,418,133,350,428,177,131,134,129,436,188,166,350,429,
23-out,,222,122,270,216,145,187,148,152,261,477,431,137,482,144,516,459,568,,159,282,169,323,102,,,168,565,,179,502,159,223,270,114,154,448,131,369,455,198,131,136,129,478,187,157,342,353,
24-out,,287,146,214,305,135,188,136,139,252,488,448,136,492,140,451,467,566,,158,291,165,344,117,,,155,569,,191,509,169,241,260,117,151,456,122,390,479,215,137,136,125,511,183,152,345,309,
25-out,,341,219,175,398,129,182,128,135,222,498,430,135,499,137,377,455,565,,158,261,161,366,179,,,159,574,,276,524,184,246,257,119,150,468,119,422,495,233,155,136,113,526,188,149,318,319,
26-out,,321,244,160,450,122,192,121,135,200,502,388,134,490,135,314,374,561,,156,232,157,398,178,,,163,569,,349,536,195,251,252,119,150,449,116,458,506,255,171,138,107,545,234,148,275,,
27-out,544,273,227,147,470,120,204,116,129,209,488,415,133,419,132,268,278,552,,156,191,153,403,156,,,170,547,,357,549,224,262,260,119,165,392,112,489,514,266,185,153,105,562,264,147,239,,
28-out,558,262,201,162,468,119,207,126,125,228,427,442,135,346,130,238,218,545,,156,181,147,426,140,,,169,527,,373,574,267,328,267,119,205,328,110,510,519,277,200,160,104,571,270,147,212,,
29-out,565,237,162,216,415,116,208,252,124,279,345,459,137,323,130,224,195,542,,155,179,141,446,140,,,161,512,,390,586,322,354,282,119,259,264,110,536,522,281,210,162,103,581,239,147,196,,
30-out,572,196,147,185,380,115,194,342,124,344,283,473,140,477,130,212,185,543,,155,190,138,453,154,,,151,512,,411,596,436,326,308,119,299,228,110,543,523,298,221,165,103,599,209,162,190,,
31-out,571,186,132,149,180,117,182,325,169,376,242,485,142,504,139,205,177,544,,154,192,136,434,179,,,147,512,,435,603,456,307,327,119,311,206,109,550,523,306,237,177,103,612,186,171,183,,
1-nov,562,186,127,134,160,125,181,275,223,401,225,499,141,517,168,201,170,549,,154,181,134,374,170,,,145,512,,462,609,470,280,327,128,316,198,105,554,518,315,272,180,111,617,188,184,175,411,
2-nov,497,190,125,127,140,149,170,247,441,420,221,505,134,525,339,206,162,553,,153,175,132,307,150,,,150,512,,480,620,493,248,308,133,310,202,107,561,514,323,291,180,133,618,231,211,167,411,
3-nov,482,195,121,133,130,143,156,323,510,432,221,506,130,534,426,212,154,556,,150,190,130,258,141,,,156,514,,486,614,466,224,290,144,310,215,125,570,512,332,308,180,150,615,278,232,161,379,
4-nov,367,202,126,140,144,136,146,380,573,416,230,506,130,553,454,208,160,556,,150,252,128,229,143,,,166,519,,496,612,381,241,269,148,294,210,138,584,511,343,334,180,174,604,308,262,206,369,
5-nov,337,201,137,133,241,132,164,347,620,354,268,508,131,566,467,209,283,552,,154,298,126,211,157,,,180,520,,502,609,354,241,263,163,262,199,148,599,510,372,356,180,210,589,336,246,273,398,
6-nov,292,194,137,125,344,120,155,264,630,284,293,511,137,572,477,233,330,549,,162,325,124,198,161,,,195,522,,502,609,267,229,253,191,246,193,162,606,506,397,365,185,242,571,377,195,329,,
7-nov,262,190,126,118,373,119,134,197,627,246,275,512,152,581,488,272,338,542,,168,308,123,195,146,,,202,532,,483,559,257,231,241,243,241,191,194,614,496,404,369,190,266,544,453,170,322,,
8-nov,241,185,117,113,375,116,125,162,620,237,319,511,185,589,501,373,363,540,,170,258,123,196,129,,,213,538,,399,512,255,248,230,260,246,189,206,604,472,409,370,196,267,525,498,163,267,,
9-nov,223,174,117,110,360,110,117,166,614,211,405,506,256,593,511,470,326,540,,187,212,122,197,118,,,230,542,,303,466,261,224,222,210,246,196,193,557,459,414,371,198,269,513,509,160,246,,
10-nov,216,162,115,107,260,110,115,340,603,188,459,496,295,594,514,517,259,543,,203,185,123,329,111,,,242,554,,260,416,277,204,273,185,239,251,167,505,440,418,372,190,269,504,516,166,267,,
11-nov,206,155,112,104,240,110,135,445,588,173,486,469,278,592,515,554,224,546,,228,168,125,430,107,,,232,560,,244,366,307,186,308,162,230,278,149,457,422,413,361,161,269,483,523,181,278,264,
12-nov,205,156,112,104,280,110,141,484,575,163,500,414,231,587,511,619,229,554,,251,160,132,463,104,,,212,568,,239,367,368,186,341,147,226,301,143,350,420,400,315,136,287,436,529,196,282,248,
13-nov,202,167,141,107,303,91,129,507,562,164,509,361,203,578,498,658,321,566,,276,153,142,476,105,,,197,573,,238,385,353,186,386,136,237,358,138,236,456,384,275,130,315,416,532,208,277,232,
14-nov,199,196,177,109,385,91,183,526,554,188,517,316,200,570,458,669,357,594,,308,149,152,487,104,,,194,570,,238,413,320,196,394,130,277,456,149,206,491,365,227,173,328,402,536,223,249,220,
15-nov,198,217,161,110,468,91,302,544,539,199,523,304,205,559,381,671,333,624,,337,145,155,498,107,,,199,569,,238,444,307,202,395,127,306,505,163,206,513,352,189,283,282,393,538,252,220,212,
16-nov,199,244,132,109,483,92,357,578,544,218,529,316,211,544,311,667,280,633,,362,141,147,508,106,,,199,567,,238,473,290,187,384,125,321,548,169,210,521,330,158,331,235,385,538,289,204,205,
17-nov,206,268,121,106,486,91,371,649,541,224,533,329,219,528,265,656,233,627,,375,138,137,515,103,,,189,558,,238,455,279,176,333,123,323,592,175,242,552,288,143,343,206,332,526,354,184,208,
18-nov,214,262,117,106,488,90,338,688,548,204,537,376,220,506,237,638,201,615,,407,136,130,521,102,,,192,516,,251,474,278,185,306,122,314,624,180,277,565,251,143,349,191,296,523,427,172,224,
19-nov,211,238,117,106,494,90,263,699,552,179,524,436,304,496,238,620,255,601,,423,134,127,523,101,,,215,488,,291,511,273,301,322,116,309,664,183,287,584,293,143,320,165,277,524,453,165,265,
20-nov,197,228,117,105,497,91,192,700,555,160,489,466,392,461,254,586,418,589,,440,132,125,507,103,,,170,,,320,551,262,386,334,110,302,688,185,265,615,332,143,217,151,262,517,466,159,320,
21-nov,187,215,122,103,496,91,154,700,555,162,445,484,424,448,262,550,472,580,,460,130,127,445,114,,,156,,,358,564,245,390,311,107,291,699,178,242,650,389,143,180,139,252,513,476,157,341,
22-nov,185,193,128,104,492,110,140,701,556,200,401,497,421,433,316,502,465,576,,475,128,126,348,113,,,145,,,388,573,217,352,281,107,267,706,150,237,666,457,154,148,133,252,507,434,156,355,
23-nov,177,184,126,107,490,113,141,703,557,336,367,506,404,428,330,474,430,575,,491,126,123,276,111,,,137,,,355,576,199,309,257,106,249,702,139,233,670,496,160,145,126,252,503,338,155,390,
24-nov,176,180,119,103,499,117,139,705,569,414,432,514,303,416,350,478,380,573,,501,130,121,238,114,,,131,,,324,577,192,253,238,106,228,696,129,227,673,506,164,193,120,215,506,271,163,411,
25-nov,177,177,117,100,509,106,127,707,580,444,481,519,308,415,338,489,306,571,,510,135,121,221,112,,,129,,,315,547,189,258,234,106,218,681,123,219,675,517,167,234,112,198,514,238,181,437,
26-nov,178,171,117,98,512,97,120,706,602,459,514,517,398,425,396,496,257,570,,518,141,125,210,120,,,125,,,289,504,186,298,252,111,206,667,116,214,668,524,167,286,108,184,520,229,214,476,
27-nov,177,169,120,97,519,97,115,701,639,457,532,496,458,462,447,504,235,570,,525,148,122,201,134,,,127,,,240,471,183,368,299,115,196,645,112,194,642,527,167,311,108,179,529,223,324,465,
28-nov,194,167,122,98,526,103,112,690,651,418,546,469,485,527,465,510,207,572,,529,148,119,200,158,,,139,,,208,439,179,369,338,117,201,629,110,187,616,535,167,337,107,170,535,214,349,417,
29-nov,217,160,120,99,545,125,111,675,652,399,561,463,498,593,469,517,192,579,,533,159,128,206,175,,,167,,,227,425,175,406,360,121,203,607,109,249,601,544,173,355,106,168,543,195,330,342,
30-nov,212,155,111,99,595,145,113,658,651,437,576,476,507,670,447,519,184,586,,539,221,139,205,211,,,285,520,,260,389,169,441,359,127,212,589,109,366,587,550,183,355,106,168,546,186,313,277,
1-dez,197,155,107,98,645,190,116,642,654,463,594,490,515,681,369,520,179,589,,557,214,219,194,222,,,304,,,289,339,162,485,327,130,220,579,113,439,562,554,187,300,106,168,546,176,288,243,
2-dez,187,154,107,100,660,254,125,624,664,480,622,502,522,669,358,524,187,584,,583,189,211,185,192,,,269,,,312,307,159,514,296,123,225,569,145,460,515,555,185,256,106,176,541,169,283,229,
3-dez,185,154,105,108,655,258,138,606,671,494,645,510,538,663,462,527,212,572,,628,160,186,179,159,,,242,,,337,289,159,546,300,117,232,560,217,476,482,565,179,214,106,207,528,164,293,216,
4-dez,179,153,105,119,643,221,160,587,671,507,650,517,556,664,511,531,271,554,,664,147,188,176,135,,,220,,,359,274,159,584,321,112,237,567,205,491,435,573,169,188,104,367,521,158,348,207,
5-dez,176,153,105,120,633,195,241,568,668,518,649,526,581,667,535,535,369,537,,678,138,178,175,123,,,185,,,375,288,159,629,364,107,265,580,190,504,415,579,162,159,103,456,497,158,352,201,
6-dez,191,162,105,112,614,202,348,552,657,526,645,536,603,676,549,540,412,530,,681,133,166,185,117,,,204,,,397,382,161,661,391,106,331,580,205,516,404,586,155,145,103,528,487,158,306,199,
7-dez,202,157,105,105,585,156,385,542,649,533,636,548,610,667,557,548,428,523,,689,129,187,197,112,,,268,,,449,377,174,696,408,107,395,580,199,532,392,597,155,136,103,566,474,173,267,206,
8-dez,207,156,106,103,570,152,387,536,642,538,623,565,606,667,563,556,448,521,,700,127,182,214,107,,,347,,,477,364,181,719,408,107,421,580,189,553,371,609,155,170,103,589,464,183,248,216,
9-dez,226,155,128,101,555,139,398,534,630,541,608,577,601,661,568,564,468,523,,714,123,168,242,105,,,359,,,495,321,182,726,384,113,395,589,170,566,360,632,155,222,101,597,461,202,230,200,
10-dez,227,155,128,106,525,115,417,534,623,533,591,581,584,661,571,571,487,525,,715,122,160,254,114,,,355,,,500,297,190,730,355,128,352,599,157,589,351,649,155,239,95,603,440,251,207,200,
11-dez,230,163,125,121,510,105,431,535,616,505,569,577,567,658,565,569,500,529,,709,122,200,234,129,,,349,,,503,279,199,735,321,147,295,615,141,629,342,657,170,261,95,455,351,338,183,214,
12-dez,243,170,120,105,485,97,444,538,610,455,541,566,556,659,544,554,506,538,,698,119,257,289,185,,,324,,,496,253,208,737,331,186,242,633,136,659,336,665,223,281,99,609,343,398,193,252,
13-dez,256,161,117,101,425,94,455,540,604,403,504,553,551,661,500,521,514,570,,687,119,315,324,209,,,320,,,459,253,206,738,394,297,222,644,131,680,330,681,208,298,193,614,316,383,209,263,
14-dez,255,156,117,103,360,91,462,543,596,387,465,538,550,659,455,475,523,603,,676,120,297,318,173,,,405,,,422,247,218,738,463,423,235,641,131,698,325,696,193,308,286,620,278,326,241,266,
15-dez,266,155,112,111,370,101,460,544,585,418,426,512,551,656,425,467,531,683,,665,121,337,355,153,,,439,,,399,236,277,735,459,442,310,629,131,709,323,703,181,316,352,631,286,262,293,267,
16-dez,492,155,107,114,350,135,423,544,576,454,390,476,553,651,427,482,534,715,,650,126,405,423,154,,,485,,,297,230,309,735,412,437,404,620,139,714,323,709,181,342,365,635,290,229,331,263,
17-dez,559,154,107,109,350,165,362,549,561,484,366,452,554,642,439,495,532,735,,637,127,435,453,148,,,569,,,270,229,269,742,352,401,486,612,140,715,336,710,181,376,367,635,347,219,378,247,
18-dez,582,154,106,107,335,140,343,551,566,527,347,461,554,631,440,504,531,737,,616,156,475,456,149,,,594,,,243,229,230,731,310,318,517,595,142,709,383,703,177,407,368,623,365,207,407,240,
19-dez,596,156,106,115,330,117,373,549,570,546,327,476,545,616,443,514,532,734,,608,171,501,409,144,,,615,,,228,229,204,720,292,249,524,590,142,706,415,681,160,426,368,600,336,187,390,248,
20-dez,604,161,107,143,265,110,369,548,587,554,301,489,521,594,446,522,533,732,,603,159,516,341,140,,,672,,,228,229,204,720,371,191,528,590,142,706,464,657,160,458,368,588,270,170,367,256,
21-dez,609,168,107,156,244,100,316,550,616,570,277,498,497,573,433,526,538,739,,600,145,524,307,129,,,693,,,233,229,204,710,431,176,531,587,137,706,496,641,,481,387,580,223,160,342,266,
22-dez,618,178,105,188,195,100,244,549,631,616,261,515,479,547,433,521,543,745,,596,136,531,275,127,,,694,,,233,241,211,700,462,168,533,587,134,688,509,630,,495,399,579,212,154,316,270,
23-dez,627,228,157,290,180,91,191,547,635,651,255,538,497,511,456,517,552,734,,590,133,536,245,133,,,686,,,240,257,236,690,457,168,539,578,130,660,525,627,,503,403,579,219,151,297,272,
24-dez,634,287,187,404,180,110,163,547,634,661,249,571,514,458,494,519,562,729,,578,135,539,225,127,,,677,,,270,289,278,678,448,168,540,565,127,625,512,615,,,420,572,,151,,262,
25-dez,629,256,187,467,180,111,147,546,634,659,244,607,532,416,520,523,574,722,,556,130,531,216,130,,,671,,,306,316,315,664,438,168,525,554,127,596,510,605,,,,,,,,,
26-dez,611,227,181,505,185,110,137,546,640,652,243,663,574,394,532,530,593,709,,522,128,501,205,151,,,667,,,342,325,328,647,426,168,508,542,122,569,514,598,,603,422,547,304,162,,247,
27-dez,582,198,157,528,195,116,131,546,643,644,249,692,593,401,541,538,613,698,,483,128,458,198,166,,,658,,,377,325,327,632,412,168,497,542,117,529,523,590,,608,416,542,342,158,183,255,
28-dez,547,180,132,545,210,119,127,547,642,640,257,710,606,430,547,548,624,694,,474,128,405,212,163,,,648,,,417,313,321,610,401,166,475,571,114,508,525,584,,608,412,555,381,153,179,268,
29-dez,553,173,123,562,205,120,125,547,644,646,258,722,613,448,552,559,630,695,,474,125,351,238,185,,,630,,,485,296,314,576,388,158,423,602,114,489,506,573,,591,411,568,406,159,172,278,
30-dez,559,171,117,574,180,113,123,540,647,663,264,734,630,451,556,573,637,698,,485,121,305,281,212,,,619,,,542,288,309,544,374,158,379,613,111,459,481,560,,585,409,581,432,167,172,278,
31-dez,568,169,107,587,155,116,120,517,653,679,270,744,637,439,560,592,640,694,,497,118,271,349,236,,,612,,,603,273,301,518,359,158,323,622,109,446,425,558,,579,408,596,439,196,172,280,
