DIA,1963,1964,1965,1966,1967,1968,1969,1970,1971,1972,1973,1974,1975,1976,1977,1978,1979,1980,1981,1982,1983,1984,1985,1986,1987,1988,1989,1990,1991,1992,1993,1994,1995,1996,1997,1998,1999,2000,2001,2002,2003,2004,2005,2006,2007,2008,2009,2010,2011,2012,2013,2014
1-jan,,19,52,64,8,57,8,7,86,21,193,149,194,153,234,220,214,219,225,199,275,209,279,112,114,152,118,177,152,204,343,127,207,165,149,207,214,93,110,180,32,146,150,98,197,144,42,107,31,10,54,52
2-jan,,19,54,66,6,56,1,7,76,23,190,157,195,157,240,219,220,221,223,199,277,209,280,111,115,154,119,174,152,197,342,128,206,164,152,210,217,93,110,187,32,146,150,99,197,142,42,108,31,11,54,52
3-jan,,20,56,72,5,55,4,5,76,25,188,163,195,160,246,219,224,220,222,198,278,209,282,109,117,156,120,174,154,200,340,128,215,163,153,211,217,92,110,196,34,147,151,101,196,140,43,109,30,13,54,52
4-jan,,20,58,76,4,54,7,6,75,26,185,170,194,161,251,220,233,219,227,197,279,209,285,109,117,158,123,174,165,198,338,128,219,162,154,213,216,89,109,204,34,147,152,102,198,140,44,110,29,17,54,54
5-jan,,20,58,78,3,53,9,7,70,27,183,175,194,158,256,220,241,216,232,196,280,212,286,113,115,161,125,175,169,199,336,127,225,161,154,215,222,87,112,211,36,147,154,104,198,140,42,112,29,19,54,57
6-jan,,21,58,79,2,52,12,8,67,26,181,179,194,158,259,220,250,214,234,195,282,212,286,113,115,167,126,176,169,199,334,127,232,160,154,219,227,85,114,218,38,148,156,105,203,140,42,114,29,20,54,58
7-jan,,21,60,80,0,51,14,9,67,26,178,184,194,158,263,222,260,216,233,194,284,212,288,114,114,178,127,177,169,197,332,126,240,159,154,224,229,83,116,223,39,149,158,106,205,140,43,115,29,20,57,60
8-jan,,22,70,80,0,50,15,10,64,26,173,186,194,158,266,224,272,221,232,193,286,210,292,114,114,189,132,173,177,198,330,126,249,159,154,232,230,81,116,227,40,150,158,106,206,142,44,117,33,21,58,62
9-jan,,21,72,80,2,49,16,10,62,27,170,188,193,160,268,227,282,222,229,193,290,212,295,114,113,197,136,174,178,196,331,127,262,158,155,240,230,80,120,231,40,153,158,108,207,147,44,120,34,21,59,62
10-jan,,21,74,84,0,48,17,12,58,28,164,190,193,160,274,229,290,223,228,193,295,212,298,112,112,202,140,175,171,195,331,128,286,159,157,246,232,79,122,232,42,155,156,110,208,151,45,123,36,22,60,62
11-jan,,24,72,86,4,47,18,13,55,29,159,192,195,162,279,232,298,227,226,195,299,210,301,112,110,207,143,176,171,196,330,128,302,160,158,253,235,78,123,233,45,156,156,114,208,154,46,125,37,23,62,62
12-jan,,23,72,88,4,46,20,14,52,30,153,196,194,163,289,232,305,227,225,195,305,210,303,111,109,212,145,179,172,198,329,126,313,160,158,264,237,75,125,237,54,157,157,117,208,156,48,127,38,26,63,64
13-jan,,25,72,88,0,45,21,15,46,29,149,201,196,166,307,234,312,227,227,195,311,210,305,112,108,216,148,180,177,199,329,127,319,161,158,274,239,73,129,241,60,158,158,119,208,157,50,131,40,30,64,64
14-jan,,24,72,88,2,43,22,17,43,28,143,204,196,165,322,238,323,225,231,195,323,212,309,113,108,220,151,179,183,198,328,127,324,172,158,280,241,72,129,246,62,158,158,121,209,157,52,137,42,31,65,64
15-jan,,26,70,90,2,41,24,22,41,28,139,211,197,162,336,242,332,223,235,195,332,213,314,114,108,223,151,177,186,199,326,127,327,174,159,287,242,72,134,254,64,158,164,124,210,158,53,141,43,32,66,66
16-jan,,27,69,88,2,38,26,25,38,27,135,218,198,162,347,252,341,223,239,195,343,214,318,114,108,226,154,177,188,206,325,127,330,179,160,291,243,72,137,257,66,159,164,126,208,158,54,143,43,34,66,66
17-jan,,26,69,88,2,35,27,25,35,26,132,223,197,163,357,262,347,222,242,194,353,214,320,114,107,229,158,170,190,210,324,127,333,181,161,295,244,71,141,260,68,159,168,129,211,158,56,146,45,35,66,66
18-jan,,26,74,88,4,33,27,25,33,24,130,231,198,162,367,278,351,220,249,193,360,214,321,116,106,230,162,195,190,214,322,128,335,186,163,298,244,70,142,262,69,160,169,132,213,160,58,150,49,36,66,66
19-jan,,24,75,88,4,30,29,25,32,24,126,243,199,160,373,291,354,218,255,193,367,214,324,121,105,231,165,193,189,216,326,130,336,194,168,300,246,69,143,264,70,161,167,134,214,162,60,153,50,39,67,66
20-jan,,21,75,88,2,27,33,25,31,23,125,250,201,159,377,306,357,216,262,192,378,216,326,126,103,231,167,194,189,218,330,130,337,202,176,301,247,70,145,265,72,162,166,136,216,162,60,157,52,41,68,66
21-jan,,17,74,88,1,24,37,24,30,20,124,260,202,160,382,324,359,216,270,192,385,217,327,126,102,231,172,195,188,221,330,132,339,211,180,301,248,68,147,264,73,163,167,138,217,170,60,161,54,44,70,66
22-jan,,12,76,86,4,20,41,24,29,20,125,266,203,160,388,343,365,214,296,193,391,217,329,127,105,231,177,196,188,223,330,132,343,219,183,300,248,67,148,265,73,165,166,140,218,174,60,163,57,47,71,66
23-jan,,12,76,86,10,15,44,24,28,19,126,273,203,160,396,358,368,213,320,193,395,218,329,129,108,232,182,196,188,224,331,132,348,225,185,299,248,67,149,266,74,168,169,143,218,182,61,167,59,49,72,66
24-jan,,7,76,86,13,10,46,23,27,19,125,291,204,159,406,371,370,212,329,192,397,219,330,127,113,232,190,197,190,226,330,132,349,228,187,299,248,66,149,264,77,169,174,146,219,193,61,172,64,52,73,66
25-jan,,4,76,88,14,5,47,22,26,18,125,300,205,159,410,381,372,214,338,189,401,222,330,129,120,232,198,197,191,226,331,131,350,228,187,298,247,67,150,265,81,171,177,148,221,199,62,178,65,54,74,69
26-jan,,4,76,88,16,0,47,21,25,18,127,300,205,160,416,391,374,213,347,189,408,223,331,132,128,233,206,197,193,226,330,132,353,229,188,295,248,68,151,265,87,172,180,151,225,202,64,183,69,56,76,77
27-jan,,5,78,88,16,6,48,20,26,18,128,310,208,161,421,400,376,214,354,189,416,223,334,134,137,234,222,197,195,226,330,133,355,229,189,292,247,67,152,264,88,173,189,152,227,208,64,191,70,57,78,81
28-jan,,5,78,88,18,12,48,18,26,18,128,317,211,162,425,408,378,218,360,189,422,224,336,138,147,234,233,197,197,226,330,134,357,229,192,288,247,67,151,264,90,173,196,155,229,217,66,197,73,58,79,84
29-jan,,6,81,90,22,20,48,16,26,15,128,323,214,163,429,415,383,218,365,189,427,225,338,140,157,236,240,198,197,227,330,134,362,229,195,285,247,66,152,264,91,173,206,158,232,223,68,204,78,58,80,84
30-jan,,6,85,88,22,25,48,17,27,12,127,328,216,165,434,421,385,221,369,190,433,226,340,141,169,236,248,197,197,225,329,134,367,229,197,283,248,66,151,264,91,173,211,161,233,229,70,209,80,58,80,84
31-jan,,6,89,92,22,30,48,17,28,11,126,333,219,166,442,425,387,225,373,191,441,226,340,142,181,237,255,197,197,224,329,134,373,228,209,284,249,66,150,264,91,175,216,164,237,236,72,218,81,58,80,84
1-fev,,6,88,94,18,34,47,19,29,10,124,338,219,168,448,428,387,228,378,196,445,228,344,143,192,236,264,198,201,224,329,137,378,228,212,284,250,69,151,263,91,170,233,166,245,239,73,223,82,59,82,85
2-fev,,6,88,98,18,38,48,18,30,4,124,345,220,171,450,431,387,227,382,202,449,230,345,146,197,240,272,198,201,224,330,138,386,226,216,283,252,70,152,262,91,173,236,168,251,245,73,233,83,60,83,87
3-fev,,6,88,104,22,42,50,18,31,4,124,348,222,175,452,435,387,230,385,204,454,234,345,148,202,240,282,200,199,223,330,138,392,226,219,282,253,71,152,262,92,176,238,170,253,245,74,240,84,62,84,88
4-fev,,6,87,104,26,46,51,19,32,3,124,352,224,179,455,437,387,232,388,209,460,242,346,151,207,241,294,204,198,223,330,138,397,226,220,280,254,73,151,262,92,180,241,170,259,246,75,248,84,65,86,88
5-fev,,6,88,106,26,50,52,20,33,2,124,357,225,183,458,438,387,233,391,225,466,248,346,152,212,241,305,207,198,222,331,137,405,226,223,278,254,74,151,262,92,183,241,170,261,248,76,253,87,69,87,89
6-fev,,6,90,110,26,54,52,21,34,1,125,360,225,187,458,439,387,236,394,227,469,255,347,153,215,244,317,210,197,222,331,137,409,226,230,276,255,76,150,260,92,186,242,172,262,248,78,258,91,70,88,89
7-fev,,6,92,110,27,39,52,24,35,1,125,364,226,191,459,440,388,241,397,229,472,260,347,153,219,246,330,212,197,222,332,139,413,226,237,274,256,79,150,269,93,188,243,174,264,248,80,266,94,72,89,90
8-fev,,1,94,112,28,63,52,24,37,0,126,368,226,192,459,440,388,243,400,242,475,260,347,153,226,249,342,215,200,222,334,140,417,225,240,272,258,80,149,269,96,188,244,174,266,247,81,273,96,73,90,89
9-fev,,4,92,124,29,67,53,25,38,2,125,375,226,194,460,440,388,245,405,245,477,261,347,155,231,251,356,217,200,222,335,140,419,225,242,270,260,82,148,269,98,188,244,177,266,249,82,282,103,74,91,88
10-fev,,5,94,130,31,71,53,26,36,3,124,382,226,196,460,440,389,247,409,247,478,261,349,156,235,253,366,219,200,221,336,142,420,225,243,270,262,85,146,268,99,188,245,175,269,253,83,292,106,75,92,88
11-fev,,7,94,138,32,75,53,28,35,9,123,387,227,197,458,440,390,253,413,248,480,262,353,157,238,256,375,223,200,219,337,145,423,225,245,269,263,87,144,266,99,188,246,172,273,254,86,302,108,78,93,88
12-fev,,14,97,138,34,79,53,29,35,9,122,392,228,198,458,441,392,257,415,249,480,264,360,157,242,259,383,226,200,220,338,152,427,225,247,269,264,91,144,266,109,188,246,177,276,255,91,312,111,78,94,88
13-fev,,18,100,140,34,82,55,33,35,9,121,396,229,201,459,439,394,261,419,251,481,267,364,158,246,261,391,229,198,220,338,153,430,226,250,267,264,96,146,266,109,186,247,184,279,256,94,320,119,79,95,88
14-fev,,18,101,142,36,85,54,35,35,11,127,400,228,204,459,437,398,263,422,253,481,271,367,161,250,265,399,232,200,219,340,156,432,226,253,264,265,103,144,266,109,198,246,185,285,258,97,327,127,80,96,89
15-fev,,21,103,144,38,88,52,37,34,14,129,402,227,207,460,435,400,266,425,254,482,276,369,165,254,267,404,234,201,220,341,156,433,226,256,262,266,111,144,265,106,200,246,186,290,258,99,334,135,80,97,90
16-fev,,24,104,148,38,90,50,37,31,16,129,408,226,209,459,434,403,269,430,256,482,279,371,168,258,269,413,236,201,223,342,158,435,226,260,260,266,118,143,265,108,203,246,189,290,258,102,339,138,79,98,90
17-fev,,26,106,150,40,93,49,38,29,20,130,412,226,212,460,432,406,270,431,259,484,281,373,171,262,271,426,238,201,224,343,158,438,228,263,259,267,122,145,270,110,205,246,193,293,258,104,345,140,78,98,92
18-fev,,28,108,154,46,96,49,39,28,22,131,414,226,217,460,430,409,272,432,262,486,283,375,176,265,277,424,240,201,225,344,161,444,228,264,257,268,124,149,272,113,209,246,194,297,258,106,348,142,77,99,93
19-fev,,32,112,156,48,98,50,41,28,26,131,415,224,221,460,427,413,274,433,265,487,285,378,179,268,276,429,242,204,220,345,162,444,227,268,255,269,125,153,276,116,213,248,196,299,256,107,350,147,76,99,94
20-fev,,32,112,158,48,102,51,42,26,31,133,415,224,224,461,426,417,275,433,268,488,288,379,183,272,278,433,242,204,221,347,163,444,227,278,254,270,128,156,278,121,214,248,196,302,256,108,349,151,75,101,96
21-fev,,34,116,158,51,106,52,44,21,34,134,415,224,227,461,430,421,277,434,270,488,290,381,186,274,283,437,245,205,223,349,165,444,227,286,252,271,130,159,284,126,214,249,196,304,256,110,349,157,76,103,96
22-fev,,34,116,158,52,110,52,45,20,37,134,414,224,230,462,429,427,280,434,273,488,292,382,188,275,285,441,248,206,225,350,167,444,227,290,253,272,133,162,285,130,214,249,196,305,257,112,349,165,77,105,96
23-fev,,34,118,160,52,114,52,46,20,41,133,413,223,233,462,428,435,281,434,278,487,295,383,190,277,287,447,250,209,226,351,171,445,227,292,254,273,135,167,286,130,214,250,198,308,260,114,349,171,78,107,99
24-fev,,38,124,162,52,118,52,47,19,44,133,413,223,235,462,427,443,283,435,284,485,299,387,191,278,293,454,255,213,228,353,175,446,229,294,254,275,137,167,287,132,212,252,199,310,269,115,349,175,79,109,103
25-fev,,40,126,164,60,123,52,47,13,47,131,412,225,236,463,426,452,284,435,288,484,301,389,192,280,296,461,258,214,242,353,177,446,230,297,253,277,138,172,287,136,210,252,199,312,278,116,349,178,82,110,106
26-fev,,40,126,164,64,127,51,47,11,48,132,412,224,237,464,425,462,291,434,291,484,303,396,192,281,299,466,260,216,244,355,178,446,231,298,253,278,139,173,287,138,209,255,202,315,281,117,348,180,84,112,108
27-fev,,40,126,164,66,129,50,49,10,50,132,410,223,238,465,426,473,297,434,292,483,306,402,193,283,301,470,262,216,245,355,179,446,232,301,255,279,138,175,287,141,208,259,203,316,285,118,348,185,86,113,110
28-fev,,43,128,164,68,131,51,51,9,52,133,409,222,238,465,435,485,302,434,293,480,309,407,194,286,304,473,263,216,253,356,179,447,233,304,263,280,137,176,288,143,206,262,204,318,292,119,348,193,88,115,113
29-fev,,44,,,,132,,,,54,,,,238,,,,304,,,,312,,,,307,,,,266,,,,235,,,,138,,,,204,,,,301,,,,90,,117
1-mar,,38,128,164,68,133,51,52,9,55,134,408,222,240,466,437,498,308,432,300,478,315,410,197,291,310,476,296,217,270,357,185,447,238,308,268,281,139,177,288,146,202,264,206,321,307,120,347,214,92,116,118
2-mar,,40,132,164,70,134,51,53,8,56,135,408,222,241,467,439,511,311,432,303,477,318,415,197,296,311,478,297,220,282,359,189,449,240,311,276,282,142,179,290,148,202,267,206,324,309,121,347,231,93,118,121
3-mar,,42,139,164,78,135,50,55,8,57,135,405,222,241,467,439,523,314,431,308,476,324,420,197,301,316,480,298,221,286,360,191,451,242,313,279,283,146,180,290,150,200,270,207,327,314,121,346,252,94,118,125
4-mar,,42,142,166,81,136,50,56,6,58,135,406,221,241,468,439,535,317,430,318,475,326,425,198,305,326,482,299,234,292,362,193,453,244,317,282,284,149,181,290,152,198,272,208,330,318,122,346,268,95,119,126
5-mar,,48,146,168,86,136,50,57,4,59,135,406,220,242,467,440,544,320,430,327,476,329,432,199,309,327,483,300,235,295,363,194,456,246,320,284,285,154,183,292,153,196,274,208,333,320,124,343,285,96,120,128
6-mar,,54,148,170,98,136,50,59,3,60,135,411,219,243,465,439,555,323,430,333,478,334,437,203,314,327,484,301,236,296,364,195,459,248,323,285,285,157,185,294,154,196,274,210,336,325,125,341,289,97,121,133
7-mar,,60,154,170,100,136,50,61,3,61,134,412,219,245,464,438,564,326,429,338,478,338,443,205,318,330,486,302,237,300,366,196,462,249,327,286,287,160,188,293,156,196,275,211,339,330,126,339,300,98,122,137
8-mar,,60,157,170,103,136,49,62,2,62,134,412,219,245,463,437,572,331,429,344,478,342,450,207,323,336,489,303,239,302,367,196,465,251,332,286,294,165,195,292,157,196,277,212,342,335,127,337,309,102,122,143
9-mar,,60,174,172,106,136,49,62,1,64,137,415,219,246,463,436,581,336,429,349,478,343,462,207,327,341,491,304,240,305,369,196,471,252,336,286,297,172,197,292,159,195,280,212,344,339,129,334,318,104,122,145
10-mar,,60,182,172,106,136,48,63,0,68,138,414,219,247,462,436,587,340,428,354,478,347,473,207,329,349,492,304,242,307,370,196,475,253,340,285,300,176,199,292,160,193,280,212,347,346,130,332,323,105,122,149
11-mar,,60,184,172,106,136,47,62,5,70,139,415,220,247,462,436,595,344,427,363,478,351,482,208,333,357,495,305,245,307,370,197,481,254,344,285,304,180,202,292,162,193,281,213,352,350,131,329,329,106,122,150
12-mar,,60,186,172,106,135,47,61,8,71,138,416,220,246,462,436,602,348,426,368,478,355,490,208,335,368,496,273,247,321,372,198,485,255,349,284,306,184,202,293,166,192,281,214,355,352,131,326,335,106,122,152
13-mar,,60,188,172,106,134,46,62,10,72,137,413,218,248,462,437,609,352,425,380,478,359,498,209,338,380,499,273,249,323,373,198,491,257,354,284,306,191,204,294,167,192,281,214,359,354,132,324,341,106,122,156
14-mar,,60,190,171,106,133,46,61,11,73,136,412,219,249,463,438,613,357,425,386,478,363,509,209,339,396,502,273,251,324,375,198,496,260,362,283,307,197,205,294,169,193,282,214,362,358,134,323,347,107,122,158
15-mar,,60,190,171,108,132,46,60,14,74,135,414,219,251,465,440,617,362,425,396,478,367,518,210,341,417,504,273,255,332,376,198,503,262,367,283,309,201,206,294,172,194,282,214,364,359,135,322,355,109,122,160
16-mar,,61,190,170,110,131,46,59,16,75,134,419,218,251,466,441,621,367,426,404,478,370,531,211,342,431,508,273,257,334,377,198,508,265,372,282,310,204,207,294,172,192,281,214,368,360,135,322,365,110,124,163
17-mar,,61,192,170,110,130,46,61,18,75,133,416,217,254,468,443,623,373,428,414,477,374,537,211,344,437,511,276,260,335,378,198,514,267,377,282,311,207,210,294,174,193,280,214,373,362,134,321,375,110,125,166
18-mar,,61,192,170,111,130,47,62,18,76,133,414,216,255,470,445,623,379,428,420,478,378,544,211,345,456,516,279,262,335,380,199,519,269,382,283,312,208,210,295,175,194,279,214,377,363,133,320,388,110,126,167
19-mar,,61,194,170,111,128,51,62,19,77,133,412,216,252,472,445,624,384,433,430,480,382,550,215,347,475,518,282,264,338,382,201,524,270,386,287,313,212,212,296,178,194,277,216,380,365,132,320,405,110,133,168
20-mar,,62,194,170,111,125,52,62,22,78,132,412,220,253,475,448,625,390,435,441,481,386,556,215,348,493,521,283,266,340,386,202,529,272,391,289,314,214,212,297,179,194,276,218,382,366,132,319,420,110,134,169
21-mar,,63,194,170,111,122,53,63,23,78,131,410,220,255,478,449,627,397,435,452,483,390,562,215,350,514,524,283,269,340,388,202,535,274,395,289,318,218,211,298,188,195,275,220,384,366,134,318,435,111,136,173
22-mar,,63,196,174,113,119,53,63,24,79,132,410,220,258,481,451,629,406,437,468,485,393,568,217,351,527,527,285,278,340,390,202,541,276,399,289,319,223,212,300,191,195,275,220,385,366,134,317,451,114,139,177
23-mar,,63,196,176,114,116,53,64,25,80,135,409,221,260,483,454,632,414,438,485,487,397,572,219,352,514,531,285,282,346,392,203,545,278,404,290,321,225,213,303,194,195,276,223,387,366,134,315,463,117,141,178
24-mar,,64,196,176,115,113,53,64,26,81,138,408,222,264,485,457,637,421,441,497,489,400,576,220,353,527,534,314,286,348,394,204,551,280,409,293,322,226,213,306,195,194,276,226,389,367,136,318,474,118,144,180
25-mar,,65,196,176,116,110,53,65,26,83,140,408,222,267,489,459,636,429,443,510,490,403,579,221,354,542,536,315,288,350,396,205,555,281,414,297,325,227,213,307,196,194,276,228,391,368,138,317,484,118,146,183
26-mar,,68,196,184,116,109,53,67,28,87,142,408,225,271,491,461,634,439,445,525,492,407,582,221,355,554,539,316,290,352,398,206,559,283,419,301,326,228,213,309,198,194,275,230,392,368,138,316,491,117,149,187
27-mar,,70,196,186,116,108,54,69,29,89,143,406,224,274,495,464,634,448,448,538,493,410,585,222,358,567,538,290,293,353,399,208,563,284,423,303,327,230,213,311,199,193,275,232,393,369,138,315,497,121,150,197
28-mar,,72,196,189,118,107,54,70,29,90,143,405,225,277,497,466,633,457,451,550,494,414,587,222,360,577,545,292,295,353,399,209,567,286,427,305,328,234,215,314,202,193,273,235,394,369,139,314,502,124,152,198
29-mar,,82,194,189,120,106,55,71,29,94,143,403,228,278,501,470,633,468,455,563,496,418,589,223,361,588,548,293,301,360,403,211,571,287,432,307,330,238,216,314,205,193,271,239,395,368,140,312,505,125,153,201
30-mar,,88,194,193,120,105,56,71,28,97,142,402,231,280,504,474,632,479,458,576,497,420,590,224,363,595,551,294,303,360,405,212,575,288,437,308,331,240,217,316,208,192,271,242,396,367,140,310,508,125,154,202
31-mar,,88,194,193,120,104,56,72,28,97,141,400,232,282,510,477,633,490,462,587,499,423,592,224,364,603,551,295,306,360,407,214,579,289,442,310,333,243,216,323,210,192,271,243,399,367,141,310,510,125,155,202
1-abr,,88,194,199,120,103,58,72,29,98,140,398,232,283,510,480,634,503,464,594,502,428,595,225,365,610,554,296,310,358,411,217,586,290,447,311,334,246,214,324,212,191,270,244,399,369,144,309,513,125,157,203
2-abr,,88,193,202,122,102,63,73,30,99,140,397,231,285,511,483,634,518,467,602,504,432,597,225,367,616,555,297,315,357,414,217,589,291,453,313,335,248,213,327,219,190,269,245,400,372,145,309,517,125,159,204
3-abr,,88,192,206,122,101,64,78,30,104,139,396,255,286,517,485,634,532,470,610,506,434,598,226,369,620,557,298,319,357,417,217,592,292,457,315,336,250,213,331,221,190,269,246,402,374,146,310,521,126,163,206
4-abr,,88,192,210,125,100,65,81,31,108,139,394,256,287,520,488,633,547,473,615,508,437,599,226,370,623,566,299,322,356,419,219,596,294,463,316,337,256,213,335,224,193,269,249,404,374,146,312,526,127,167,208
5-abr,,88,192,212,126,99,67,82,30,109,138,393,259,288,524,490,633,557,476,620,510,439,599,227,372,625,569,300,328,356,421,219,599,295,469,317,338,261,214,338,228,196,268,252,404,374,148,313,528,128,169,210
6-abr,,88,192,223,126,97,67,83,27,111,137,392,261,290,526,493,623,567,478,621,512,442,600,228,373,625,570,301,333,356,423,221,603,296,473,318,339,267,215,341,233,196,267,255,406,374,148,311,529,129,171,212
7-abr,,86,192,226,124,96,69,83,27,111,137,390,264,292,530,495,622,575,480,625,514,444,602,229,375,632,573,302,337,356,424,224,605,297,475,318,341,273,215,345,236,197,265,259,408,374,148,310,530,130,172,214
8-abr,,84,192,226,124,94,69,84,27,113,139,389,265,295,533,497,622,583,483,630,515,445,603,230,378,635,574,303,344,359,426,224,606,300,479,320,342,281,215,348,239,198,263,262,413,374,150,309,530,130,173,215
9-abr,,84,195,226,126,94,70,84,27,115,140,391,266,299,534,499,623,593,485,633,516,447,604,231,380,637,577,304,349,359,433,224,609,301,483,325,344,290,214,353,242,201,261,265,414,375,150,308,530,131,174,216
10-abr,,82,196,226,128,95,70,84,27,117,141,392,269,302,534,501,623,600,487,633,517,449,605,232,383,636,579,304,354,360,435,224,611,303,487,326,345,296,217,357,246,202,260,268,415,376,150,308,530,132,175,217
11-abr,,80,198,226,128,95,70,84,27,119,140,390,274,304,535,503,621,605,488,633,518,451,605,234,385,638,586,305,360,361,437,224,613,306,490,328,345,306,217,360,248,204,257,270,416,376,151,307,530,132,176,218
12-abr,,78,200,224,128,95,72,85,27,120,140,389,276,306,535,504,620,610,490,637,518,453,606,237,387,638,590,307,365,361,438,225,617,307,494,329,347,314,217,365,250,205,255,273,418,377,151,307,529,133,179,220
13-abr,,76,203,222,128,96,75,86,27,121,139,388,277,307,539,507,618,613,493,643,520,456,607,237,390,642,585,307,371,365,441,225,619,309,498,330,354,322,217,369,253,210,253,276,420,378,151,307,529,134,183,221
14-abr,,74,207,220,128,96,76,87,27,121,139,388,278,308,541,509,617,615,495,641,521,458,608,238,392,649,585,308,376,366,443,225,621,311,502,330,355,328,217,373,255,211,252,278,422,378,151,307,528,140,187,222
15-abr,,72,212,219,129,96,77,88,26,122,138,387,286,308,542,510,616,619,496,640,522,459,609,239,394,647,587,308,381,367,445,225,623,313,506,332,359,334,217,377,257,212,250,281,424,379,152,307,528,142,189,223
16-abr,,70,216,219,132,95,78,89,27,123,137,388,289,309,542,512,615,621,496,640,523,460,610,240,396,652,588,308,386,369,447,225,624,316,510,335,362,338,215,380,258,213,249,285,426,380,152,306,527,144,193,224
17-abr,,70,218,217,132,95,78,89,29,124,137,388,291,310,543,513,615,624,499,641,524,462,610,240,398,652,590,308,390,371,449,226,625,318,513,341,362,344,216,384,261,215,247,290,428,382,150,306,527,145,199,
18-abr,,70,222,215,132,94,78,90,30,124,137,388,291,310,543,514,613,626,500,642,525,462,610,240,399,652,591,310,396,372,450,228,627,320,516,343,364,348,217,386,265,217,245,292,430,384,150,306,526,146,203,
19-abr,,68,227,214,133,93,79,90,32,125,137,393,294,311,543,515,612,627,501,643,526,462,611,240,401,653,592,311,400,374,451,229,630,322,519,345,366,353,217,389,267,219,244,295,432,386,149,306,525,146,206,
20-abr,,66,230,222,132,93,81,90,35,125,136,394,294,311,543,517,611,628,503,644,529,464,611,243,403,653,593,311,408,377,453,231,631,324,523,345,367,356,217,392,270,229,242,297,434,390,149,306,525,147,208,
21-abr,,64,232,225,133,92,85,90,37,125,135,395,295,312,544,517,612,629,505,645,532,464,610,245,408,654,594,312,412,380,456,232,629,326,526,346,370,359,217,395,273,231,240,299,436,392,150,306,525,148,210,
22-abr,,64,234,225,133,92,87,89,39,125,134,396,296,314,544,518,610,629,506,646,534,465,610,245,411,652,595,313,417,382,457,234,630,328,529,347,372,361,218,397,276,232,239,302,439,394,150,307,527,149,213,
23-abr,,64,234,224,133,91,89,88,40,125,133,399,296,315,544,519,608,629,508,647,534,466,609,245,413,652,595,314,424,384,458,235,631,331,531,347,373,363,217,402,279,234,238,305,440,397,150,307,528,150,214,
24-abr,,64,236,226,134,91,90,87,39,125,132,403,297,315,544,520,607,629,510,648,535,466,609,246,416,651,597,314,432,386,461,237,632,333,533,349,376,365,218,406,281,236,238,308,442,398,150,307,528,150,215,
25-abr,,64,238,229,135,92,92,86,37,126,130,404,300,316,544,520,604,628,515,650,536,467,608,246,418,651,598,315,439,388,462,238,632,336,535,351,377,366,219,411,282,237,238,310,444,402,150,307,528,150,216,
26-abr,,64,240,228,135,92,91,84,36,126,129,406,302,316,544,520,603,627,515,651,539,468,608,245,421,650,599,316,445,392,463,239,633,338,538,352,378,368,219,413,284,239,239,312,446,404,150,307,526,152,218,
27-abr,,64,240,228,135,93,92,85,34,126,128,409,304,318,544,521,602,627,517,651,540,469,608,243,423,653,599,317,452,398,465,241,633,340,540,352,382,371,218,416,286,240,238,315,448,405,150,307,526,153,219,
28-abr,,64,240,226,136,93,92,83,33,126,127,410,305,320,545,522,602,626,519,651,541,470,609,242,426,650,600,318,459,403,467,243,632,346,542,353,384,373,218,420,288,242,237,318,449,407,150,307,526,154,220,
29-abr,,64,244,224,136,94,89,83,32,126,126,412,307,321,544,522,602,626,522,649,542,471,608,243,429,645,600,318,464,407,469,244,632,348,543,354,385,374,218,423,290,245,237,321,450,409,149,307,527,154,221,
30-abr,,64,244,222,136,95,90,82,31,126,125,415,309,322,544,524,602,626,522,647,543,472,606,243,432,644,602,319,469,416,470,245,631,351,544,355,387,375,219,426,292,247,236,323,453,411,150,308,530,154,222,
1-mai,,62,244,221,132,96,89,81,30,125,123,416,315,323,545,523,601,625,522,646,543,476,606,244,435,643,604,320,473,419,471,246,631,355,545,356,389,376,221,430,295,251,236,327,454,414,150,309,530,154,224,
2-mai,,62,244,220,131,97,89,81,29,124,123,419,320,325,544,524,600,623,524,643,543,478,605,244,437,643,604,321,479,422,473,247,631,358,546,358,390,376,222,433,299,253,236,330,455,416,151,310,530,154,225,
3-mai,,62,244,220,131,98,91,81,35,123,124,421,320,325,543,524,599,623,525,641,543,478,605,245,440,642,605,322,482,426,474,249,633,361,547,359,391,377,223,436,303,256,236,332,456,418,150,311,529,154,226,
4-mai,,62,244,220,130,99,93,80,35,122,124,426,320,326,542,525,598,624,526,638,543,478,605,245,442,641,606,323,487,430,475,249,632,364,548,361,392,377,225,439,304,259,238,335,456,420,151,312,530,154,227,
5-mai,,62,244,218,129,100,93,80,36,121,123,429,320,326,542,525,597,624,529,636,544,479,605,246,445,637,606,325,489,433,476,250,637,367,549,362,395,378,226,442,308,263,239,339,458,423,151,313,531,154,229,
6-mai,,62,244,217,129,101,95,82,35,120,122,431,320,327,542,526,597,623,530,636,544,479,603,247,447,636,606,325,493,447,477,251,638,370,550,364,396,377,225,447,310,268,240,345,459,426,150,313,532,154,239,
7-mai,,64,240,216,128,102,97,87,34,119,123,434,319,328,543,526,597,622,531,636,544,480,603,248,449,631,603,326,497,440,478,252,634,373,550,365,397,379,226,450,313,271,241,351,460,428,150,314,532,154,240,
8-mai,,64,240,215,127,104,100,89,34,118,122,439,317,329,545,526,597,622,533,638,544,480,602,249,451,631,604,328,502,443,479,252,632,376,550,368,398,380,225,452,317,273,241,353,462,431,152,314,533,154,241,
9-mai,,64,240,214,126,106,103,89,34,118,122,442,316,330,548,525,594,621,534,639,544,480,601,251,453,631,606,329,502,446,480,253,630,379,550,369,399,381,226,455,320,275,243,356,463,434,153,315,534,154,242,
10-mai,,64,240,212,126,108,104,90,34,117,123,447,315,331,548,525,593,621,535,639,544,481,599,251,455,631,606,330,504,450,481,255,630,384,550,371,399,381,226,457,323,277,245,357,464,436,154,317,534,156,244,
11-mai,,64,243,214,125,110,105,91,34,117,124,451,315,333,547,524,592,620,535,639,544,482,598,253,457,630,606,331,508,454,482,257,630,387,550,373,402,382,226,458,327,279,245,361,465,439,155,321,535,156,247,
12-mai,,66,243,218,124,112,106,93,34,116,124,461,313,334,546,525,592,618,536,638,544,482,597,255,459,628,607,332,510,456,483,258,629,389,550,375,403,383,226,459,331,283,244,365,466,441,156,322,535,157,251,
13-mai,,68,241,220,123,114,108,94,34,115,125,466,312,336,546,526,592,615,537,636,544,482,596,258,461,625,607,333,515,460,484,259,627,393,552,377,404,384,226,460,336,288,242,369,466,443,156,325,536,158,255,
14-mai,,68,241,226,121,112,109,95,35,114,125,471,311,338,546,524,590,615,538,634,544,482,595,260,463,624,606,333,517,471,484,260,626,397,554,379,405,385,226,462,338,291,242,373,467,445,158,327,537,159,259,
15-mai,,68,244,229,121,114,110,97,36,114,124,476,310,340,546,524,589,612,539,632,544,483,594,261,465,623,607,334,517,478,485,260,625,402,554,381,406,387,226,465,342,294,242,376,468,447,158,329,538,160,261,
16-mai,,68,248,230,119,116,110,100,40,113,123,481,309,343,544,523,588,609,540,631,544,484,592,263,467,622,608,334,519,478,486,260,624,404,553,383,406,388,226,467,347,297,242,379,468,452,159,330,536,160,265,
17-mai,,66,248,230,118,118,110,102,40,113,123,487,309,347,544,522,587,607,540,630,548,485,591,266,469,620,607,335,521,482,487,260,623,409,553,385,408,389,226,467,351,298,242,383,468,454,159,332,537,160,269,
18-mai,,65,248,230,116,120,110,105,40,112,123,493,308,354,545,522,587,605,541,628,548,486,589,268,471,616,607,336,521,486,488,260,622,413,553,387,409,390,226,468,353,300,242,386,468,457,160,334,538,161,275,
19-mai,,64,248,229,116,122,110,107,40,112,122,495,307,360,545,522,585,604,541,626,548,487,588,270,472,616,607,337,521,489,488,261,621,417,553,389,410,392,226,469,360,303,242,392,468,458,160,336,538,161,279,
20-mai,,62,250,228,115,124,109,113,37,111,121,503,305,362,546,521,584,604,543,625,548,488,590,272,473,615,606,338,521,492,489,263,619,422,553,391,411,395,225,471,362,306,241,395,468,459,163,338,539,162,283,
21-mai,,60,250,226,114,125,110,115,35,111,122,510,306,364,546,521,583,604,543,624,551,488,589,275,474,613,605,338,524,495,490,265,618,426,553,393,412,397,226,471,364,308,242,400,468,460,163,340,539,163,284,
22-mai,,58,250,225,113,125,111,117,32,110,122,514,307,366,546,520,582,602,544,624,551,488,589,277,475,612,606,338,529,501,490,267,617,430,555,395,412,397,226,472,370,310,242,405,469,461,164,342,539,164,285,
23-mai,,56,250,226,111,126,111,117,29,111,122,518,306,369,546,520,584,600,546,622,550,488,588,280,477,610,606,339,529,505,490,269,616,435,554,396,412,398,228,473,372,313,242,409,471,463,165,343,539,164,286,
24-mai,,54,250,226,108,126,111,119,27,111,122,522,308,373,546,518,580,598,546,622,550,489,587,282,477,607,606,340,529,508,491,270,615,439,554,397,413,399,230,474,375,317,241,414,472,465,166,346,539,166,289,
25-mai,,54,249,224,107,127,111,120,26,112,123,527,309,377,547,518,580,597,546,619,549,489,586,289,478,606,606,341,529,512,492,271,614,442,554,399,414,401,230,474,378,320,244,419,472,465,166,350,539,178,295,
26-mai,,54,248,222,105,127,111,120,26,113,123,528,309,381,547,519,579,596,546,618,549,489,584,291,479,603,606,342,529,515,492,273,612,446,554,399,415,402,235,474,381,323,244,424,472,466,167,352,539,178,300,
27-mai,,54,246,220,103,128,111,121,25,113,122,529,310,383,547,518,578,594,546,617,548,489,583,293,479,603,604,342,532,519,492,275,610,450,554,399,416,404,237,476,384,325,243,429,472,467,167,354,539,178,303,
28-mai,,52,245,218,101,128,111,121,24,114,122,532,309,386,547,518,578,593,546,616,548,489,582,296,480,601,602,342,532,523,491,278,609,454,554,403,417,406,240,476,392,327,243,435,473,468,175,355,539,179,305,
29-mai,,50,245,216,101,127,113,121,22,114,122,536,310,388,547,518,575,591,546,615,547,490,581,300,481,600,603,343,532,526,492,282,608,457,553,405,418,407,240,477,397,329,244,441,473,472,175,357,540,180,306,
30-mai,,48,245,215,101,127,113,121,20,113,123,538,311,392,546,518,567,589,546,615,546,490,579,304,482,596,603,345,532,533,493,284,608,460,553,408,418,408,241,477,399,331,244,445,473,473,185,358,541,182,308,
31-mai,,43,245,214,100,126,113,121,18,112,125,540,310,397,544,518,566,587,546,614,546,489,577,311,483,593,602,347,532,536,493,284,605,461,552,410,418,411,241,478,404,333,245,449,473,473,186,360,541,190,310,
1-jun,,41,244,214,98,126,112,121,16,110,126,543,310,391,544,518,565,585,546,612,546,489,576,315,483,592,602,388,532,540,493,289,604,463,554,412,419,413,243,478,408,336,247,455,473,474,186,362,542,190,313,
2-jun,,38,243,214,95,124,113,121,14,108,127,543,312,395,543,518,564,584,546,610,545,489,574,320,484,591,601,390,532,544,493,292,603,465,553,414,420,414,244,478,412,339,248,459,473,475,186,363,542,190,314,
3-jun,,36,243,210,92,122,112,121,13,107,131,544,314,395,542,518,563,581,547,608,545,489,572,324,485,586,601,397,532,547,494,295,602,467,560,415,420,416,244,479,416,342,249,462,472,476,187,364,542,190,316,
4-jun,,34,242,210,90,120,111,121,13,105,131,544,314,400,542,517,563,578,546,605,544,488,570,327,486,588,600,399,532,550,492,296,600,468,559,417,421,418,245,480,424,344,250,466,472,477,187,366,543,190,318,
5-jun,,32,240,208,86,119,110,121,12,104,131,544,315,403,542,517,561,577,546,603,544,488,569,330,487,585,599,400,532,553,492,298,599,471,559,419,421,419,246,480,426,346,251,471,472,478,186,368,543,192,321,
6-jun,,30,240,207,87,118,109,121,12,102,131,546,316,407,542,517,559,576,548,601,543,488,567,333,487,585,599,401,532,556,492,300,598,472,559,421,422,420,247,480,430,348,252,472,471,479,188,370,543,194,323,
7-jun,,30,240,206,80,120,109,120,12,101,130,546,316,411,542,516,558,574,548,600,543,488,564,337,488,581,598,402,532,557,492,302,595,474,559,422,422,421,248,480,435,349,252,474,471,480,190,372,543,196,325,
8-jun,,28,241,205,90,117,108,119,11,99,129,544,317,415,541,516,556,573,547,597,543,488,561,339,488,578,598,403,529,558,492,303,594,475,559,423,422,422,250,480,438,352,252,479,471,481,190,373,543,198,327,
9-jun,,26,242,201,92,120,107,119,10,98,130,543,319,416,541,515,556,572,546,595,541,487,559,343,489,579,597,404,530,559,492,305,592,476,559,424,423,424,250,479,442,354,253,483,470,481,191,374,543,199,328,
10-jun,,24,242,198,93,118,105,119,8,96,129,543,322,418,539,513,555,569,546,594,539,487,559,346,489,579,598,405,529,559,492,306,591,477,558,426,423,425,251,480,445,356,253,485,470,482,193,375,543,199,330,
11-jun,,22,241,196,94,118,105,119,8,95,127,543,324,424,538,514,554,567,545,593,538,487,557,349,489,575,598,406,529,559,490,308,590,478,558,427,424,426,251,479,448,357,253,487,469,482,195,376,543,200,331,
12-jun,,20,240,194,96,116,103,118,8,94,128,543,326,428,537,512,553,565,545,590,537,487,556,351,490,573,595,407,529,560,490,309,587,479,558,428,423,427,251,478,452,359,251,489,468,483,196,378,543,201,332,
13-jun,,20,238,191,96,114,101,118,9,93,128,550,326,431,536,512,551,561,544,588,536,487,555,355,491,574,595,409,529,561,490,311,586,480,558,429,423,427,251,478,456,360,251,492,467,483,197,379,543,202,334,
14-jun,,18,238,190,98,113,100,118,9,93,129,549,326,435,535,511,547,557,543,587,535,487,553,359,490,570,595,410,529,561,490,312,585,480,560,430,424,428,251,476,458,361,251,494,466,1901,198,379,543,203,336,
15-jun,,16,238,189,100,113,99,118,8,92,128,549,328,439,534,510,544,556,542,584,535,487,552,362,490,570,593,411,529,561,490,313,583,481,558,431,424,428,253,476,460,362,251,497,466,1901,194,380,542,204,339,
16-jun,,14,236,188,100,114,98,118,8,92,127,549,329,441,534,509,543,555,541,582,535,487,551,365,490,569,593,412,529,561,490,314,582,482,558,432,424,428,254,476,462,363,250,498,464,1901,201,381,542,205,340,
17-jun,,14,236,186,100,113,96,118,8,91,127,550,330,441,533,508,543,553,539,579,535,487,549,365,489,565,591,413,529,561,490,314,580,482,558,433,425,429,254,474,465,365,250,499,463,1901,201,381,541,206,343,
18-jun,,10,236,185,100,112,95,118,7,91,130,549,331,447,532,507,542,551,538,579,534,487,548,367,489,567,590,413,529,560,488,319,577,483,558,434,425,429,254,474,467,366,250,501,462,1901,202,383,540,208,344,
19-jun,,6,234,184,100,112,92,117,7,91,131,549,332,447,530,506,544,549,537,578,534,487,546,368,489,565,590,414,528,560,488,320,575,482,559,435,426,430,254,474,469,367,250,502,461,1901,202,384,540,210,347,
20-jun,,4,234,183,98,111,89,117,5,90,130,551,334,447,530,504,546,546,536,575,533,487,544,369,489,566,589,415,528,560,486,322,574,482,558,436,427,430,255,472,471,368,253,503,459,484,204,384,540,212,351,
21-jun,,2,234,182,98,111,88,117,4,89,130,550,334,453,529,503,545,543,536,573,530,486,543,371,489,559,587,418,528,559,485,324,572,482,557,437,426,430,256,472,473,369,253,504,458,1901,206,385,539,214,354,
22-jun,,2,232,180,98,110,85,117,3,88,130,548,335,453,528,502,540,541,535,571,528,486,541,372,489,561,587,418,528,558,484,325,571,482,556,438,426,430,256,471,474,370,254,505,458,1901,207,385,538,216,356,
23-jun,,2,232,178,96,108,84,117,3,87,130,547,335,455,530,501,539,541,535,570,527,485,539,375,488,559,586,419,528,558,483,327,570,482,556,438,425,430,256,470,475,371,253,506,458,1901,209,385,537,217,357,
24-jun,,4,230,180,96,108,83,118,1,86,131,546,337,453,527,497,537,539,535,568,527,485,538,376,487,558,585,420,528,557,483,329,571,482,555,438,425,430,256,470,476,372,253,507,457,1901,211,385,535,218,359,
25-jun,,5,230,180,94,108,83,118,0,84,131,545,343,458,526,496,534,538,534,567,526,485,536,378,485,555,583,422,526,556,483,330,570,482,555,438,426,430,257,469,477,373,253,507,456,1901,214,385,534,219,361,
26-jun,,6,230,178,92,108,81,119,2,83,131,544,342,459,524,495,532,533,533,566,531,485,534,379,485,554,582,423,525,555,482,331,565,482,553,438,426,430,257,469,478,373,252,508,454,1901,215,386,533,220,364,
27-jun,,9,230,176,92,106,80,119,3,82,132,544,345,459,524,494,531,531,532,562,525,484,535,380,485,552,582,424,525,554,481,333,562,482,552,438,426,430,257,468,479,374,253,508,452,484,217,386,532,220,365,
28-jun,,10,230,174,90,105,79,119,3,81,132,543,350,457,523,492,530,529,531,562,524,483,534,381,484,550,581,425,523,552,481,334,560,481,552,438,425,430,258,467,479,375,254,508,451,484,218,386,532,221,366,
29-jun,,12,229,173,88,104,79,120,4,80,131,542,350,461,522,491,528,528,530,558,524,482,533,382,484,544,579,426,522,551,479,335,558,480,550,439,425,429,258,466,480,376,254,508,450,484,218,386,532,222,367,
30-jun,,16,228,173,88,104,78,120,6,79,130,541,349,461,521,489,526,526,528,556,523,482,532,382,483,544,577,426,522,550,479,337,556,480,550,439,424,429,258,465,481,376,254,508,448,484,220,386,530,223,368,
1-jul,,19,230,174,86,102,75,118,8,76,128,540,351,463,521,488,525,525,527,553,521,482,533,382,482,545,575,426,521,549,478,339,554,480,548,439,424,428,256,463,481,376,255,508,446,483,222,386,530,224,370,
2-jul,,21,228,178,84,100,73,120,8,75,129,539,355,465,520,486,523,520,525,553,520,482,533,383,481,543,574,427,520,548,477,341,552,480,548,439,423,428,256,461,482,376,253,511,444,483,223,386,529,226,371,
3-jul,,23,228,178,82,100,68,119,11,74,128,536,358,464,519,485,521,517,523,551,519,481,533,384,481,541,571,428,519,548,474,342,550,480,548,439,422,429,256,460,483,377,253,511,444,482,225,386,527,227,373,
4-jul,,24,226,178,80,98,64,118,12,73,126,534,362,468,518,483,520,516,522,549,518,481,531,385,479,540,571,428,518,547,472,343,549,480,545,439,422,428,255,459,483,378,252,511,442,482,226,386,526,228,377,
5-jul,,28,226,178,80,98,61,118,13,72,125,534,362,468,517,481,518,515,520,548,511,481,530,385,478,535,567,428,517,546,472,344,547,480,544,438,420,427,254,458,483,378,252,511,441,482,227,386,525,230,378,
6-jul,,30,226,174,78,97,57,117,16,71,124,532,363,466,517,480,517,514,518,546,511,480,526,385,477,533,565,428,516,546,470,347,545,480,543,437,419,425,254,456,481,377,252,512,440,481,228,385,523,232,379,
7-jul,,31,230,174,76,96,56,118,17,70,123,531,363,467,516,479,516,512,515,544,509,479,524,386,476,530,564,427,515,544,469,349,543,479,541,437,419,424,254,455,482,378,252,512,438,480,230,384,522,233,380,
8-jul,,32,230,172,74,94,56,120,18,69,122,529,363,468,514,477,513,511,514,540,508,478,522,387,475,527,563,426,515,540,466,350,540,478,540,436,418,423,251,455,483,379,252,511,436,479,231,383,520,234,381,
9-jul,,32,232,170,74,93,55,119,21,68,119,528,361,468,511,476,511,509,512,539,507,477,522,387,474,527,561,427,513,540,465,352,538,476,538,435,417,422,250,453,482,380,252,511,434,478,235,382,518,235,382,
10-jul,,33,234,168,72,92,53,119,21,67,116,526,361,467,509,474,509,505,510,537,506,475,521,387,473,524,561,430,511,540,464,353,537,475,538,434,416,421,250,450,481,381,250,510,432,478,237,382,516,236,383,
11-jul,,36,234,168,72,90,51,118,21,66,114,525,365,465,508,472,508,503,506,536,504,474,518,386,471,524,560,429,511,540,463,354,535,474,536,433,414,424,249,450,481,382,248,510,431,477,239,382,515,236,384,
12-jul,,40,232,166,70,86,48,117,20,65,113,524,366,467,507,470,506,501,504,535,502,473,516,386,470,517,558,428,511,538,462,355,533,474,534,432,413,422,249,450,481,381,245,509,430,476,242,382,514,236,384,
13-jul,,44,232,164,70,85,45,117,19,64,111,523,367,467,505,468,505,500,502,533,501,472,515,386,468,515,557,429,511,537,460,357,531,473,532,431,412,421,248,448,480,380,244,509,428,475,243,382,513,236,385,
14-jul,,46,230,163,70,82,42,116,16,63,111,521,368,467,504,467,503,499,500,530,499,470,514,385,467,516,557,428,509,537,459,359,529,472,532,430,411,421,248,444,480,380,243,508,427,474,244,380,512,236,387,
15-jul,,46,228,162,68,80,37,114,15,61,109,520,370,468,502,465,502,494,498,529,495,469,513,385,465,513,556,427,507,536,458,361,527,470,530,428,410,419,248,442,480,380,241,507,426,473,245,378,510,237,388,
16-jul,,46,228,158,66,77,34,113,15,59,108,518,372,468,501,464,501,493,496,528,494,469,512,385,464,512,555,428,506,533,457,362,525,468,529,427,408,418,247,442,479,380,240,506,424,472,246,376,508,237,388,
17-jul,,46,228,154,64,75,31,112,15,58,107,517,375,467,500,462,499,491,492,525,494,468,510,385,462,510,554,426,505,532,456,362,523,468,527,426,406,417,246,441,479,379,240,505,422,471,247,376,506,237,388,
18-jul,,47,226,152,62,73,28,112,15,57,105,516,378,465,500,460,496,490,488,523,494,467,509,385,460,506,551,426,504,530,454,362,520,466,526,425,406,415,243,438,478,379,240,504,421,469,248,376,504,237,388,
19-jul,,49,226,149,60,72,25,111,18,57,104,514,383,466,497,459,494,487,484,521,494,466,507,385,458,506,549,425,503,529,452,362,518,465,524,425,405,414,242,436,476,380,238,503,420,468,248,375,502,238,388,
20-jul,,51,226,147,58,70,23,111,21,56,102,513,383,463,495,457,491,487,481,518,494,465,504,383,456,502,548,424,501,528,451,362,516,463,522,424,404,412,241,434,476,380,238,502,418,467,249,374,499,238,388,
21-jul,,53,222,144,56,69,21,110,24,55,99,510,385,464,493,456,490,484,479,517,494,463,503,382,455,499,546,424,499,527,450,362,513,461,520,422,401,410,240,430,476,379,236,501,416,466,249,373,497,238,388,
22-jul,,55,222,141,54,66,17,108,28,55,98,509,386,463,493,454,488,482,478,516,494,461,502,382,453,497,544,424,498,526,449,362,512,459,519,420,399,408,241,430,475,379,234,501,415,464,250,372,496,238,388,
23-jul,,58,220,139,52,62,14,106,32,55,95,505,386,460,492,451,487,479,478,515,494,460,500,381,452,493,542,423,496,523,448,361,508,458,518,419,398,407,240,428,475,377,232,499,411,463,254,371,494,238,388,
24-jul,,59,218,136,50,60,11,104,35,53,92,504,387,462,489,450,485,478,477,513,494,459,497,381,450,491,540,422,494,522,447,361,505,456,517,418,398,406,240,426,474,376,230,498,410,462,254,370,492,238,388,
25-jul,,59,216,134,48,57,7,102,38,52,90,502,386,464,487,448,483,476,475,511,494,458,495,379,449,489,538,419,492,520,445,362,505,454,515,416,396,404,238,424,471,375,228,496,408,461,254,368,490,238,386,
26-jul,,60,215,132,46,54,3,99,40,51,87,503,386,461,485,445,482,474,474,508,494,457,493,379,447,488,537,418,489,517,442,362,503,459,514,414,394,403,236,422,470,374,226,495,408,458,254,367,488,238,386,
27-jul,,60,212,128,44,52,0,97,42,49,87,502,385,460,484,443,479,472,473,507,491,456,492,378,445,487,535,418,487,517,440,361,501,452,512,412,392,401,235,420,468,374,226,494,406,457,255,366,486,238,386,
28-jul,,61,211,124,42,47,3,96,45,46,84,500,385,455,482,441,477,469,471,506,490,453,492,377,443,485,533,418,485,516,438,361,498,449,510,411,391,398,233,418,468,373,226,492,404,456,255,365,484,238,386,
29-jul,,64,211,123,40,46,7,94,46,44,81,498,384,456,480,439,475,468,468,503,489,449,490,375,440,482,530,417,482,515,436,359,497,449,509,410,388,396,230,416,467,373,225,491,402,455,255,364,482,238,386,
30-jul,,65,210,119,38,42,10,91,47,43,77,497,384,454,478,436,473,469,467,501,487,448,488,374,438,480,528,418,480,514,436,359,495,448,507,407,386,396,228,414,466,373,223,488,400,454,256,362,480,238,386,
31-jul,,66,210,117,36,38,14,89,49,42,74,495,385,455,476,435,470,470,465,502,485,446,484,374,436,479,527,418,478,512,434,359,492,447,506,406,384,393,226,413,464,372,220,485,398,452,256,360,478,238,386,
1-ago,,64,209,114,32,35,14,86,51,39,71,492,384,452,475,433,469,463,464,501,484,445,482,373,435,475,525,416,476,508,433,357,489,445,503,404,382,391,224,410,462,371,219,482,396,451,257,359,476,237,386,
2-ago,,64,208,112,30,32,17,83,52,36,70,490,384,450,473,431,466,463,462,497,483,444,478,372,433,473,524,415,474,507,431,357,487,443,502,402,380,389,221,408,460,370,217,481,394,450,257,358,474,236,386,
3-ago,,64,206,108,28,29,22,81,54,34,70,487,383,448,471,429,464,460,459,495,481,443,474,371,432,471,522,414,472,506,429,356,484,443,501,401,377,389,220,406,458,369,213,480,390,448,258,356,472,235,388,
4-ago,,64,206,108,20,28,27,79,55,34,66,482,382,446,469,428,463,458,456,494,480,443,472,369,430,468,520,413,471,504,427,354,482,439,497,399,376,387,218,404,457,367,212,479,388,447,258,353,470,234,390,
5-ago,,66,206,108,15,26,30,78,55,32,65,479,380,444,467,428,460,457,454,493,478,441,470,368,428,466,518,411,469,501,426,353,479,437,495,399,373,384,214,402,456,366,210,478,386,446,258,352,466,234,390,
6-ago,,70,204,104,11,23,33,75,54,29,62,477,379,442,465,426,457,455,453,492,477,440,470,366,425,464,516,410,468,499,424,352,477,436,493,399,370,382,212,401,454,365,208,476,384,445,258,349,465,234,390,
7-ago,,72,202,98,7,20,35,73,52,27,58,475,378,439,463,424,455,453,451,489,475,439,469,364,421,461,513,408,465,496,422,356,474,438,491,398,368,380,211,398,454,362,206,476,381,443,258,347,463,234,390,
8-ago,,72,200,94,6,19,38,71,50,24,55,473,377,439,462,420,454,452,451,488,473,437,468,362,418,459,512,407,463,494,420,349,472,435,489,399,365,378,211,394,451,362,204,474,377,441,256,345,461,233,390,
9-ago,,72,199,92,6,18,41,69,49,21,53,470,374,440,460,418,451,450,451,487,471,435,466,361,415,457,511,405,460,492,417,347,470,433,487,399,363,376,210,392,448,361,202,472,374,438,256,341,458,232,390,
10-ago,,74,198,90,6,16,44,65,47,18,49,468,372,437,459,417,449,449,451,485,470,434,466,359,412,455,511,404,458,489,416,346,467,430,485,399,359,374,208,388,446,359,199,470,371,436,255,339,457,231,388,
11-ago,,76,194,86,5,13,46,60,47,16,48,466,371,435,459,415,448,446,450,485,468,432,464,358,410,453,510,402,458,488,415,345,465,428,484,397,356,372,204,384,446,357,197,468,368,434,255,338,455,230,387,
12-ago,,78,192,82,2,8,48,57,47,13,46,464,368,433,458,413,446,444,449,484,466,430,464,358,409,451,508,401,457,487,414,342,462,426,483,396,354,369,196,382,445,356,194,465,365,432,253,336,453,229,386,
13-ago,,80,190,78,0,6,50,53,47,11,44,462,369,432,457,411,444,443,447,483,465,428,460,356,407,447,505,398,455,485,412,340,460,424,482,394,351,367,194,380,442,354,192,462,363,430,251,333,450,228,385,
14-ago,,82,186,74,3,4,53,50,49,10,42,461,367,430,456,407,443,441,443,481,463,426,458,355,405,445,504,393,454,483,409,338,457,422,480,393,347,365,192,376,438,351,180,460,361,430,250,330,448,226,384,
15-ago,,84,186,74,7,2,54,48,52,8,40,460,366,428,454,404,441,438,442,480,461,424,456,354,403,444,501,392,453,480,408,337,455,420,478,392,344,362,190,374,434,350,179,457,357,429,248,327,445,225,383,
16-ago,,84,180,70,8,0,56,46,56,6,38,458,364,425,452,401,439,437,441,477,457,421,455,353,402,443,499,390,452,478,405,335,453,418,477,391,341,360,188,372,432,348,179,454,354,426,246,326,443,224,382,
17-ago,,86,178,68,9,2,58,42,60,4,34,455,362,423,448,400,437,435,440,474,456,419,454,351,401,440,498,387,450,476,402,333,450,415,475,390,338,357,185,368,432,345,176,451,351,424,244,324,439,222,382,
18-ago,,86,176,64,12,4,61,40,65,3,30,452,360,421,442,398,435,434,437,472,454,418,454,350,400,437,496,386,448,474,400,330,448,412,473,388,335,354,182,365,430,343,174,449,347,422,243,320,436,221,380,
19-ago,,88,174,61,15,6,64,39,67,3,27,448,359,422,439,396,433,432,435,470,452,416,454,348,400,435,492,384,446,475,399,328,445,409,471,386,331,351,178,362,430,341,172,448,343,420,242,315,434,220,380,
20-ago,,90,172,60,17,8,66,36,71,3,24,447,359,420,438,393,431,430,434,468,450,414,454,347,398,433,491,383,445,474,397,326,443,407,470,385,328,347,176,359,428,339,169,446,340,418,241,311,431,219,380,
21-ago,,90,164,54,20,10,68,33,74,3,22,444,357,419,436,391,429,427,431,468,449,413,454,345,396,431,490,381,443,472,396,323,440,405,469,384,325,343,172,356,426,336,165,445,337,416,240,307,427,218,378,
22-ago,,91,160,51,24,11,70,31,77,1,21,441,355,416,437,389,427,426,428,465,447,416,454,344,394,429,489,379,440,470,396,320,438,403,467,383,321,339,166,354,424,334,161,443,333,414,239,304,424,216,376,
23-ago,,92,156,48,28,13,72,29,78,3,19,440,351,415,435,388,425,423,427,464,445,417,452,344,391,427,488,376,438,468,395,318,435,401,465,382,318,335,164,349,424,333,157,440,329,411,237,300,422,209,375,
24-ago,,92,152,48,34,17,74,26,81,1,15,438,343,411,433,385,423,420,426,462,443,416,452,342,387,425,487,374,438,466,392,315,433,397,463,378,314,332,162,346,420,330,154,438,323,409,237,298,421,205,374,
25-ago,,93,150,47,36,20,76,23,81,0,12,437,339,412,431,383,421,419,425,459,441,416,450,340,384,423,487,372,435,464,389,314,431,395,461,376,311,328,162,342,420,326,153,436,319,406,235,295,420,203,373,
26-ago,,96,146,43,38,24,78,20,83,2,10,434,334,408,430,381,419,417,423,457,440,416,448,339,381,421,486,369,433,462,386,312,428,393,459,373,308,325,158,337,420,324,149,434,315,404,235,291,418,202,371,
27-ago,,96,144,38,42,26,80,17,87,3,8,432,333,406,428,379,417,412,422,454,437,415,444,336,379,419,485,368,431,460,385,310,426,390,457,371,307,321,154,333,416,321,147,432,311,401,234,288,416,198,367,
28-ago,,96,140,33,44,25,82,14,90,4,6,428,330,403,426,378,416,410,421,452,436,414,442,334,376,416,484,368,429,457,384,308,423,387,455,369,301,318,153,328,413,319,142,430,307,398,233,282,414,196,364,
29-ago,,98,138,31,46,26,84,11,92,5,4,426,328,404,425,377,413,407,419,450,434,413,437,332,374,413,484,365,427,454,381,306,421,385,454,367,297,316,146,324,411,315,139,428,303,396,232,278,411,194,362,
30-ago,,99,136,28,48,28,86,8,95,6,3,424,324,399,424,376,412,406,416,447,431,411,434,330,371,411,482,362,424,452,378,302,418,383,452,364,292,315,144,321,408,311,136,426,297,394,232,275,408,190,360,
31-ago,,100,134,25,50,30,89,4,97,7,6,421,322,398,424,372,410,404,413,444,428,409,430,327,368,409,481,362,422,450,376,298,416,379,449,361,287,313,144,320,406,308,133,424,293,392,230,269,404,187,358,
1-set,,100,132,25,50,30,92,1,98,8,9,415,320,395,425,369,408,401,410,442,426,408,428,325,365,406,481,361,419,450,373,294,413,377,448,359,283,311,140,313,403,303,129,422,286,388,231,265,400,184,356,
2-set,,100,128,24,51,32,94,2,100,9,13,412,319,393,421,366,406,398,409,440,424,406,425,323,362,403,480,358,416,450,370,292,411,373,446,357,279,308,136,311,400,300,125,420,281,386,230,260,395,180,354,
3-set,,100,124,24,52,32,96,4,103,9,18,409,318,389,419,364,404,397,407,438,423,404,422,321,359,401,477,355,414,447,367,289,408,371,445,353,273,306,134,305,397,297,121,418,277,383,229,256,396,173,350,
4-set,,102,120,22,54,34,98,7,102,10,20,407,314,385,418,361,402,396,406,436,421,402,418,318,357,397,475,353,411,444,366,287,406,369,444,350,271,304,134,300,395,292,117,416,271,378,228,251,394,169,348,
5-set,,103,116,21,56,37,99,9,101,12,21,406,312,383,415,359,399,393,402,434,419,400,415,317,354,394,473,352,409,444,364,283,403,368,441,348,266,302,131,295,393,287,114,413,264,376,227,246,391,166,344,
6-set,,105,114,19,58,40,102,10,99,14,23,402,308,379,412,357,397,389,400,431,417,397,412,315,350,392,470,350,406,443,357,279,401,368,438,347,261,298,128,289,390,283,111,409,259,373,225,239,387,164,341,
7-set,,106,112,16,59,42,103,10,98,16,22,399,304,375,411,355,395,386,398,429,415,395,410,313,346,390,468,348,404,441,355,276,399,365,436,346,257,295,125,286,389,277,107,406,253,369,222,233,382,162,339,
8-set,,108,102,14,60,44,103,12,97,18,23,397,301,372,409,353,392,384,396,427,414,393,407,311,343,388,466,346,402,438,353,273,396,363,434,346,253,291,121,282,387,273,103,404,249,368,220,230,376,160,336,
9-set,,110,98,13,62,48,105,16,94,20,25,395,298,370,408,348,390,382,393,425,412,389,405,309,340,386,463,344,399,438,349,270,394,362,432,345,249,288,115,276,384,269,100,402,241,365,220,225,378,157,333,
10-set,,110,96,10,64,48,106,19,92,22,26,393,295,370,407,345,389,380,390,423,410,385,403,306,338,383,461,342,398,436,347,268,391,361,428,341,244,285,114,271,382,263,97,399,237,360,219,219,376,143,326,
11-set,,111,96,9,65,47,106,22,90,24,26,389,295,371,406,337,387,378,387,420,407,382,401,304,335,380,459,339,396,440,343,263,389,359,426,338,239,281,111,266,380,259,94,397,228,355,218,214,374,138,324,
12-set,,112,91,7,66,48,107,25,90,26,27,387,291,372,403,333,385,376,385,417,406,378,399,302,331,378,457,337,397,441,341,261,386,356,425,335,235,277,107,262,378,255,91,394,221,351,213,209,371,136,320,
13-set,,113,88,7,67,50,107,29,89,28,27,384,286,373,402,330,383,374,382,411,404,375,397,299,327,375,454,335,392,440,337,257,384,353,422,332,229,274,103,268,377,250,87,392,216,348,210,203,367,135,316,
14-set,,114,84,6,68,51,108,31,86,30,28,382,285,373,399,328,381,372,380,410,402,373,394,297,323,372,452,330,389,440,333,253,382,351,420,328,225,271,99,252,375,245,83,390,209,345,207,199,364,134,312,
15-set,,115,82,2,69,53,109,32,85,32,28,379,282,374,396,325,379,370,375,409,401,372,391,295,319,370,450,328,387,438,330,250,379,349,419,325,221,265,94,246,373,239,79,387,203,342,204,195,361,132,308,
16-set,,115,78,0,70,54,109,35,84,33,28,376,279,373,395,322,377,368,368,407,399,370,389,292,315,368,447,324,385,438,326,247,377,346,416,322,216,258,87,243,369,233,75,384,197,339,202,190,357,130,302,
17-set,,115,74,1,71,55,111,38,83,36,29,373,274,374,393,317,376,367,365,406,398,369,386,288,311,365,445,321,382,436,323,244,374,344,414,319,215,255,82,247,366,229,71,381,192,332,200,186,355,128,298,
18-set,,115,72,4,72,58,111,40,82,39,29,369,272,375,392,313,372,366,364,404,395,367,384,285,307,363,443,318,380,434,320,241,372,342,412,316,209,251,78,235,363,225,67,377,186,329,197,180,350,124,296,
19-set,,115,78,8,73,60,113,42,81,41,30,366,271,374,390,310,370,364,361,402,392,365,382,281,302,360,441,315,377,434,317,237,369,339,409,314,205,246,75,227,350,219,63,374,184,327,193,174,348,122,291,
20-set,,115,66,12,74,61,113,42,81,41,30,364,267,372,388,307,369,362,358,400,389,364,379,278,297,358,438,314,372,432,311,233,367,335,406,311,201,239,72,216,347,213,60,371,182,321,189,168,345,120,286,
21-set,,115,62,14,75,61,114,42,81,39,30,360,264,370,385,305,367,360,355,397,387,364,378,275,291,355,436,308,372,430,306,229,364,331,405,306,197,235,70,211,344,209,58,368,176,317,185,162,338,118,277,
22-set,,115,60,18,77,61,116,42,81,38,31,357,262,370,382,302,365,358,353,395,385,363,377,271,286,351,434,304,369,430,303,226,362,327,403,302,195,229,68,211,342,205,55,365,162,312,182,157,336,112,271,
23-set,,114,56,22,78,63,118,43,81,39,31,354,257,370,381,299,364,356,351,392,380,362,377,268,281,348,431,303,366,428,299,222,360,324,400,298,188,225,66,207,340,202,51,361,155,308,180,151,331,108,264,
24-set,,113,54,24,79,63,118,44,81,41,32,351,254,371,381,296,361,354,348,389,375,360,375,265,276,345,429,290,363,426,297,218,357,321,398,294,182,219,64,203,338,198,48,357,151,302,177,148,327,106,259,
25-set,,112,52,28,81,64,120,44,81,43,32,348,248,372,380,293,359,352,345,386,372,357,372,261,270,343,427,296,360,425,289,216,355,317,397,289,177,217,63,197,336,193,54,355,147,297,174,146,323,104,254,
26-set,,111,48,30,83,64,121,47,81,44,32,344,244,372,379,289,355,350,342,383,370,354,370,258,263,339,425,292,357,426,286,214,352,314,398,286,173,211,65,192,334,187,52,351,142,292,172,145,318,102,250,
27-set,,110,44,34,85,65,123,48,81,45,33,340,238,370,376,285,352,348,338,381,367,351,372,257,258,335,423,288,354,424,279,211,350,311,396,282,170,205,66,188,333,183,51,347,130,285,170,142,313,98,246,
28-set,,109,42,35,87,65,122,48,82,46,33,339,232,369,374,281,349,346,334,379,365,348,376,255,251,331,421,284,348,422,274,207,347,308,394,280,167,197,64,183,331,177,48,343,129,279,165,138,307,96,240,
29-set,,108,40,38,89,63,122,48,82,47,33,336,230,369,373,277,344,344,330,377,365,345,375,252,246,327,418,283,345,421,268,205,345,305,392,279,163,190,64,180,327,174,46,339,122,272,159,130,300,94,236,
30-set,,107,38,40,91,63,120,47,83,47,34,332,225,367,369,273,341,342,323,375,363,341,373,249,240,323,416,281,342,419,263,200,343,300,390,278,159,184,65,176,323,169,46,337,117,267,156,124,295,92,228,
1-out,,106,30,42,102,65,120,47,84,48,34,327,220,365,367,267,338,339,319,375,361,336,371,248,235,319,414,278,338,418,258,193,341,295,387,275,155,179,65,173,319,165,48,333,109,261,154,119,290,90,219,
2-out,,105,28,45,103,67,120,47,86,48,35,324,216,363,366,263,335,338,316,373,359,332,368,245,228,314,412,276,337,418,253,188,338,291,384,272,150,174,66,166,318,161,50,329,106,254,151,115,289,88,211,
3-out,,104,24,46,105,69,120,47,86,50,35,319,212,361,364,257,332,336,311,372,357,329,365,241,223,309,410,275,337,419,250,185,334,288,381,270,150,169,67,163,314,157,50,327,102,252,149,113,285,86,203,
4-out,,103,20,48,108,72,119,47,89,52,36,315,206,359,361,252,329,329,309,370,355,324,362,238,217,305,407,271,334,420,244,184,330,284,376,266,145,164,66,159,311,152,50,325,97,247,144,111,279,82,197,
5-out,,102,16,48,110,75,119,48,93,54,36,312,203,357,360,246,326,326,306,368,352,319,359,235,211,301,404,269,334,419,239,180,326,280,373,264,139,162,66,155,308,148,54,323,92,242,139,107,274,80,189,
6-out,,101,13,50,112,77,114,50,94,56,36,307,200,355,357,241,322,323,302,367,349,315,355,232,205,297,402,266,333,420,236,174,322,276,371,262,135,159,64,152,305,143,55,322,87,238,135,105,271,79,181,
7-out,,100,10,52,115,80,113,52,95,58,36,303,194,352,355,236,318,320,298,366,346,311,351,229,198,292,400,262,329,420,230,171,318,272,369,260,129,157,63,146,302,139,56,319,84,232,134,104,267,78,175,
8-out,,97,10,52,118,82,114,53,98,62,37,298,188,350,351,231,314,316,294,371,342,306,348,229,193,287,397,259,329,419,223,167,315,267,366,256,125,151,62,138,296,135,57,315,86,227,134,103,259,76,170,
9-out,,96,10,54,120,84,114,53,101,64,36,295,182,347,348,226,311,313,288,372,339,301,345,227,188,282,395,258,328,417,219,166,314,262,362,253,122,147,62,136,292,132,57,311,85,220,131,96,250,76,168,
10-out,,95,10,55,122,86,112,54,103,63,36,290,178,343,347,221,307,310,284,371,335,298,341,222,184,276,392,256,326,416,215,162,313,257,359,251,119,142,62,134,287,128,57,307,81,213,127,93,240,74,165,
11-out,,94,10,58,123,91,110,54,103,62,37,284,177,341,341,217,303,306,278,370,331,296,337,218,179,271,390,257,322,415,212,160,309,253,354,247,117,139,60,132,281,125,56,304,77,211,125,89,232,70,162,
12-out,,93,10,59,124,91,108,54,97,61,37,280,169,338,335,211,301,304,275,368,329,294,334,214,173,267,388,251,318,414,204,157,305,247,349,245,112,134,59,127,276,121,54,302,72,209,123,86,225,68,166,
13-out,,92,10,60,125,91,106,53,96,60,37,276,164,336,332,212,299,301,270,367,325,292,330,210,167,263,387,248,314,412,200,154,300,242,345,242,107,131,58,124,271,118,52,297,72,207,121,84,217,66,158,
14-out,,91,8,61,126,92,101,50,95,59,37,270,159,333,330,211,308,297,265,365,322,291,325,206,162,258,383,246,309,410,197,152,295,237,341,240,105,127,58,118,266,117,50,295,71,196,119,81,213,64,153,
15-out,,90,8,61,127,93,95,45,94,57,37,264,155,329,325,209,313,293,260,361,318,289,321,203,158,252,380,244,305,409,192,151,295,232,337,237,102,125,56,116,259,115,48,293,67,193,116,77,209,62,140,
16-out,,88,8,61,128,94,90,45,93,57,37,258,153,326,323,207,311,289,261,358,313,285,316,200,154,245,377,243,300,407,185,147,293,227,333,236,97,120,54,112,250,112,47,295,64,189,115,74,205,59,135,
17-out,,85,8,61,128,96,86,47,91,56,37,254,149,321,316,205,309,286,273,356,307,279,312,199,150,240,375,241,295,405,181,142,291,221,329,233,95,116,54,110,243,110,44,295,63,180,114,72,200,57,127,
18-out,,84,6,61,128,94,82,49,90,55,37,246,148,318,313,203,305,283,272,353,301,275,308,196,146,235,372,239,290,404,179,138,289,216,323,231,93,111,53,107,232,108,43,294,59,172,110,71,192,57,120,
19-out,,82,6,61,129,95,80,50,88,55,38,239,148,316,309,202,300,280,269,350,295,272,305,192,141,230,368,239,285,402,175,134,285,211,320,228,89,106,52,101,229,115,41,292,57,167,108,69,183,57,118,
20-out,,80,8,59,129,96,78,50,83,54,38,239,148,313,305,200,296,276,266,348,295,269,303,188,137,224,375,236,280,400,173,131,284,208,315,225,85,102,52,96,226,118,41,289,52,161,107,64,177,55,116,
21-out,,76,10,57,130,95,78,50,80,54,38,235,148,309,301,198,291,272,261,345,289,264,300,184,135,220,362,234,276,402,171,126,282,204,311,221,82,97,56,94,222,118,36,285,48,154,104,61,169,54,111,
22-out,,76,10,58,130,94,75,50,77,53,38,231,140,305,297,198,287,270,254,342,282,260,296,180,128,216,359,232,270,402,170,121,280,200,306,218,79,92,57,93,219,116,38,282,47,147,101,58,162,54,108,
23-out,,76,12,58,130,94,75,50,76,53,38,226,138,301,293,198,283,266,250,338,276,255,292,176,125,212,356,229,265,400,168,118,278,197,301,216,77,92,57,92,215,114,37,278,47,141,101,58,152,52,103,
24-out,,66,12,51,129,93,75,50,75,52,38,219,135,297,290,197,280,263,246,336,269,249,288,172,127,208,353,226,260,398,166,116,275,193,296,216,76,94,55,90,213,112,36,274,45,136,98,58,146,52,98,
25-out,,67,14,50,128,89,75,49,74,52,38,217,133,295,287,197,275,260,241,333,265,244,287,168,128,204,350,225,254,397,170,113,271,191,294,216,74,92,52,85,210,112,35,271,44,131,96,56,139,52,96,
26-out,,66,19,51,126,87,75,49,75,51,38,211,129,293,284,197,270,258,237,330,259,239,284,164,128,202,347,223,250,396,170,111,267,189,291,216,73,89,50,79,208,114,34,264,44,125,95,54,135,52,92,
27-out,,65,20,52,125,81,77,49,75,50,38,209,125,291,282,197,266,253,233,327,255,235,281,160,131,200,343,221,245,395,168,110,264,187,287,216,70,88,50,76,206,116,34,262,41,121,94,52,128,50,90,
28-out,,63,21,54,124,76,78,52,77,50,38,207,121,288,278,197,262,253,230,324,250,235,278,157,133,196,341,220,241,394,165,108,263,183,282,214,69,88,49,74,203,116,34,260,39,117,94,51,120,48,88,
29-out,,62,24,50,122,72,77,55,78,49,38,205,119,286,270,196,257,250,229,322,246,232,274,157,133,189,338,219,238,393,162,106,261,181,279,212,64,87,52,74,200,115,33,257,38,113,94,49,115,47,86,
30-out,,61,28,42,121,69,77,57,78,49,38,203,117,283,267,196,253,245,225,320,244,229,270,154,132,181,334,219,232,393,158,106,258,177,275,210,66,84,53,74,196,114,34,254,36,109,94,45,111,46,84,
31-out,,61,30,38,119,67,75,59,79,49,38,199,116,282,262,196,248,242,220,316,239,224,266,151,131,178,330,216,229,393,156,107,255,172,270,210,66,81,52,72,196,112,34,251,33,109,95,41,107,45,82,
1-nov,,60,30,36,117,68,69,62,80,49,38,195,114,282,257,196,245,246,216,313,252,220,261,149,130,176,326,213,229,392,155,107,249,170,269,206,65,79,52,70,195,112,32,245,34,105,87,39,100,44,80,
2-nov,,59,30,34,115,67,64,63,81,48,38,188,113,284,252,196,243,249,212,309,246,220,257,145,127,173,323,211,229,390,155,109,244,173,264,203,63,77,51,68,194,110,32,242,34,100,85,38,92,42,78,
3-nov,,58,30,34,112,67,60,67,81,49,38,183,111,283,247,197,241,245,209,305,239,217,254,142,126,171,317,208,229,389,154,110,238,175,260,200,63,78,52,64,192,108,32,238,34,95,84,37,87,42,77,
4-nov,,57,32,34,109,66,55,70,81,49,38,181,109,283,241,197,238,242,205,303,236,215,250,139,123,167,314,206,229,392,151,110,234,179,256,198,62,77,50,62,190,105,29,232,32,93,82,36,83,40,76,
5-nov,,56,32,35,107,66,54,72,80,49,38,176,105,281,237,197,236,231,201,300,234,214,248,135,121,161,310,204,227,391,149,109,229,179,252,197,64,75,49,62,187,102,29,228,31,91,81,34,81,39,75,
6-nov,,55,34,35,105,66,55,74,80,48,38,172,105,280,233,197,231,231,198,299,232,213,244,132,118,157,307,203,224,388,145,108,224,180,247,196,66,74,47,62,183,104,32,226,29,94,80,32,77,38,73,
7-nov,,54,34,36,104,67,55,74,81,48,38,167,105,278,227,197,227,243,195,297,231,218,241,129,116,152,304,201,224,386,143,108,220,181,241,194,66,73,45,60,179,104,33,228,27,97,78,31,73,36,71,
8-nov,,53,34,34,103,69,55,72,80,49,38,162,103,276,223,197,224,258,191,295,233,213,236,125,113,147,297,198,223,385,139,108,216,185,237,191,65,71,44,55,176,102,34,228,25,99,77,30,69,36,70,
9-nov,,51,34,32,102,69,56,71,79,49,38,159,103,273,218,197,225,272,187,294,231,216,233,123,109,143,292,196,222,384,137,107,212,192,231,189,66,69,45,54,173,99,35,226,22,99,77,31,67,36,68,
10-nov,,50,32,30,101,70,56,71,77,44,38,151,103,270,220,197,222,278,184,292,230,214,229,121,105,138,289,194,222,382,133,105,208,195,226,187,68,68,44,53,169,98,34,224,20,100,77,32,64,36,66,
11-nov,,49,32,28,100,72,55,71,76,38,38,147,101,267,221,198,221,278,183,291,237,210,225,116,103,134,286,194,225,380,130,104,205,196,221,185,68,65,43,54,165,116,35,222,20,98,76,34,62,40,64,
12-nov,,48,32,26,98,74,54,72,74,36,35,143,100,264,221,198,219,279,183,290,234,209,221,112,100,130,282,192,232,379,127,102,203,195,216,186,69,64,42,54,163,115,39,219,22,98,75,35,58,40,62,
13-nov,,47,36,22,97,74,51,73,71,32,29,140,103,259,222,198,215,278,181,290,232,206,217,108,99,124,286,189,238,378,125,102,201,191,207,193,69,72,42,52,162,116,41,215,22,97,74,35,56,39,60,
14-nov,,45,32,22,97,75,49,74,70,31,27,138,101,256,222,197,213,276,184,292,229,206,213,104,98,120,278,187,246,377,122,101,194,188,204,196,68,79,41,50,160,116,44,212,23,96,74,35,54,36,58,
15-nov,,43,32,19,96,76,49,74,69,29,26,132,100,255,223,194,209,276,181,294,227,205,209,102,98,117,271,185,253,377,121,99,191,188,198,194,67,82,45,48,158,114,46,209,25,94,73,35,52,37,56,
16-nov,,42,28,14,95,76,49,77,69,25,24,128,99,251,222,195,205,272,179,293,227,207,204,100,101,116,267,184,257,376,117,98,189,191,194,192,64,82,47,50,155,114,47,205,26,96,72,36,50,36,54,
17-nov,,41,24,14,94,79,45,78,68,23,21,122,97,248,222,197,201,267,177,290,225,204,200,99,101,115,263,182,258,374,117,96,191,192,190,190,62,80,49,48,152,118,48,202,27,91,70,36,47,34,52,
18-nov,,39,18,14,93,82,34,78,66,20,18,118,97,248,225,195,198,265,176,287,225,204,196,98,102,114,259,181,257,374,116,96,197,192,190,196,61,78,51,46,150,131,50,197,29,87,69,36,45,30,50,
19-nov,,37,16,13,92,84,27,78,64,18,16,112,96,246,229,193,196,262,173,286,224,203,191,98,102,113,256,179,255,372,115,95,199,193,186,196,60,76,53,44,148,131,52,192,31,91,67,36,42,29,49,
20-nov,,35,14,12,92,86,21,78,63,15,14,108,95,245,231,191,198,257,164,285,225,203,187,96,102,112,249,178,253,370,111,96,199,196,181,194,60,72,54,44,148,133,52,187,36,89,67,36,39,26,48,
21-nov,,33,12,12,90,88,18,80,59,13,9,105,96,243,232,190,195,253,162,283,224,204,181,94,101,112,243,177,250,370,110,96,199,198,176,192,58,81,55,44,146,131,52,183,38,86,66,36,36,24,46,
22-nov,,31,10,10,87,89,14,80,58,11,8,102,99,240,232,189,191,249,159,281,224,205,176,91,100,111,239,178,248,369,109,94,198,198,173,190,57,82,57,44,144,122,52,179,38,85,64,37,39,22,46,
23-nov,,29,8,10,84,89,12,80,56,9,6,98,97,237,231,188,188,247,155,278,224,206,172,89,99,110,235,178,245,368,108,92,200,196,169,187,56,82,58,46,142,121,52,177,40,80,63,38,39,20,46,
24-nov,,27,8,12,81,89,10,80,54,6,0,94,95,233,230,187,186,247,154,276,224,209,170,87,97,107,234,178,234,367,106,90,200,196,164,184,55,83,58,45,142,120,53,173,44,76,62,39,38,19,46,
25-nov,,25,8,12,78,88,10,81,53,5,5,90,95,229,229,186,188,245,154,275,224,212,171,85,102,105,227,174,228,366,104,90,199,193,164,180,60,90,59,44,139,118,57,171,47,70,62,39,37,17,45,
26-nov,,23,10,13,75,87,10,83,52,3,9,86,96,226,228,185,186,242,154,275,223,214,173,83,105,104,223,172,224,366,104,96,199,190,162,184,60,97,60,42,137,118,59,169,52,64,62,39,36,16,46,
27-nov,,22,10,13,71,86,9,86,52,0,13,83,96,225,226,184,186,239,156,273,223,214,172,82,108,103,221,171,224,366,106,94,201,187,161,183,61,105,60,40,134,117,61,168,58,60,62,39,36,14,46,
28-nov,,22,9,14,71,84,9,85,53,1,16,88,95,223,223,183,181,236,162,270,223,214,168,84,108,102,215,171,220,366,106,96,203,183,163,181,62,108,60,38,132,118,61,167,63,57,62,39,35,13,46,
29-nov,,20,8,16,71,83,9,85,55,3,18,90,96,223,222,183,179,236,160,268,222,215,165,87,108,101,211,169,216,365,106,110,203,180,162,179,62,109,60,38,130,117,62,166,67,48,62,39,34,12,46,
30-nov,,20,6,16,71,82,9,85,57,5,19,91,102,222,220,182,175,236,157,265,221,215,163,90,106,98,210,167,214,364,103,117,201,178,160,177,61,110,60,38,129,117,63,166,70,47,61,40,31,12,48,
1-dez,,16,6,16,70,81,6,81,57,13,21,90,102,220,220,180,172,235,156,263,220,216,162,91,103,104,203,165,216,362,101,119,197,175,161,176,61,110,66,36,129,118,62,166,73,46,60,41,29,12,48,
2-dez,,11,8,16,70,81,6,81,59,19,28,91,103,218,217,178,172,234,148,259,222,219,160,91,100,105,200,164,214,362,101,119,196,173,165,174,61,108,67,36,127,118,65,164,77,46,60,42,27,14,46,
3-dez,,10,10,15,70,80,6,82,59,25,30,95,103,214,216,178,172,237,148,257,221,222,156,91,98,104,198,163,211,360,100,119,194,169,168,177,62,106,69,36,126,116,65,162,81,44,61,42,27,17,46,
4-dez,,6,10,18,70,79,6,82,57,29,30,99,103,211,215,176,176,240,147,254,222,227,154,90,98,105,195,162,210,359,99,120,191,167,172,181,62,105,76,34,127,116,66,163,85,40,63,40,27,21,46,
5-dez,,5,8,18,68,77,5,82,54,39,37,101,103,207,214,176,177,242,146,252,221,228,152,90,100,105,192,161,208,357,99,123,189,163,180,184,62,107,79,38,129,116,66,166,88,37,67,39,27,25,46,
6-dez,,5,12,18,66,76,5,80,53,46,39,101,103,203,212,178,177,242,146,251,221,230,148,89,103,104,193,159,206,356,98,128,187,159,189,187,73,110,80,38,131,116,68,166,89,35,70,38,26,27,42,
7-dez,,5,14,17,62,76,5,77,52,53,42,101,103,201,209,181,178,241,145,248,220,232,144,89,106,103,191,155,206,356,98,141,187,158,197,192,83,109,79,38,133,116,71,169,90,34,73,38,25,30,38,
8-dez,,5,14,18,58,75,6,74,50,60,48,100,103,200,209,184,175,240,144,252,219,236,142,89,107,103,191,154,206,356,96,147,187,157,206,194,87,108,80,42,135,120,72,179,90,33,76,37,24,34,36,
9-dez,,4,14,18,55,73,4,74,46,67,51,99,103,199,209,186,173,238,144,251,218,240,137,90,106,102,191,153,204,355,94,151,185,156,223,194,86,104,79,43,137,124,72,196,94,31,77,37,22,32,32,
10-dez,,3,16,19,52,71,4,74,40,74,54,98,102,198,208,192,172,235,143,252,217,244,132,89,107,102,191,152,204,357,93,155,185,156,230,206,85,102,80,44,139,126,72,210,98,30,78,36,20,32,32,
11-dez,,2,16,19,50,72,3,73,36,81,56,97,100,196,208,194,169,231,142,253,217,249,132,88,115,102,187,152,202,362,93,159,185,156,233,212,84,99,81,44,141,128,72,217,103,31,79,36,18,34,36,
12-dez,,1,16,21,49,70,2,72,34,90,58,96,97,195,207,195,168,228,142,254,216,256,132,87,118,100,193,151,198,362,93,155,186,155,234,214,83,99,81,44,143,128,74,221,111,32,83,36,16,34,36,
13-dez,,2,16,22,48,69,2,73,37,98,62,97,97,193,206,196,166,227,143,251,215,259,130,86,119,100,193,150,198,361,92,163,188,154,233,214,86,99,86,43,145,126,74,224,117,32,85,36,18,35,35,
14-dez,,5,18,22,48,66,1,73,30,106,63,100,96,192,207,197,163,224,143,250,213,261,128,86,121,100,193,150,196,361,91,163,189,153,233,215,88,102,90,42,146,124,74,225,121,33,86,36,21,35,37,
15-dez,,7,22,22,48,63,0,73,27,114,65,102,96,190,207,197,161,221,144,259,213,263,127,87,123,100,193,150,200,359,90,162,187,151,235,214,90,113,95,42,147,122,74,226,125,33,89,36,22,36,38,
16-dez,,9,22,21,47,61,0,73,25,123,70,106,96,192,206,197,162,220,150,265,212,265,127,89,125,101,193,150,198,357,95,161,186,149,232,214,92,121,97,41,148,120,74,226,131,34,90,36,23,36,39,
17-dez,,12,24,20,47,55,0,75,23,134,72,126,96,194,204,196,161,217,155,261,210,268,125,91,127,101,194,150,200,356,98,160,184,147,231,214,95,124,99,41,148,123,76,225,136,34,91,36,25,36,40,
18-dez,,15,24,19,47,52,1,77,22,142,78,157,97,194,201,196,161,214,156,260,209,270,125,94,128,101,195,150,200,356,100,159,182,146,230,213,98,123,102,42,147,124,78,223,139,34,91,35,26,37,40,
19-dez,15,17,24,18,46,51,1,76,22,155,80,177,98,194,202,195,160,211,160,260,208,270,125,95,130,101,195,150,202,355,103,158,180,146,229,211,101,120,105,40,147,124,78,222,142,35,92,35,25,40,42,
20-dez,15,20,24,16,46,49,1,77,22,167,82,187,100,194,205,193,161,217,161,262,207,270,123,95,132,100,195,149,202,354,106,158,180,146,227,210,103,118,108,40,146,126,81,222,145,36,94,34,22,43,44,
21-dez,16,22,28,12,45,48,3,77,21,180,85,195,103,193,210,192,159,230,162,263,211,269,123,97,134,100,193,151,202,353,108,160,180,145,224,209,104,115,112,40,145,126,83,216,148,37,95,34,20,45,45,
22-dez,16,26,44,12,45,43,4,76,18,195,87,198,104,191,214,194,160,234,164,264,212,270,123,99,136,104,191,152,200,351,109,170,180,143,221,212,106,112,117,38,144,126,84,214,148,35,97,34,19,48,46,
23-dez,16,30,50,10,44,42,10,77,17,203,90,199,105,200,218,194,163,237,170,267,212,267,123,101,136,100,190,152,198,348,109,175,175,142,219,213,106,110,121,38,142,125,84,209,148,37,98,34,18,50,47,
24-dez,17,32,50,10,44,39,14,79,17,204,94,200,107,203,221,193,173,239,175,269,210,266,121,104,136,100,187,151,198,344,109,178,174,141,218,214,106,108,125,38,140,124,87,217,149,38,99,34,17,51,48,
25-dez,17,34,50,11,43,35,15,83,17,204,97,199,107,206,222,194,179,240,173,270,209,269,121,108,134,101,186,151,198,344,110,181,173,140,216,208,103,106,127,39,141,122,91,206,149,41,101,34,15,52,50,
26-dez,16,36,48,12,45,32,15,87,16,202,100,197,109,209,221,197,188,240,173,271,209,273,118,111,134,105,183,153,195,344,112,184,171,138,214,208,100,106,132,38,143,147,94,204,148,43,101,34,14,53,52,
27-dez,18,42,56,12,47,29,15,90,16,199,106,195,115,211,220,200,195,239,172,271,207,272,117,113,138,107,182,152,198,340,114,186,170,140,213,206,97,106,138,36,144,157,94,202,146,41,102,34,12,53,52,
28-dez,18,44,58,12,49,24,15,95,16,197,111,192,121,217,220,202,200,238,172,272,208,274,116,114,143,106,180,152,198,345,115,187,169,140,211,204,94,106,145,35,145,157,94,198,146,40,103,34,10,54,52,
29-dez,18,46,59,11,51,19,14,92,17,196,119,192,130,221,219,204,203,235,172,272,205,278,116,114,147,103,180,153,201,344,119,193,168,140,208,206,92,107,152,34,146,155,96,196,146,39,104,34,10,54,52,
30-dez,19,48,60,10,53,15,14,89,18,195,128,191,139,225,218,207,214,232,175,272,205,279,114,114,149,103,179,153,201,344,126,192,167,141,207,209,90,109,159,33,146,153,97,196,144,40,106,33,10,54,52,
31-dez,19,50,67,9,55,12,10,87,20,195,139,192,150,228,218,209,217,229,174,273,208,279,113,115,151,116,178,153,201,344,126,203,166,144,205,210,91,110,169,33,146,150,97,196,143,41,106,32,10,54,52,
