DIA,1968,1969,1970,1971,1972,1973,1974,1975,1976,1977,1978,1979,1980,1981,1982,1983,1984,1985,1986,1987,1988,1989,1990,1991,1992,1993,1994,1995,1996,1997,1998,1999,2000,2001,2002,2003,2004,2005,2006,2007,2008,2009,2010,2011,2012,2013,2014
1-jan,,278,137,133,144,213,765,684,564,684,456,308,696,522,637,474,336,350,222,315,378,338,,,445,433,,494,287,388,344,410,298,478,698,262,433,517,344,718,323,,623,347,327,297,386
2-jan,,257,153,135,143,201,737,664,541,619,534,355,706,580,608,465,351,321,245,341,346,340,,,419,395,,480,304,389,336,414,296,475,632,295,450,444,360,657,353,,560,338,348,310,381
3-jan,,229,181,135,133,207,726,671,515,532,608,385,663,552,517,464,379,321,247,352,309,413,,,442,352,,458,312,551,332,433,285,466,629,313,418,401,348,659,334,,626,305,339,312,345
4-jan,,208,157,134,134,225,715,631,544,526,625,451,571,547,438,459,423,319,283,354,289,498,,,433,326,,464,315,541,330,437,276,463,506,366,366,568,427,648,324,,582,289,312,343,311
5-jan,,198,157,161,139,242,706,570,611,614,646,520,495,515,427,449,423,308,307,394,291,581,,,413,315,,553,343,472,334,470,272,454,422,537,336,585,540,634,322,,547,282,279,334,324
6-jan,,177,137,177,148,224,666,516,626,617,671,475,426,468,404,429,419,283,298,383,318,604,,,432,306,,586,478,462,340,532,273,442,402,568,338,560,576,728,300,,450,290,270,303,308
7-jan,,162,136,214,139,185,625,454,645,653,733,446,420,425,395,451,387,273,297,352,368,777,,,413,333,,637,446,366,347,573,264,426,402,659,493,524,576,707,306,,404,294,270,313,310
8-jan,,153,128,205,132,183,564,401,643,659,754,428,509,395,396,504,363,271,264,320,460,823,,,375,333,,620,476,323,352,519,266,413,415,619,520,481,581,707,335,,385,288,267,292,293
9-jan,,152,124,220,134,167,507,393,673,690,764,396,579,396,410,541,325,309,251,310,486,837,,,386,344,,639,515,316,420,565,294,305,389,608,585,418,540,724,353,,458,307,270,278,295
10-jan,,150,171,201,139,157,459,369,702,730,830,366,595,496,487,576,337,426,248,290,461,826,,,467,368,,641,561,325,360,474,281,325,389,589,578,429,493,694,388,,526,312,273,448,320
11-jan,,146,174,182,141,165,426,343,714,754,843,329,560,583,524,611,400,414,269,287,513,745,,,459,396,,626,512,350,327,455,300,349,393,516,521,454,484,625,424,,652,317,276,424,306
12-jan,,154,211,154,133,163,436,352,715,773,812,310,516,623,509,607,469,380,282,284,481,672,,,564,436,,617,462,444,346,439,291,425,383,447,471,496,468,553,389,,695,351,293,432,285
13-jan,244,172,211,165,127,159,434,418,638,764,747,350,466,731,479,589,380,319,276,283,428,654,,,544,430,,583,436,390,362,487,275,547,437,417,431,481,460,528,341,,723,483,326,427,399
14-jan,240,191,210,166,135,176,471,366,610,721,697,424,422,763,349,619,333,287,286,301,373,643,,,507,386,,537,464,364,321,509,264,573,537,474,397,428,433,471,388,,861,527,381,352,477
15-jan,220,168,205,153,139,165,608,347,487,659,721,499,381,739,343,662,316,294,330,377,370,651,,,506,367,,576,455,414,327,456,264,569,500,532,360,393,413,527,397,,863,535,444,308,496
16-jan,200,170,183,168,130,189,620,346,488,621,717,462,356,699,338,764,315,336,354,371,444,792,,,659,355,,532,480,412,329,468,262,471,492,450,336,395,373,540,393,,817,535,446,326,459
17-jan,276,169,163,144,132,197,672,334,522,560,714,427,354,659,335,808,312,377,356,387,453,807,,,632,331,,518,447,414,321,424,260,435,461,405,318,447,360,564,369,,775,418,420,461,398
18-jan,320,199,170,142,138,204,676,302,526,581,701,370,407,639,382,797,344,405,303,371,422,813,,,590,317,,506,436,360,318,424,258,436,427,340,310,488,345,563,380,,730,468,390,457,469
19-jan,420,176,158,157,141,187,675,279,463,729,685,331,384,572,361,774,343,356,307,372,354,794,,,542,327,,481,432,457,318,424,252,442,398,413,304,490,416,523,403,,673,556,345,510,434
20-jan,468,199,143,145,149,166,755,274,407,760,625,309,363,514,320,783,332,312,355,342,317,735,,,474,342,,428,494,597,318,444,270,430,369,388,300,576,386,511,395,,668,595,340,574,441
21-jan,490,265,132,172,144,162,718,288,407,827,570,300,359,545,305,814,344,294,329,348,312,630,,,473,385,,425,518,597,318,408,285,422,355,375,298,628,386,580,397,,725,636,327,440,411
22-jan,540,289,134,151,139,236,722,274,413,853,566,290,355,608,316,829,336,286,317,352,327,536,,,442,417,,412,555,589,330,382,271,413,354,347,305,612,362,613,365,,665,667,310,337,413
23-jan,520,285,148,137,172,380,756,260,427,861,571,322,352,603,365,787,397,287,347,426,359,575,,,425,378,,423,557,589,315,362,267,410,395,336,313,584,367,575,549,,633,627,350,305,415
24-jan,450,285,145,140,161,423,738,241,405,851,543,340,337,610,406,715,450,314,343,480,329,518,,,395,429,,410,572,539,315,327,265,447,433,366,335,513,340,610,583,,580,617,319,289,367
25-jan,380,254,189,145,178,404,689,232,387,859,525,347,346,585,377,623,486,319,337,492,336,560,,,378,469,,368,533,476,318,322,270,489,411,436,329,485,327,566,593,,523,596,319,286,361
26-jan,314,227,187,139,207,440,660,228,379,849,489,410,353,565,342,557,491,342,292,530,354,531,,,364,521,,342,464,431,319,337,270,492,379,446,314,530,322,636,701,,492,540,438,282,444
27-jan,286,203,176,126,190,451,630,246,405,804,450,423,379,576,320,576,476,327,294,527,367,496,,,347,474,,352,415,465,328,352,266,468,357,545,305,513,336,618,728,,463,472,475,293,511
28-jan,308,173,233,120,163,437,567,358,376,746,476,406,511,634,311,611,546,320,312,542,381,481,,,327,485,,400,412,517,313,375,266,449,346,574,304,534,340,609,769,,451,442,533,283,467
29-jan,284,145,189,116,179,415,516,333,383,668,420,446,508,633,301,608,698,330,332,569,315,515,,,310,479,,406,446,555,319,387,276,433,337,650,296,627,399,715,784,,425,392,462,278,461
30-jan,248,137,176,112,199,350,472,319,382,618,405,619,511,580,312,646,659,317,324,578,297,519,,,308,469,,402,448,617,366,362,276,420,335,664,294,599,433,740,768,,528,391,440,273,427
31-jan,212,142,153,114,221,291,434,298,387,637,380,631,479,505,326,835,720,284,293,688,287,542,,,304,424,,430,441,600,397,362,300,412,330,608,294,571,421,800,764,,563,401,397,268,368
1-fev,200,148,273,109,220,256,447,278,397,620,375,655,504,440,325,908,729,282,277,760,339,615,,506,307,424,430,510,418,668,429,417,314,441,337,520,299,589,404,824,747,,543,362,397,270,332
2-fev,190,151,250,110,226,267,540,280,417,623,361,576,464,461,316,869,678,291,338,827,333,617,,549,306,425,377,586,372,729,448,477,291,418,370,461,294,611,384,800,756,,537,341,418,285,311
3-fev,210,186,281,116,304,233,644,276,458,667,340,480,404,512,350,875,573,316,410,776,322,545,,516,306,419,369,721,376,710,427,501,274,421,369,491,297,599,379,799,660,,488,339,405,300,302
4-fev,190,211,260,119,302,233,588,265,461,675,333,397,359,486,387,866,498,329,418,736,301,540,,532,333,471,371,758,370,646,400,484,265,440,364,480,316,566,344,733,543,,452,353,395,331,292
5-fev,176,237,244,119,276,215,568,391,522,710,356,341,332,437,607,759,459,330,356,726,284,460,,530,341,465,341,749,382,626,336,515,282,464,343,492,339,566,339,699,431,,401,413,355,314,284
6-fev,174,182,235,114,238,344,561,484,501,711,400,314,319,415,552,612,447,303,316,725,285,455,,481,357,499,325,674,406,574,345,485,321,459,326,435,426,551,350,665,396,,368,472,353,310,282
7-fev,182,158,291,124,215,336,497,520,492,652,436,344,312,465,605,585,411,303,286,724,305,439,,460,350,499,314,650,456,584,359,437,314,452,365,380,417,572,354,717,370,,370,502,334,305,281
8-fev,192,148,328,123,198,296,463,524,463,581,446,344,335,435,635,572,381,290,285,692,302,497,,464,320,721,342,621,451,554,375,399,335,444,367,482,375,562,390,742,370,,382,494,304,320,275
9-fev,226,140,362,121,201,277,452,523,411,539,443,331,337,398,622,602,389,286,280,687,324,572,,453,310,736,386,587,440,500,380,378,342,430,363,503,366,525,487,771,378,,422,518,292,379,270
10-fev,238,141,358,127,212,251,409,557,379,505,450,343,368,400,566,602,404,285,323,644,321,624,,454,332,689,384,534,469,448,389,413,344,415,337,507,326,493,541,759,383,,439,543,286,457,272
11-fev,210,147,329,151,211,213,390,591,392,489,429,368,446,382,548,584,402,281,350,602,331,589,,427,338,657,368,548,449,430,382,432,346,402,338,444,297,423,513,718,383,,512,532,285,470,276
12-fev,178,167,322,171,245,188,378,605,409,532,375,395,478,372,511,630,401,276,343,549,328,527,,431,358,594,359,541,371,448,389,405,346,396,332,402,290,376,499,671,388,,618,551,300,422,288
13-fev,174,258,357,183,269,180,357,623,369,517,328,391,495,354,565,632,420,346,436,484,295,474,,489,372,506,334,503,338,576,334,371,367,396,328,430,290,357,453,631,435,,724,568,310,372,293
14-fev,176,303,304,163,289,401,322,583,337,487,307,441,580,424,515,614,429,353,492,426,278,432,,487,383,418,333,453,339,582,359,368,408,496,337,445,390,346,375,596,411,,775,626,320,334,286
15-fev,212,268,257,157,267,689,305,564,339,477,302,549,633,465,515,604,418,323,491,390,273,411,,497,343,444,332,438,339,573,383,385,456,496,336,457,372,339,344,510,378,,789,636,340,321,333
16-fev,246,224,230,149,280,610,338,468,401,476,296,617,603,465,489,624,421,291,460,382,287,427,,439,328,388,334,450,336,577,406,366,515,497,380,460,386,333,395,470,394,,775,699,394,312,416
17-fev,274,209,223,234,400,551,353,378,413,485,294,798,548,457,586,632,410,287,437,367,309,475,,382,319,377,327,444,344,562,386,384,518,498,379,534,390,329,575,448,404,,691,707,448,302,354
18-fev,290,219,210,174,486,473,389,329,513,477,296,781,488,432,568,622,394,287,435,374,372,491,,360,374,370,333,423,368,497,382,395,461,518,385,629,380,326,636,436,388,,679,675,407,296,355
19-fev,294,236,221,167,548,399,434,344,526,445,299,793,422,410,602,604,388,304,521,398,360,512,,378,370,383,327,508,360,460,359,347,376,575,606,622,344,321,658,443,366,,647,645,375,299,351
20-fev,290,279,273,172,541,368,396,379,495,425,304,759,396,418,624,594,385,303,573,375,338,510,,360,363,373,335,521,363,457,339,339,367,582,659,576,322,321,659,509,349,,626,620,354,339,313
21-fev,246,282,242,143,559,359,382,352,447,425,336,651,401,399,572,606,392,299,562,372,338,475,,379,351,368,336,526,372,470,355,334,362,601,649,613,315,325,611,494,370,,616,621,336,314,297
22-fev,212,198,215,171,558,317,390,380,462,418,351,548,379,469,520,614,361,278,498,376,374,460,,434,329,393,315,474,350,574,376,345,332,566,679,560,310,323,564,501,411,,562,530,319,326,301
23-fev,218,171,221,184,562,283,332,465,486,418,360,475,391,495,455,610,340,274,454,394,442,555,,412,312,454,376,428,384,499,399,339,379,522,675,480,312,315,531,388,458,,526,466,321,325,303
24-fev,226,180,233,187,531,241,297,484,484,424,371,417,401,447,524,669,339,293,372,399,407,592,,404,347,449,440,428,354,442,454,350,361,468,666,422,299,309,521,502,491,,507,459,351,349,384
25-fev,256,180,203,231,464,214,314,412,476,401,358,390,441,482,548,657,335,302,342,372,451,584,,434,400,432,453,390,348,419,474,352,350,475,610,422,294,306,581,454,503,,481,489,387,362,436
26-fev,234,156,193,194,400,221,295,370,495,398,352,370,524,476,615,580,379,326,320,348,409,547,,435,372,381,439,407,352,414,428,364,350,487,543,439,287,313,585,426,518,,471,459,427,342,480
27-fev,226,215,209,255,368,233,286,337,450,434,366,361,653,452,599,513,404,341,323,344,396,560,,386,392,358,406,427,379,444,432,371,344,503,479,423,296,311,597,404,551,,495,433,457,310,504
28-fev,216,169,197,214,339,246,278,319,437,425,333,356,700,480,590,478,415,373,344,405,410,612,,358,561,338,374,417,368,396,461,359,314,466,493,390,292,323,630,391,570,,518,720,490,295,481
29-fev,198,,,,321,,,,423,,,,734,,,,414,,,,403,,,,486,,,,364,,,,377,,,,286,,,,569,,,,455,,462
1-mar,170,179,174,180,280,257,283,333,355,401,342,357,699,461,587,454,393,491,376,453,403,,,520,456,358,358,426,427,382,548,399,493,453,485,379,288,333,594,412,564,,578,774,418,276,418
2-mar,158,173,167,166,260,234,296,320,343,364,362,361,667,478,617,436,370,563,355,414,520,,,808,442,371,367,444,571,366,682,431,554,419,517,359,288,330,534,404,539,,633,806,369,296,392
3-mar,154,159,177,153,238,218,280,331,356,343,386,417,638,483,608,417,372,529,378,418,592,,,800,454,429,388,418,598,376,713,409,563,422,570,375,297,351,459,413,534,,638,874,351,274,596
4-mar,150,173,193,148,223,223,292,338,356,398,398,416,607,468,631,425,361,480,419,432,599,,,879,411,409,381,377,572,344,649,415,542,466,530,376,359,329,429,408,469,,605,977,425,331,530
5-mar,143,154,181,187,212,241,378,328,346,436,407,388,574,425,645,442,339,586,376,402,589,,,893,379,487,343,367,552,341,646,444,634,445,468,384,343,329,501,385,418,,528,986,387,315,563
6-mar,141,157,186,283,208,233,370,330,324,425,380,434,590,449,673,474,322,557,382,375,564,,,821,364,504,325,359,551,360,655,415,657,454,513,390,321,308,441,368,379,,446,999,370,308,571
7-mar,144,148,184,255,203,220,375,310,309,375,387,410,586,449,650,517,312,527,386,438,571,,,780,434,508,315,346,566,342,565,436,580,480,458,361,324,299,693,353,444,,405,1000,352,301,517
8-mar,146,146,178,204,209,234,560,311,287,354,400,426,571,521,645,510,318,531,363,473,570,,,694,368,450,304,354,533,335,539,432,659,452,421,350,299,293,880,349,373,,389,1000,332,298,433
9-mar,151,144,178,198,211,224,565,359,281,367,369,438,531,497,679,540,373,528,338,494,507,,,625,374,395,319,368,487,332,521,431,696,489,410,342,287,290,780,349,414,,378,974,307,295,480
10-mar,153,142,171,202,212,247,550,356,280,383,341,452,484,474,706,528,367,511,369,524,452,,,610,397,360,293,343,439,332,459,546,715,422,385,432,295,306,824,350,454,,367,944,295,291,576
11-mar,166,132,173,202,215,291,564,321,300,336,329,445,460,429,710,492,343,473,414,481,412,,,592,376,342,289,435,417,341,386,527,734,481,364,467,299,330,778,354,577,,363,923,290,287,685
12-mar,162,145,175,196,210,292,583,295,287,318,326,394,441,388,717,462,324,433,413,445,404,,,572,396,335,287,402,400,355,385,464,719,408,372,595,298,316,662,358,650,,360,903,290,275,730
13-mar,171,163,162,189,219,248,541,274,284,306,322,433,409,366,707,512,317,389,471,381,405,,,526,419,328,285,403,394,355,379,428,697,486,374,570,287,300,531,365,622,,374,877,287,272,758
14-mar,168,148,196,167,243,210,465,264,282,317,306,468,408,343,713,560,300,359,394,341,432,,,471,448,326,282,378,366,361,384,413,903,476,375,527,362,348,448,355,647,,369,871,290,270,737
15-mar,157,144,231,172,222,185,443,260,307,318,300,530,423,344,721,579,290,344,335,324,492,,,460,523,336,282,352,348,357,377,408,969,465,368,474,326,357,412,365,672,,412,839,285,272,691
16-mar,168,152,238,179,216,174,462,252,332,338,316,500,437,392,732,557,286,368,333,315,630,,,512,457,405,287,342,392,363,369,374,945,446,362,398,362,338,404,384,665,,564,739,290,290,584
17-mar,169,137,321,164,193,168,569,248,312,361,312,395,434,518,710,524,283,560,306,314,744,,,586,482,368,309,335,421,371,388,353,934,452,351,372,331,332,401,384,575,,531,719,293,459,492
18-mar,159,132,345,163,177,164,559,247,321,370,300,385,413,541,680,531,292,533,313,308,761,,,619,471,414,309,320,450,392,386,366,922,453,340,363,316,312,400,384,507,,517,691,305,544,450
19-mar,162,132,345,147,172,164,543,263,317,319,280,341,402,547,675,541,288,531,328,318,732,,,567,483,371,302,315,497,396,396,354,867,447,342,387,321,299,416,454,449,,506,713,319,603,421
20-mar,159,129,338,151,173,168,528,266,305,302,272,313,381,503,730,553,292,501,351,318,725,,,537,440,416,323,311,511,365,422,346,736,473,406,426,323,292,421,427,406,,458,744,382,557,414
21-mar,152,141,320,139,221,183,464,273,291,287,273,300,381,462,714,572,314,440,338,328,694,,,532,372,430,373,316,517,353,435,357,680,434,394,418,324,294,442,419,404,,386,779,327,624,459
22-mar,155,137,268,137,236,181,389,282,337,284,276,294,393,406,695,481,317,392,322,309,642,,,609,369,410,420,317,572,353,450,395,670,471,456,407,306,296,456,382,432,,374,771,316,538,531
23-mar,168,142,238,140,215,180,391,293,343,281,282,289,358,362,666,462,305,369,318,300,560,,,729,336,431,415,326,537,339,455,537,672,443,480,406,289,302,449,354,426,,365,722,308,519,558
24-mar,162,130,197,232,207,176,361,311,350,282,271,284,336,342,739,430,313,362,333,305,482,,,736,409,434,368,338,506,344,442,485,666,427,504,391,281,344,462,337,416,,424,671,310,468,499
25-mar,160,144,175,219,187,178,355,287,395,308,262,282,325,332,730,399,314,343,314,303,427,,,664,398,432,341,427,470,345,520,464,635,420,489,367,276,359,443,341,409,,457,674,310,445,433
26-mar,150,147,165,215,183,198,351,276,522,373,259,294,324,325,756,391,318,323,312,318,395,,,517,387,393,363,444,422,357,683,448,618,414,460,440,272,370,446,343,386,,433,642,296,466,378
27-mar,151,160,163,212,209,192,309,288,512,394,267,301,335,340,757,378,323,319,310,330,371,,,455,387,361,352,396,383,362,716,420,579,495,425,484,270,378,455,330,368,473,452,609,306,428,358
28-mar,151,143,161,234,234,177,279,292,501,355,272,282,349,352,722,376,372,311,288,379,369,,,419,389,344,401,353,363,346,712,388,560,476,409,470,268,346,444,323,369,507,493,556,333,375,361
29-mar,150,200,159,185,276,164,273,278,485,318,262,275,367,358,660,372,362,314,280,349,365,,,419,475,340,373,339,397,353,634,376,535,483,390,428,268,322,414,318,381,553,515,536,342,333,393
30-mar,145,242,158,154,326,158,268,259,428,329,255,267,343,349,606,363,379,319,306,378,383,,,400,534,345,364,343,435,330,521,400,479,487,390,388,266,298,393,320,374,470,496,567,335,314,387
31-mar,139,265,158,150,332,154,256,250,355,453,255,264,441,327,554,353,383,302,296,385,367,,,389,547,432,358,336,380,316,451,403,454,505,359,353,266,292,422,320,364,442,452,579,305,303,383
1-abr,130,199,166,149,308,152,252,261,301,576,256,262,415,315,505,346,395,295,280,338,357,,,383,491,442,342,456,350,312,437,390,426,459,355,340,264,292,413,320,340,386,424,546,288,300,372
2-abr,133,183,191,136,303,154,265,276,276,551,261,260,408,307,467,351,401,294,276,449,355,,,372,422,466,340,527,348,316,416,371,412,435,348,383,265,299,380,314,334,359,450,509,281,302,354
3-abr,137,178,207,132,292,157,333,299,266,530,273,260,423,300,442,371,411,290,276,530,339,,,369,381,474,335,533,351,319,425,361,410,444,338,372,273,306,361,312,347,337,500,558,279,442,344
4-abr,140,169,237,127,412,160,321,342,262,482,262,266,504,296,422,387,418,296,277,543,352,,,370,346,482,308,552,338,325,438,339,408,443,349,376,294,307,370,310,379,317,537,674,275,660,332
5-abr,143,156,254,125,491,155,308,303,260,424,253,323,651,292,407,391,405,302,271,537,348,,,380,334,461,301,422,351,328,416,331,393,435,338,650,313,311,531,315,398,313,467,695,272,656,323
6-abr,142,153,264,123,462,151,306,290,252,392,249,394,641,289,396,371,373,327,264,526,346,,,383,340,434,295,377,361,321,395,326,383,414,328,734,350,358,611,316,390,309,419,717,270,820,317
7-abr,134,178,248,122,390,153,293,273,253,362,247,483,626,287,390,383,330,311,267,425,333,,,439,383,420,298,347,340,308,373,323,376,400,308,687,313,330,700,311,363,301,389,637,284,905,313
8-abr,130,161,206,118,364,153,285,244,248,329,243,440,608,286,387,416,310,311,262,349,322,,,509,473,412,319,344,317,304,353,313,376,400,320,621,293,316,680,349,338,306,384,572,283,943,309
9-abr,127,143,178,119,299,150,285,307,244,379,240,366,572,284,376,376,296,313,254,322,333,,,520,435,413,325,328,305,301,345,300,376,443,326,527,286,296,662,360,330,322,370,498,303,885,314
10-abr,124,134,159,121,251,164,304,320,250,526,238,318,539,281,369,340,290,383,250,348,360,,,475,394,455,325,324,341,296,350,300,356,450,319,441,290,291,589,353,328,306,350,466,302,852,316
11-abr,121,130,150,135,231,174,297,398,344,592,236,288,489,279,364,313,286,397,249,434,348,,,438,357,464,294,325,342,294,346,300,352,446,314,410,319,286,499,323,321,293,346,448,295,772,
12-abr,121,135,145,138,215,181,277,432,370,652,235,272,461,276,359,318,285,353,249,431,353,,,397,390,414,287,329,397,294,336,324,352,439,314,396,295,281,449,317,326,289,343,442,303,730,
13-abr,122,208,142,135,202,168,260,442,418,585,235,265,418,274,414,319,284,313,261,388,373,,,443,715,382,282,322,376,294,328,310,346,419,310,387,305,279,423,361,341,285,339,515,296,669,
14-abr,120,220,140,128,198,161,236,423,409,450,234,261,385,273,512,311,289,334,275,345,397,,,436,710,369,281,316,372,294,326,322,346,412,308,368,303,277,391,357,339,282,335,528,285,630,
15-abr,119,238,138,123,188,161,222,369,356,380,233,300,377,272,508,310,289,337,321,324,413,,,421,720,358,281,312,349,296,328,337,340,400,309,354,321,276,382,351,323,280,330,514,286,661,
16-abr,118,235,136,122,181,158,217,334,301,349,233,313,393,273,489,333,299,310,291,322,396,,,421,659,346,280,306,359,338,354,338,338,400,314,347,309,275,425,343,323,280,328,571,360,585,
17-abr,116,159,134,122,183,151,226,334,290,332,230,290,385,272,469,337,305,318,268,332,351,,,396,550,343,280,304,376,413,574,349,338,396,311,343,314,274,444,324,330,280,323,632,356,502,
18-abr,119,139,132,127,183,148,226,298,286,315,229,276,361,272,411,328,318,310,256,324,335,,,370,471,353,518,360,370,441,698,449,375,392,312,341,317,273,437,311,327,277,324,633,310,444,
19-abr,122,131,131,151,175,163,231,275,290,312,227,267,343,272,372,323,326,301,258,307,344,,,410,432,342,664,424,351,433,727,398,377,390,309,370,317,272,406,307,332,274,322,595,302,413,
20-abr,124,127,131,140,167,190,231,281,271,335,248,261,331,269,359,318,348,291,265,300,366,,,546,422,337,675,548,342,429,759,344,354,387,310,475,373,272,385,302,352,272,320,531,301,393,
21-abr,127,125,135,130,163,198,213,295,269,383,339,258,323,266,363,328,366,311,291,318,335,,,594,462,328,569,526,322,449,653,328,382,389,305,485,377,282,372,302,450,270,319,482,292,379,
22-abr,134,124,136,128,160,181,213,275,259,360,328,263,315,265,489,335,342,296,278,358,328,,,571,527,319,527,532,312,510,541,315,364,372,306,516,389,277,365,305,424,269,318,441,332,370,
23-abr,144,123,131,130,157,192,214,253,264,326,288,274,310,266,574,332,328,278,259,363,322,,,539,511,319,440,573,304,460,440,308,355,370,303,492,362,276,362,310,368,268,316,428,395,362,
24-abr,139,123,129,130,154,173,272,243,256,307,261,272,304,280,578,333,308,271,254,331,342,,,482,512,337,390,374,300,394,436,306,332,483,302,421,330,275,358,317,341,267,330,417,398,355,
25-abr,132,123,129,128,153,157,290,247,254,292,248,256,302,318,545,343,299,267,250,304,351,,,411,504,368,413,360,300,352,496,304,332,430,298,360,336,305,352,309,336,266,333,410,325,348,
26-abr,125,122,128,125,151,148,326,242,246,284,239,246,299,322,452,462,306,265,245,295,337,,,400,639,345,353,336,300,447,457,300,330,481,295,342,316,361,348,305,320,266,347,398,319,344,
27-abr,125,121,127,120,151,144,358,243,242,280,234,242,296,323,388,494,296,264,262,289,324,,,379,632,323,333,330,296,413,438,296,342,444,292,342,313,367,341,303,315,266,338,393,342,341,
28-abr,138,147,127,117,151,142,321,231,267,277,233,240,294,630,367,532,284,264,253,288,327,,,366,611,318,305,335,296,422,421,296,342,430,291,348,300,380,339,308,309,266,326,410,337,338,
29-abr,144,154,128,116,153,142,274,223,299,276,231,240,291,733,359,482,281,264,244,285,332,,,362,578,315,304,322,295,403,480,296,358,415,294,333,292,332,335,317,306,264,320,391,353,335,
30-abr,141,187,144,115,161,142,240,222,310,277,235,254,289,694,353,436,357,266,240,298,326,,,349,605,310,319,325,296,337,532,296,344,408,297,327,289,310,330,305,315,264,318,538,402,331,
1-mai,195,216,172,114,157,139,222,255,291,290,251,257,290,601,345,391,381,269,240,305,313,,,343,619,320,334,364,293,319,518,296,344,404,303,324,324,303,328,303,438,262,322,515,459,327,
2-mai,187,224,149,114,150,139,212,351,273,290,280,333,292,485,338,364,413,276,238,343,310,,,338,710,333,296,313,292,312,474,294,345,404,306,327,363,300,326,302,477,260,323,528,395,323,
3-mai,176,555,142,122,146,162,207,351,269,282,260,303,299,407,334,352,361,286,238,400,325,,,337,741,333,293,309,288,309,426,291,349,404,305,335,382,295,324,300,450,261,318,515,342,317,
4-mai,163,697,147,139,144,168,203,296,261,293,246,314,300,374,330,339,349,271,238,464,319,,,333,813,333,289,305,286,304,400,289,337,394,304,358,345,289,320,299,428,265,335,480,320,313,
5-mai,155,675,135,151,143,184,200,259,250,296,240,301,297,349,327,321,348,266,236,385,316,,,355,786,333,286,305,286,304,400,286,330,390,306,379,321,284,320,292,364,271,330,426,312,318,
6-mai,145,683,133,162,143,181,197,246,235,286,236,351,294,340,324,313,325,263,239,365,314,,,368,805,314,284,341,286,297,400,286,330,390,307,380,317,281,319,288,343,280,335,405,301,370,
7-mai,133,595,180,158,144,169,195,238,230,301,232,352,289,330,321,309,299,259,244,369,300,,,367,800,331,282,340,283,294,388,301,322,390,322,382,363,279,317,283,335,280,329,393,288,362,
8-mai,129,451,412,141,146,161,194,234,227,377,229,314,286,312,319,305,302,256,248,382,290,,,361,742,334,280,346,282,293,370,345,320,391,312,363,390,276,318,275,327,275,324,382,287,347,
9-mai,126,343,479,133,148,159,193,231,241,418,229,327,283,302,318,303,290,266,253,460,283,,,345,645,319,280,335,282,292,360,354,310,389,316,337,411,274,318,289,325,280,331,377,285,327,
10-mai,174,274,460,129,152,165,191,226,291,475,227,311,333,297,316,300,283,279,255,459,278,,,337,559,308,278,320,288,291,350,356,309,389,317,327,365,276,316,297,324,269,342,371,280,315,
11-mai,221,237,414,125,149,176,189,222,330,391,225,289,455,293,314,308,280,304,256,451,276,,,332,499,303,276,317,290,290,342,351,309,389,333,323,328,276,313,301,323,266,336,367,278,309,
12-mai,202,204,330,123,145,171,222,217,307,331,224,273,509,289,312,321,298,335,261,382,276,,,326,462,333,277,313,294,288,338,315,304,394,315,320,312,276,310,297,321,265,325,361,289,302,
13-mai,179,190,247,121,144,165,245,213,276,317,224,265,480,288,311,331,423,301,268,338,272,,,327,441,333,277,310,294,288,334,304,304,404,302,319,366,274,310,292,329,264,317,359,347,302,
14-mai,151,184,202,119,140,158,321,210,258,300,223,263,418,285,310,326,374,275,273,321,270,,,377,713,308,273,306,292,304,336,298,304,413,296,315,401,272,310,290,339,263,312,356,458,300,
15-mai,143,181,183,117,137,149,299,208,244,284,221,256,341,284,308,339,379,268,340,379,272,,,409,707,352,311,333,293,311,368,295,304,418,291,314,462,270,310,289,341,266,311,355,536,300,
16-mai,143,173,172,115,135,144,246,208,237,279,220,250,325,284,304,341,369,264,395,500,270,,,406,712,414,293,298,304,336,441,290,302,415,290,312,429,268,310,288,345,269,310,353,497,303,
17-mai,142,167,166,114,133,141,217,209,294,305,225,247,323,287,304,405,326,261,333,545,265,,,389,700,376,284,296,312,352,411,290,315,402,290,310,375,266,310,286,378,273,308,350,452,312,
18-mai,142,162,161,113,131,139,205,211,554,357,242,245,322,301,307,453,306,260,288,520,291,,,358,636,336,281,295,415,328,421,282,334,418,290,310,363,266,309,283,464,283,331,350,409,319,
19-mai,142,159,159,113,131,138,215,210,719,327,266,242,312,291,335,482,296,263,271,485,339,,,336,572,318,278,294,461,314,371,282,332,406,290,307,336,265,308,286,381,271,329,348,359,315,
20-mai,135,156,163,113,131,138,274,209,826,293,281,240,304,285,354,519,290,278,266,417,344,,,324,552,316,324,294,588,306,348,282,317,396,292,305,323,264,314,286,363,265,364,347,338,313,
21-mai,133,154,183,114,130,138,274,209,786,279,274,238,426,278,368,559,285,288,262,361,334,,,322,556,310,345,292,598,301,340,284,309,392,337,304,319,265,330,291,335,263,364,345,317,300,
22-mai,132,160,238,114,132,165,293,206,762,270,261,238,560,280,346,626,281,295,277,368,318,,,321,531,333,483,290,616,336,338,285,304,404,404,303,314,276,389,322,324,261,329,343,311,296,
23-mai,131,162,252,111,146,199,264,203,709,267,275,239,581,279,375,667,279,297,299,397,304,,,336,500,333,546,289,552,419,334,285,304,419,422,306,341,285,429,450,316,259,318,340,301,293,
24-mai,130,165,219,110,164,232,213,199,624,265,258,238,531,274,599,703,274,305,277,371,305,,,357,542,294,546,288,502,440,329,285,302,431,371,336,426,307,430,496,311,258,319,337,327,290,
25-mai,127,159,188,109,277,192,200,197,533,265,247,239,431,272,631,661,271,291,272,337,370,,,340,514,293,462,288,418,390,327,285,302,440,335,388,516,469,378,446,308,256,351,333,395,290,
26-mai,124,158,171,109,338,174,228,195,461,265,245,240,373,270,635,631,269,273,274,329,400,,,326,548,290,406,284,428,343,324,285,300,434,312,389,555,480,352,365,306,256,374,331,441,290,
27-mai,123,154,163,113,316,158,312,192,408,263,266,238,345,268,602,593,268,264,283,320,388,,,318,517,290,400,284,378,319,321,285,300,424,304,346,535,505,335,331,305,303,371,330,386,290,
28-mai,122,150,157,116,261,150,372,192,359,261,267,236,328,268,541,522,267,261,274,311,360,,,313,460,290,523,284,369,316,511,285,298,416,300,323,507,458,327,313,305,277,350,330,344,290,
29-mai,122,147,153,133,200,146,317,192,334,258,251,238,321,266,469,493,265,260,267,307,334,,,310,415,289,531,284,353,309,519,285,317,410,295,315,433,378,321,307,332,275,330,330,363,287,
30-mai,123,147,149,145,174,142,264,191,352,259,257,247,312,265,444,510,265,263,547,305,315,,,308,469,288,499,284,333,304,518,283,320,409,290,312,376,320,317,305,357,273,318,330,377,284,
31-mai,123,174,146,135,159,139,233,192,441,279,267,276,304,264,407,602,264,258,620,303,317,,,306,566,288,457,284,325,304,603,283,309,404,290,310,355,302,313,301,402,270,313,328,334,282,
1-jun,123,151,144,121,150,138,213,192,383,290,300,277,329,262,365,643,269,253,631,301,321,,,302,500,292,405,282,318,304,557,283,300,316,290,307,341,297,310,299,380,276,310,326,321,282,
2-jun,122,150,142,117,145,136,212,192,355,310,291,251,331,263,353,656,276,254,607,299,320,,,302,519,333,395,282,315,304,496,281,300,312,290,304,336,295,309,296,345,274,310,324,307,298,
3-jun,121,147,140,114,142,136,301,192,321,328,261,238,321,320,339,642,270,256,523,296,305,,,302,514,312,415,282,312,300,435,281,298,302,290,305,347,298,308,294,328,273,310,324,302,359,
4-jun,120,144,138,113,140,139,385,192,398,334,249,235,321,380,342,500,266,261,379,295,296,,,323,479,307,372,282,311,312,393,281,298,300,289,344,384,350,306,293,322,271,310,322,301,419,
5-jun,120,143,138,111,139,148,424,193,286,313,242,234,310,414,401,483,263,285,349,291,293,,,363,450,366,334,281,308,327,369,281,298,297,285,446,401,342,306,291,320,267,314,320,356,401,
6-jun,120,143,137,110,137,152,424,197,281,327,239,232,299,419,484,457,262,271,334,373,293,,,363,427,375,310,280,308,368,356,281,300,294,284,442,370,306,306,292,320,264,320,320,409,338,
7-jun,119,141,136,110,137,144,384,196,292,291,237,231,294,522,467,496,262,257,314,394,289,,,383,396,418,309,279,306,346,348,280,300,294,285,424,338,289,306,292,318,264,319,320,509,310,
8-jun,118,139,136,110,135,139,329,194,336,274,234,230,290,580,426,478,263,254,294,426,286,,,316,380,360,306,276,306,343,346,280,298,294,282,398,326,285,306,292,315,262,315,320,498,298,
9-jun,117,137,136,110,133,136,278,194,314,261,237,230,286,517,373,492,266,249,297,404,284,,,347,375,320,304,272,304,348,341,280,292,315,282,358,319,282,305,292,309,261,309,324,482,288,
10-jun,117,136,135,111,133,134,255,192,286,256,271,230,283,467,344,494,267,250,280,356,283,,,337,529,317,304,272,300,309,336,279,288,337,280,338,318,279,303,290,308,259,303,344,430,284,
11-jun,119,134,134,113,132,133,245,191,276,253,280,230,281,395,336,471,266,250,273,315,282,,,322,523,329,303,272,298,307,339,278,282,312,280,331,348,278,302,289,308,264,302,387,370,284,
12-jun,119,133,134,116,132,145,247,190,268,252,260,231,280,329,352,460,264,249,268,302,281,,,314,566,325,318,273,295,328,354,278,282,297,280,318,486,276,307,285,306,273,300,387,350,286,
13-jun,118,131,133,125,131,142,287,189,265,251,261,229,280,311,537,442,265,247,265,297,279,,,310,545,316,296,272,292,348,348,278,280,291,280,311,573,276,313,282,304,279,297,371,338,295,
14-jun,117,131,133,143,131,138,306,187,263,250,266,226,280,304,532,400,263,247,262,306,278,,,310,473,307,296,272,292,416,344,281,279,288,280,308,526,276,319,282,303,277,295,335,329,289,
15-jun,117,132,133,203,130,142,282,185,262,265,265,225,282,300,538,386,262,248,259,318,276,,,300,427,318,296,272,292,585,338,284,279,286,280,306,439,275,309,282,302,278,294,327,318,289,
16-jun,116,143,132,185,130,142,249,185,261,332,263,225,285,298,719,371,261,251,257,346,277,,,300,397,333,333,272,290,650,333,284,278,285,285,304,379,276,304,282,301,312,292,323,310,470,
17-jun,114,155,135,154,130,141,235,183,257,349,239,226,282,295,645,366,259,250,255,362,277,,,300,377,333,296,272,289,568,329,284,278,287,285,302,356,276,301,280,306,298,290,319,305,642,
18-jun,114,153,134,142,130,148,224,182,253,379,231,226,279,296,590,356,256,248,254,372,275,,,300,363,333,295,272,286,586,326,282,278,297,286,300,349,274,300,280,304,332,289,317,302,612,
19-jun,113,143,134,144,130,163,230,181,249,345,228,225,276,302,540,352,256,247,251,330,272,,,300,354,296,289,272,286,535,333,282,278,321,286,299,337,276,300,280,302,300,288,314,302,570,
20-jun,113,138,132,155,134,176,235,179,245,295,227,224,273,291,509,346,254,246,251,306,270,,,300,348,290,286,280,286,492,342,300,278,314,284,298,325,378,298,280,300,282,287,313,356,511,
21-jun,113,133,129,198,140,188,257,179,242,266,225,223,270,287,471,341,253,245,249,296,270,,,300,345,288,312,280,286,457,347,307,280,306,282,296,319,466,298,280,296,271,286,311,584,427,
22-jun,113,132,128,207,135,165,329,180,238,285,225,221,270,284,463,337,252,245,249,291,268,,,300,342,286,376,280,286,404,335,314,288,303,282,296,315,564,295,280,296,266,284,309,817,376,
23-jun,113,132,128,187,131,147,371,187,236,308,225,220,270,283,447,332,249,244,247,288,267,,,366,340,286,444,279,288,386,329,307,288,299,280,296,313,504,294,277,296,264,284,308,787,355,
24-jun,115,130,132,154,130,143,359,207,231,369,225,219,269,281,425,328,250,243,246,286,268,,,421,340,286,392,280,290,349,332,297,286,295,279,294,310,428,294,275,296,273,284,307,814,338,
25-jun,119,129,143,144,130,159,309,257,230,343,224,217,269,280,412,335,250,245,245,284,276,,,402,338,286,387,278,290,333,346,295,283,293,279,293,312,351,293,274,296,284,284,306,806,329,
26-jun,119,128,147,136,130,178,267,230,229,318,221,217,312,280,390,334,250,244,243,280,270,,,358,337,286,377,278,290,326,344,286,280,291,279,292,315,318,292,274,296,294,282,306,783,463,
27-jun,119,125,150,128,130,187,258,204,228,290,219,219,336,281,370,333,250,244,243,279,275,,,330,334,286,394,273,290,322,338,293,277,291,279,290,326,306,293,274,296,287,280,304,720,594,
28-jun,118,124,140,128,130,177,268,195,225,271,218,219,343,275,353,335,251,241,244,279,272,,,318,327,286,355,274,288,322,329,285,277,290,278,290,423,300,292,274,296,282,278,302,495,630,
29-jun,117,123,134,122,129,158,262,189,226,261,216,220,306,273,437,334,251,241,243,278,268,,,320,326,286,319,276,286,324,323,281,276,290,276,286,357,347,292,274,294,275,278,305,446,627,
30-jun,116,125,131,121,129,148,234,187,228,255,215,219,286,270,431,332,249,240,242,277,266,,,338,326,286,306,276,288,327,328,281,274,288,274,288,351,365,290,274,294,269,278,309,418,569,
1-jul,117,128,130,121,129,143,222,191,230,251,215,216,277,270,446,326,250,284,241,275,265,,,329,328,284,319,290,290,321,315,277,272,287,275,288,340,351,290,274,291,266,278,315,396,532,
2-jul,116,134,129,122,129,154,209,202,228,249,215,216,271,268,496,324,250,386,238,273,262,,,312,326,284,298,320,289,320,313,279,272,286,276,287,337,325,292,274,290,266,277,328,384,673,
3-jul,116,136,129,132,129,222,203,224,228,245,213,216,278,267,546,319,250,481,237,273,259,,,300,326,284,318,287,287,319,311,280,272,285,274,286,315,306,296,273,289,262,276,328,379,653,
4-jul,115,134,130,172,129,277,199,260,227,243,213,221,281,266,505,315,253,436,238,271,258,,,300,326,284,304,276,287,315,309,278,274,284,271,285,307,300,301,272,286,266,276,324,374,646,
5-jul,114,129,130,192,128,248,196,299,227,241,213,254,275,266,436,312,254,365,238,269,256,,,300,324,284,298,271,285,312,308,278,278,282,271,284,304,292,304,272,284,268,275,316,364,563,
6-jul,113,125,130,203,128,199,195,297,225,239,211,267,272,264,373,310,255,362,239,269,256,,,300,323,280,297,269,286,310,306,278,276,280,270,284,302,290,297,272,283,270,274,312,352,468,
7-jul,113,125,129,205,128,180,193,249,223,237,211,249,270,262,361,308,257,358,239,269,257,,,300,329,281,295,268,284,304,304,283,274,278,270,292,302,286,293,270,282,265,272,310,345,411,
8-jul,113,124,130,181,131,161,193,223,222,237,210,231,267,261,348,303,256,355,237,268,256,,,300,333,274,293,268,284,304,302,282,274,278,272,296,305,285,290,268,280,259,270,307,357,372,
9-jul,112,123,130,153,136,150,191,206,224,236,209,224,264,259,342,300,256,318,239,266,257,,,300,326,278,290,274,280,304,306,282,270,278,274,295,340,284,288,268,280,258,270,305,379,358,
10-jul,112,124,131,140,190,145,189,195,242,234,208,220,262,259,338,298,258,286,237,266,260,,,300,320,284,288,282,279,298,322,282,268,276,274,307,367,284,286,267,280,256,270,303,381,342,
11-jul,113,125,134,134,182,141,189,190,280,233,209,220,262,258,334,297,258,274,236,264,258,,,300,318,282,288,290,278,296,324,281,268,277,277,325,455,282,286,267,280,268,270,302,360,332,
12-jul,113,126,132,130,152,139,187,187,279,232,209,219,262,259,331,295,259,267,233,263,255,,,300,316,282,287,288,278,294,318,277,266,315,276,332,401,280,285,270,278,276,270,301,348,324,
13-jul,113,125,130,127,145,137,185,184,248,231,208,218,263,260,334,295,260,263,233,262,254,,,365,316,282,286,284,278,294,309,274,266,318,277,322,420,280,284,270,277,307,271,297,341,319,
14-jul,112,125,129,124,141,135,185,184,232,230,207,216,262,259,335,293,260,260,232,261,252,,,370,306,282,286,280,276,292,307,272,266,327,274,307,412,278,282,272,276,302,279,295,335,314,
15-jul,112,125,129,122,139,134,184,183,225,229,207,216,258,256,347,292,260,258,231,260,254,,,396,301,282,283,273,276,292,308,270,267,307,274,299,361,277,280,274,276,277,287,294,330,311,
16-jul,114,124,130,121,142,132,183,185,218,231,207,215,255,255,346,294,258,257,231,258,252,,,366,300,284,282,270,274,290,308,268,266,292,274,294,335,276,280,279,276,269,299,292,325,309,
17-jul,111,122,125,119,148,131,182,199,216,239,209,216,254,253,334,299,259,254,231,257,254,,,337,300,282,281,267,274,286,309,268,270,286,274,290,324,278,278,279,274,265,300,292,321,305,
18-jul,111,120,122,118,157,130,181,237,216,237,230,218,255,252,366,315,257,250,231,255,251,,,312,304,282,280,266,272,286,306,268,271,283,273,289,362,286,278,299,272,262,296,292,319,304,
19-jul,110,118,120,118,149,130,185,279,213,238,237,218,254,252,396,342,256,250,231,254,251,,,302,321,282,278,265,282,288,304,270,272,279,273,287,374,294,278,302,272,260,290,290,318,301,
20-jul,110,117,119,117,141,130,215,243,212,233,254,216,253,254,424,366,257,249,234,254,251,,,300,333,282,277,265,271,288,304,268,272,276,270,286,421,307,278,304,271,258,290,290,316,299,
21-jul,110,117,118,116,133,132,224,210,209,231,263,219,251,255,428,399,258,248,239,254,251,,,300,333,282,274,266,270,288,304,268,272,274,270,283,388,326,276,288,270,256,290,290,315,296,
22-jul,110,115,117,115,128,132,211,199,207,230,235,238,250,256,401,366,260,246,248,255,250,,,300,333,274,270,266,267,288,304,268,276,275,335,280,435,306,276,280,271,255,290,291,313,299,
23-jul,109,114,117,114,125,131,198,195,205,227,222,237,250,257,348,345,260,246,265,255,249,,,300,333,272,292,264,269,290,295,268,283,286,473,280,407,291,276,278,270,261,286,297,311,306,
24-jul,109,114,116,113,123,131,188,193,205,226,216,313,250,258,325,329,262,245,258,254,250,,,300,333,271,323,264,268,292,294,266,300,285,546,279,342,292,276,279,270,261,281,300,310,303,
25-jul,109,114,116,113,123,131,185,191,204,226,213,360,249,258,315,318,261,244,245,252,249,,,300,333,269,353,266,268,290,290,266,310,289,486,278,315,282,276,301,270,273,280,300,308,295,
26-jul,109,113,115,113,123,131,184,190,204,226,213,378,247,257,310,309,260,244,240,250,249,,,300,333,268,271,266,267,288,287,264,296,285,427,276,307,280,274,321,270,311,277,299,306,290,
27-jul,109,114,115,125,123,131,183,189,202,227,219,311,245,257,306,300,260,242,237,250,249,,,300,333,268,295,264,268,288,286,260,288,279,348,275,301,280,274,359,270,322,275,297,303,290,
28-jul,108,112,114,177,122,130,181,189,201,226,217,261,242,257,303,298,259,241,236,250,250,,,300,333,266,290,263,270,284,286,260,283,283,309,275,299,280,274,334,270,300,272,293,302,290,
29-jul,107,111,114,272,121,129,179,187,207,223,211,239,241,257,300,300,259,241,235,248,252,,,300,333,266,285,261,271,281,286,260,277,305,298,274,297,280,272,302,268,279,270,289,302,290,
30-jul,107,110,114,262,121,129,176,186,205,220,208,231,267,256,302,306,259,241,233,249,251,,,300,333,275,281,258,278,280,286,260,276,298,294,274,296,279,272,287,268,273,270,286,300,288,
31-jul,107,110,113,278,121,130,174,185,200,216,206,223,294,256,303,300,259,241,247,247,250,,,300,315,284,274,258,292,279,284,260,272,289,291,272,297,277,274,283,267,267,268,287,297,285,
1-ago,107,110,112,291,119,129,173,185,199,216,204,220,303,256,305,300,257,244,293,243,249,,,262,294,,271,256,284,279,284,258,274,283,289,272,299,274,274,280,266,265,267,291,293,283,
2-ago,107,110,112,277,119,129,172,185,198,214,203,217,284,255,303,299,259,262,322,243,247,,,262,294,,270,254,274,278,284,258,274,279,288,271,298,272,275,280,267,263,266,297,291,281,
3-ago,106,110,111,210,119,129,170,184,197,213,202,215,267,254,300,297,260,294,330,245,247,,,262,294,,267,254,271,278,286,258,288,275,287,270,298,270,275,279,270,259,266,296,289,280,
4-ago,107,110,111,179,118,128,168,183,195,213,201,214,258,252,304,297,259,292,282,248,246,,,262,294,,266,254,269,307,285,253,287,272,289,270,294,268,276,276,267,256,266,296,287,278,
5-ago,109,110,110,157,122,129,167,183,197,212,200,212,251,252,357,296,256,270,257,250,246,,,262,294,,266,258,267,385,356,253,282,270,290,270,293,266,277,274,277,255,266,296,286,276,
6-ago,110,110,109,151,128,131,166,183,200,213,199,211,248,251,401,295,251,255,244,255,246,,,262,294,,263,264,263,379,383,254,278,268,288,276,290,264,274,274,299,254,266,294,284,276,
7-ago,113,110,109,148,131,130,166,184,209,211,199,211,247,252,393,294,251,249,241,267,246,,,262,292,,262,264,264,345,390,254,278,266,285,328,287,262,272,274,286,254,266,295,282,274,
8-ago,117,110,109,135,127,128,168,183,223,209,198,210,248,252,346,292,248,246,237,280,246,,,262,290,,262,264,265,318,385,254,278,266,283,358,284,262,270,274,285,251,266,292,281,273,
9-ago,123,110,108,135,124,127,169,182,217,208,198,210,248,256,334,291,244,244,233,277,246,,,262,288,,262,263,265,303,383,254,270,266,280,349,282,262,268,272,326,247,268,290,280,269,
10-ago,128,110,108,140,122,125,169,182,208,208,198,208,247,269,328,290,240,242,230,266,245,,,262,288,,260,260,265,294,537,252,268,264,281,330,282,262,268,270,339,246,266,285,279,265,
11-ago,133,109,110,134,121,124,169,182,207,207,198,208,246,287,341,288,239,241,229,260,243,,,262,288,,268,256,263,286,613,250,268,262,280,320,284,262,266,269,315,246,264,284,277,264,
12-ago,150,108,110,130,123,123,169,184,222,208,197,209,246,286,349,285,238,243,230,257,242,,,262,319,,282,254,266,285,704,250,268,261,277,299,284,263,266,267,304,246,262,280,275,264,
13-ago,149,107,109,125,130,122,168,184,235,207,194,209,246,274,329,285,237,243,233,254,243,,,262,306,,287,254,271,284,657,250,266,260,276,289,283,263,266,266,290,246,262,280,273,264,
14-ago,138,106,108,123,143,123,167,183,233,205,196,211,249,266,312,284,235,242,240,253,243,,,250,311,,277,254,270,283,639,247,266,260,276,285,281,264,266,266,281,246,262,280,271,268,
15-ago,129,106,108,122,166,124,167,181,263,203,196,210,249,260,304,282,233,239,254,252,243,,,250,322,,269,254,268,283,554,244,265,259,274,286,279,264,264,266,275,245,262,278,268,266,
16-ago,122,106,108,121,161,124,167,180,327,204,195,211,249,257,298,280,234,238,263,250,240,,,250,333,,266,253,263,282,512,256,264,258,272,313,278,264,262,264,272,244,262,275,268,264,
17-ago,118,106,107,120,141,124,168,179,284,209,196,211,246,257,294,280,235,237,304,248,241,,,250,296,,263,252,262,276,466,256,264,258,270,317,276,264,260,264,269,245,262,271,268,263,
18-ago,117,106,107,118,128,123,171,178,239,207,199,211,244,257,294,279,235,238,330,248,240,,,250,292,,260,248,263,274,407,256,264,258,270,311,275,264,260,264,268,244,262,270,267,264,
19-ago,116,106,108,117,122,122,173,177,222,207,201,212,242,263,294,278,236,237,312,248,239,,,254,292,,260,252,262,272,371,256,280,257,268,298,274,262,260,264,266,248,260,269,266,264,
20-ago,114,105,108,116,120,121,165,177,234,205,203,214,242,262,310,277,235,237,280,247,238,,,254,294,,260,254,260,272,342,256,285,258,267,288,274,262,260,260,264,296,260,272,265,264,
21-ago,113,104,107,115,118,119,162,177,263,207,204,215,244,255,308,276,235,236,262,245,239,,,254,294,,258,254,261,296,336,256,288,258,267,283,273,260,260,260,262,404,258,281,263,264,
22-ago,113,104,107,115,117,119,161,176,247,206,204,210,245,251,300,276,236,235,250,244,237,,,260,294,,258,254,262,298,328,254,279,257,268,279,272,260,260,260,260,432,257,286,261,261,
23-ago,112,104,106,114,121,118,161,176,229,205,204,207,246,250,292,275,243,234,247,245,237,,,260,294,,258,254,264,291,326,254,270,256,268,276,272,260,261,260,258,472,256,284,259,259,
24-ago,112,104,106,114,133,118,158,176,214,209,205,206,248,250,294,274,278,233,252,245,238,,,260,294,,258,253,258,282,320,252,260,257,268,274,273,257,261,265,258,569,256,282,258,257,
25-ago,112,104,106,114,144,118,159,176,207,212,204,204,250,250,305,274,369,232,339,245,237,,,260,293,,258,250,263,280,318,252,258,259,268,272,274,256,261,261,258,569,254,280,257,255,
26-ago,113,103,107,113,157,119,158,176,205,216,204,242,250,250,293,273,335,230,350,242,236,,,260,289,,258,248,259,279,310,252,256,265,266,277,274,256,262,260,256,555,254,280,256,254,
27-ago,113,103,119,113,156,118,166,176,201,220,204,253,249,250,286,273,332,230,319,243,235,,,260,285,,258,246,256,276,309,252,256,275,266,280,273,258,267,258,256,531,254,279,257,254,
28-ago,113,104,127,126,145,119,173,175,199,218,203,283,253,250,285,271,332,230,288,243,236,,,259,283,,258,244,254,273,307,252,266,278,262,282,272,258,276,260,256,505,252,276,257,256,
29-ago,112,103,134,123,209,122,183,175,197,210,202,269,249,250,283,268,332,230,267,242,236,,,260,284,,256,244,255,271,305,252,265,289,260,279,272,258,281,262,256,445,252,273,259,256,
30-ago,111,103,136,110,216,122,196,175,194,210,202,242,244,249,283,267,316,230,253,243,236,,,260,282,,255,244,255,268,304,250,267,392,262,275,272,256,324,265,256,314,250,270,262,258,
31-ago,111,103,132,110,213,125,178,174,197,213,202,222,240,249,279,266,316,230,241,246,237,,,260,282,,256,244,256,265,304,250,278,342,272,274,271,256,312,268,258,295,250,267,262,256,
1-set,113,104,125,109,195,122,165,173,196,251,201,214,238,246,281,264,278,238,240,253,235,,,260,333,,254,244,259,263,301,250,417,300,294,273,270,256,299,268,258,282,250,265,261,256,
2-set,117,105,118,108,167,119,160,173,195,275,202,209,236,246,291,264,236,240,239,256,235,,,256,332,,254,244,259,262,297,250,412,280,282,273,268,258,302,266,256,276,250,264,258,257,
3-set,122,105,115,107,153,118,158,171,192,313,205,207,234,246,306,264,236,242,246,252,235,,,255,383,,254,244,260,262,296,249,399,273,275,273,266,261,322,264,256,273,250,263,256,272,
4-set,124,106,115,107,142,117,158,170,195,321,206,207,232,245,290,266,236,244,379,247,235,,,254,360,,256,244,264,262,296,248,340,265,271,272,265,266,427,263,254,271,248,263,255,314,
5-set,120,106,113,107,136,117,159,169,203,278,209,206,230,244,282,274,234,244,339,244,235,,,254,351,,256,244,289,262,316,248,333,263,270,270,264,268,373,260,253,272,248,261,254,322,
6-set,117,107,112,107,132,117,159,168,216,244,215,204,228,243,278,282,234,244,345,243,234,,,252,367,,256,244,340,262,337,248,316,260,269,268,262,264,318,257,250,288,246,261,253,295,
7-set,116,103,114,107,130,117,158,167,293,226,224,202,226,243,276,307,230,244,316,242,235,,,251,471,,256,243,424,262,357,248,306,261,268,266,260,260,292,256,249,301,246,261,251,278,
8-set,116,99,115,110,128,116,157,167,343,217,238,209,225,242,274,334,230,244,279,245,232,,,252,474,,254,242,387,262,486,262,389,260,266,266,259,258,299,256,250,295,247,260,249,266,
9-set,115,96,117,111,126,116,156,167,322,214,239,300,245,242,270,363,278,244,257,249,231,,,251,412,,252,242,351,261,714,262,375,259,264,303,258,256,356,256,250,290,249,269,247,260,
10-set,114,91,117,112,125,117,155,167,269,214,247,377,243,240,266,382,278,240,247,254,231,,,251,355,,252,241,334,260,639,264,366,256,264,314,258,256,328,255,256,278,248,289,246,259,
11-set,113,94,118,114,126,117,154,168,244,213,256,454,269,240,265,328,252,240,239,251,230,,,254,334,,252,240,370,260,632,267,356,255,264,339,258,254,327,253,259,270,246,313,246,254,
12-set,113,95,114,117,132,118,152,169,225,210,273,437,265,240,264,311,250,230,232,246,230,,,257,324,,251,243,375,260,555,266,346,254,262,333,258,252,322,252,258,269,244,316,246,249,
13-set,111,97,111,115,147,118,151,170,208,205,287,376,248,240,264,281,254,230,230,242,230,,,258,338,,250,246,330,259,472,265,308,253,262,316,258,263,302,250,281,267,245,299,246,246,
14-set,111,99,113,113,143,116,150,183,205,203,290,390,267,237,268,278,254,230,229,244,233,,,256,390,,250,246,299,258,441,262,229,256,262,299,258,281,287,249,282,264,250,285,246,246,
15-set,111,101,115,113,161,116,149,181,230,203,281,456,390,236,270,278,254,230,227,244,234,,,260,491,,276,246,285,258,398,262,232,260,265,289,260,275,285,248,269,263,251,276,245,245,
16-set,110,102,131,113,158,116,149,175,379,202,282,438,453,236,268,277,252,230,228,243,236,,,288,471,,274,245,277,258,362,262,236,260,266,289,264,266,279,251,265,261,260,271,244,242,
17-set,110,102,145,110,155,114,148,169,467,206,260,382,481,236,272,276,252,220,227,240,239,,,304,443,,274,244,272,259,333,274,232,262,267,297,262,266,274,252,259,259,259,267,242,247,
18-set,110,104,138,107,140,114,147,166,482,207,245,323,402,237,274,276,252,220,226,237,244,,,304,462,,269,242,268,261,325,272,230,267,267,301,262,265,274,262,256,258,255,265,242,253,
19-set,109,103,129,105,133,113,161,165,432,215,233,295,327,236,277,274,252,219,227,237,243,,,329,474,,263,244,267,261,320,272,293,261,269,299,262,262,273,263,256,261,249,265,244,266,
20-set,117,103,139,104,157,112,193,163,378,282,226,274,299,237,314,270,262,218,226,236,245,,,362,407,,253,266,265,260,320,262,293,257,267,289,263,259,274,259,256,268,246,261,244,266,
21-set,127,102,133,103,178,112,233,163,306,363,226,261,305,240,319,279,273,218,228,235,242,,,382,413,,255,262,263,269,318,262,283,257,264,279,262,258,276,256,257,283,244,260,258,259,
22-set,130,100,135,103,222,111,193,162,279,388,252,254,321,243,284,277,278,228,227,232,238,,,321,354,,250,262,264,283,314,263,274,263,264,273,260,258,278,258,263,282,244,260,387,253,
23-set,138,100,137,103,242,111,169,163,275,350,263,248,355,281,273,270,282,228,225,232,234,,,282,345,,247,256,265,294,310,282,268,276,265,270,261,256,281,256,271,362,242,262,437,251,
24-set,131,101,134,103,231,112,158,162,283,342,239,246,340,275,268,272,256,228,223,232,231,,,274,353,,244,255,261,289,304,284,266,300,283,267,260,256,297,256,275,348,245,280,374,250,
25-set,125,105,125,103,196,112,153,162,380,353,224,253,294,258,275,274,256,228,223,236,230,,,267,402,,244,250,261,282,304,281,265,297,316,264,258,266,283,255,265,335,254,291,318,250,
26-set,117,105,119,105,189,112,149,167,520,331,213,253,265,250,287,277,250,228,224,238,229,,,268,468,,243,252,261,275,304,266,272,393,321,272,258,361,293,252,259,310,276,292,292,250,
27-set,112,104,116,116,188,115,151,184,479,287,217,237,253,245,328,278,250,228,242,238,229,,,264,459,,243,248,268,286,304,254,267,592,295,331,258,443,291,250,256,284,317,282,298,250,
28-set,109,104,115,140,169,148,155,176,427,265,223,228,268,241,362,274,246,227,254,234,228,,,264,444,,244,248,279,284,304,254,270,628,278,399,256,430,285,250,256,272,342,275,303,247,
29-set,109,104,113,190,155,175,201,171,368,242,252,232,300,246,357,274,246,227,255,232,227,,,294,393,,244,248,269,286,307,252,270,590,270,393,258,383,296,250,256,263,345,267,294,245,
30-set,108,113,113,170,155,169,181,170,279,230,264,231,344,266,352,274,246,227,268,231,226,,,300,338,,247,252,266,281,334,250,272,554,266,372,266,309,301,253,256,257,349,263,274,245,
1-out,106,135,114,154,163,153,184,170,257,247,245,236,301,285,317,272,234,229,286,231,227,,,322,325,,250,262,263,273,386,249,273,426,266,353,275,351,315,254,254,254,363,280,268,286,
2-out,106,129,114,142,202,161,181,175,245,290,226,280,270,284,286,263,234,230,274,234,228,,,435,483,,258,268,264,269,386,248,271,345,264,327,292,401,301,254,275,252,381,306,267,310,
3-out,107,151,118,205,226,170,165,175,238,321,215,279,256,260,302,267,235,228,253,242,227,,,576,613,,266,259,263,265,335,248,267,322,270,294,280,403,330,253,284,252,409,306,263,324,
4-out,106,116,147,171,286,153,158,198,230,289,210,246,247,254,348,274,238,223,238,254,228,,,669,650,,290,250,273,260,322,246,265,323,265,282,274,358,352,250,375,252,463,305,258,331,
5-out,105,195,192,146,377,138,159,228,243,255,209,245,241,258,364,288,248,221,231,254,227,,,661,609,,290,246,271,256,311,246,273,322,268,276,272,320,363,249,343,251,415,298,258,395,
6-out,104,224,195,135,361,128,165,237,309,259,205,243,242,301,333,316,248,221,225,243,224,,,559,625,,279,247,269,256,306,244,291,323,266,280,271,298,330,247,319,263,348,280,274,443,
7-out,104,215,175,161,341,254,174,231,375,259,201,245,263,359,342,322,248,219,224,243,224,,,471,551,,258,246,262,256,304,244,285,321,264,351,265,286,343,246,337,271,314,272,268,403,
8-out,104,234,147,136,339,396,165,229,352,241,200,250,250,343,343,344,246,219,256,273,222,,,393,533,,249,293,262,256,304,244,281,316,264,338,259,280,330,246,331,309,312,274,259,333,
9-out,104,290,128,128,283,457,157,202,334,228,198,253,246,306,383,327,246,228,267,286,224,,,344,587,,246,404,267,256,354,244,272,306,271,390,257,282,310,253,302,330,328,271,255,288,
10-out,106,264,121,121,233,436,154,180,287,220,197,299,251,288,379,304,246,243,257,280,226,,,314,551,,240,333,262,268,349,244,265,307,269,452,254,292,325,256,282,335,322,273,256,268,
11-out,110,147,118,123,243,387,154,181,269,230,231,277,327,280,359,280,256,243,267,268,230,,,304,499,,239,360,268,265,342,244,262,312,264,668,265,284,323,251,277,318,303,296,326,265,
12-out,119,136,115,127,313,321,154,183,245,219,228,280,496,276,339,325,258,240,252,256,236,,,300,439,,238,320,271,255,375,242,262,324,263,619,272,282,305,250,282,304,282,357,318,267,
13-out,116,129,126,130,327,390,150,184,229,223,223,255,463,268,364,370,258,244,237,245,238,,,298,444,,238,287,281,253,358,242,261,319,262,567,279,283,298,256,293,283,272,355,340,265,
14-out,126,134,128,150,318,381,146,198,223,231,255,261,443,314,512,423,268,233,229,238,237,,,293,427,,243,274,264,249,352,244,262,351,259,478,291,274,297,262,297,290,269,320,281,288,
15-out,129,131,136,166,251,415,145,204,218,220,327,327,385,300,471,398,268,228,224,272,234,,,286,425,,245,269,263,248,340,242,262,337,265,370,284,267,290,275,278,294,265,332,273,353,
16-out,123,123,135,148,276,350,145,220,212,216,326,407,301,312,379,349,268,229,221,277,229,,,284,426,,245,275,265,250,329,240,265,336,260,320,278,265,285,273,269,277,263,395,355,346,
17-out,118,122,131,131,328,283,151,225,212,216,275,346,269,357,392,313,270,257,219,309,227,,,276,373,,242,479,256,250,345,240,266,312,269,304,282,274,280,269,265,294,275,470,395,335,
18-out,270,120,120,125,333,214,155,351,221,213,253,316,255,373,423,302,272,273,218,281,225,,,278,416,,242,595,253,250,355,244,265,298,262,297,287,282,280,266,259,277,285,419,424,300,
19-out,242,119,114,123,264,176,170,537,283,217,270,273,250,379,468,317,264,280,220,267,222,,,272,429,,242,664,251,262,323,249,262,334,276,292,310,334,285,262,260,306,288,351,381,279,
20-out,244,119,113,128,220,169,225,577,295,228,300,241,256,469,410,336,264,274,220,308,222,,,274,471,,241,661,251,275,314,260,262,343,279,292,327,351,294,258,273,385,285,320,354,269,
21-out,222,119,118,129,192,162,264,588,383,220,332,228,253,481,346,291,322,279,224,434,223,,,274,456,,241,685,260,286,308,258,261,445,278,288,350,351,292,256,275,421,273,296,355,265,
22-out,175,134,119,129,180,158,301,541,327,215,341,222,245,483,336,277,287,286,231,406,226,,,280,388,,252,668,266,293,305,254,261,615,271,339,322,336,284,259,271,424,267,281,314,277,
23-out,156,162,124,135,176,150,279,486,264,207,289,217,241,444,320,395,265,277,233,329,243,,,282,350,,264,564,272,302,298,254,255,583,262,388,305,353,285,255,269,415,275,276,289,298,
24-out,136,196,118,144,165,149,221,383,238,204,252,214,243,371,312,446,249,253,232,293,252,,,312,350,,333,454,300,287,292,252,266,480,268,424,301,347,282,259,263,391,282,275,290,343,
25-out,127,189,112,144,155,157,184,290,232,200,234,212,254,329,336,508,250,249,225,370,243,,,308,344,,328,380,292,285,290,251,267,375,269,397,370,348,272,317,259,420,331,277,279,310,
26-out,118,159,109,206,150,163,240,247,467,215,218,219,265,291,358,437,261,256,218,466,245,,,324,324,,313,335,286,330,290,253,274,332,260,342,451,342,269,327,255,397,315,291,282,284,
27-out,122,141,107,185,144,155,256,230,495,225,210,227,252,284,355,349,250,239,215,555,247,,,321,320,,330,320,306,355,305,258,291,312,256,385,478,295,268,342,251,467,294,290,292,304,
28-out,134,126,104,168,185,147,292,228,487,252,299,243,241,341,348,323,241,234,213,465,248,,,322,332,,355,312,324,341,309,264,350,301,254,426,412,290,270,305,248,488,278,291,282,290,
29-out,119,117,106,165,252,142,307,218,410,248,428,257,233,331,323,302,232,239,213,374,243,,,313,361,,419,344,317,315,357,315,331,297,256,464,336,289,274,285,246,459,263,290,268,290,
30-out,126,113,108,147,190,139,332,222,345,266,483,257,232,321,354,312,228,235,213,331,241,,,280,354,,413,386,310,302,362,346,319,308,264,444,304,314,270,269,244,402,257,282,262,284,
31-out,128,138,118,154,171,153,268,231,335,275,435,265,264,283,411,320,227,240,213,308,242,,,268,428,,411,433,294,287,390,332,309,316,283,380,288,324,270,259,249,443,262,257,256,276,
1-nov,124,143,119,157,154,213,249,243,300,270,385,335,265,269,383,337,229,250,213,288,281,,,262,,,339,421,284,276,388,295,275,312,279,367,300,333,306,257,256,409,330,263,253,276,
2-nov,117,134,126,153,151,579,213,236,287,273,355,445,275,285,358,325,227,266,217,277,316,,,267,,,316,,353,286,372,276,278,300,280,410,305,340,350,255,282,339,348,311,250,278,
3-nov,113,134,119,152,154,655,186,241,278,278,305,483,259,307,417,316,227,275,221,270,307,,,334,,,303,,359,287,351,271,285,297,279,380,315,311,339,257,327,279,355,317,257,329,
4-nov,110,139,113,148,152,615,169,265,260,288,350,435,245,381,467,344,235,310,226,272,288,,,359,,,291,300,367,278,335,267,283,306,293,373,309,307,344,255,305,281,320,287,264,407,
5-nov,110,133,117,140,177,491,163,255,264,282,510,387,243,401,457,320,258,343,218,279,261,,,315,,,279,292,346,278,321,283,286,318,340,342,305,381,349,256,304,288,300,273,255,455,
6-nov,106,123,114,131,169,427,166,281,386,264,548,349,243,410,484,296,291,298,216,267,249,,,283,,,273,289,307,320,312,350,285,332,434,318,315,449,322,253,301,296,462,272,254,345,
7-nov,105,125,123,124,162,329,159,305,424,259,509,298,267,413,562,277,302,264,214,259,239,,,319,,,270,283,290,315,304,464,283,323,392,304,325,431,527,259,295,400,505,279,293,298,
8-nov,103,150,115,119,176,255,156,386,424,311,448,283,454,354,530,270,279,249,213,254,229,,,337,,,290,279,300,269,298,344,282,300,321,295,314,383,540,266,291,426,486,292,323,282,
9-nov,103,194,123,116,256,214,156,425,381,341,366,443,716,315,500,277,277,237,240,274,227,,,386,,,282,277,327,278,298,303,286,373,291,290,298,337,626,261,310,409,520,307,304,276,
10-nov,102,201,122,116,355,201,153,440,306,280,342,495,689,288,469,297,296,229,300,355,229,,,380,,,273,277,330,280,316,281,284,388,280,285,288,327,496,265,319,367,430,297,324,273,
11-nov,105,207,114,113,383,204,149,417,267,257,384,509,669,288,382,325,318,224,305,335,228,,,370,,,266,302,409,272,331,278,274,390,295,281,452,371,516,281,299,343,297,278,317,267,
12-nov,105,268,109,132,422,240,151,386,246,257,431,466,592,340,431,402,345,222,415,339,230,,,357,,,260,297,388,264,363,276,270,425,409,279,514,465,469,401,295,324,301,278,305,256,
13-nov,105,328,105,167,383,252,165,339,269,244,430,408,440,318,464,369,335,219,416,321,230,,,352,,,255,323,409,277,379,271,292,705,376,295,444,541,377,400,295,315,288,276,307,259,
14-nov,107,315,104,238,412,372,172,305,271,322,363,340,352,286,478,369,399,220,360,301,230,,,344,,,272,314,330,268,367,266,318,872,338,334,443,459,347,384,284,342,282,333,310,306,
15-nov,122,303,103,228,446,453,195,268,285,411,308,291,316,275,498,372,378,219,305,419,233,,,361,,,285,315,320,267,358,264,330,902,377,353,400,405,316,380,270,322,285,554,301,275,
16-nov,116,233,103,262,632,385,187,244,319,368,276,282,303,291,504,341,318,216,258,448,232,,,348,,,298,315,330,280,351,264,332,900,432,342,345,342,296,347,259,298,400,635,280,279,
17-nov,114,179,102,255,751,358,164,228,516,398,295,284,293,273,517,313,276,215,241,502,233,,,334,,,335,317,345,294,337,264,325,873,377,311,456,307,287,345,256,289,426,579,268,289,
18-nov,119,169,102,186,778,464,153,219,529,493,260,299,280,261,491,287,264,212,241,416,242,,,317,,,353,311,336,352,319,258,313,835,312,303,440,307,290,335,256,284,408,517,265,338,
19-nov,118,222,103,172,747,513,149,224,498,488,259,323,272,262,447,281,332,212,253,328,241,,,313,,,525,314,313,371,307,250,306,750,289,326,508,337,287,304,256,287,383,424,259,365,
20-nov,118,215,105,174,692,529,145,259,480,450,254,374,267,275,431,379,336,211,249,289,255,,,283,,,533,309,300,421,304,248,276,672,282,348,526,458,289,294,256,281,360,353,258,337,
21-nov,109,275,114,163,582,459,215,268,455,422,250,371,272,275,403,412,318,211,242,272,255,,,276,,,467,290,352,311,304,248,272,616,278,376,461,540,287,328,256,281,463,319,248,317,
22-nov,105,424,113,152,448,377,362,262,419,399,289,323,283,296,371,496,293,213,235,264,246,,,270,,,400,281,351,355,294,246,272,520,277,341,387,466,279,366,256,287,407,317,250,386,
23-nov,101,422,106,128,370,309,392,297,347,390,289,298,324,297,376,525,312,214,234,259,240,,,266,,,329,268,338,315,293,246,262,512,292,306,324,474,284,361,,278,439,309,250,428,
24-nov,100,379,101,125,318,377,376,398,302,349,289,340,333,271,413,538,349,232,228,258,253,,,262,,,300,266,319,292,292,246,254,549,293,314,301,556,284,326,,304,437,326,266,458,
25-nov,100,342,101,138,285,706,304,469,305,461,310,387,369,257,405,463,334,257,228,272,240,,,265,,,289,266,293,298,292,246,275,528,300,315,292,633,323,308,,293,347,318,286,429,
26-nov,105,262,101,148,340,731,231,503,404,570,317,448,323,250,387,369,312,358,229,282,239,,,260,,,280,266,282,309,291,262,285,527,294,307,285,684,346,306,,279,318,299,339,373,
27-nov,108,219,154,141,327,770,202,510,376,613,491,484,301,246,369,323,299,399,228,283,249,,,262,,,280,295,275,316,293,284,288,449,289,357,299,684,337,309,,387,290,289,335,318,
28-nov,110,198,133,134,338,728,259,473,392,608,818,429,309,244,332,307,317,420,223,286,300,,,274,,,306,342,270,320,292,300,282,470,276,563,328,613,318,311,,379,275,281,281,303,
29-nov,114,180,146,123,294,638,255,434,400,586,793,363,338,242,317,302,326,360,231,268,297,,,333,,,368,342,268,348,307,289,284,482,275,523,312,475,308,292,,462,312,277,262,283,
30-nov,120,181,175,126,263,522,317,394,422,533,823,306,383,240,297,324,314,315,256,260,270,,,333,,,361,318,265,380,314,267,284,601,277,527,303,411,426,312,,466,334,274,268,271,
1-dez,125,170,172,126,249,392,284,452,447,556,835,279,346,242,306,370,391,270,265,249,246,,,333,,,390,304,262,579,321,260,378,625,279,568,295,414,381,309,,472,331,270,335,265,
2-dez,128,170,211,130,246,322,264,487,486,487,723,364,353,258,352,386,479,247,292,250,241,,,342,,,288,289,270,744,353,256,337,694,273,650,285,560,335,293,,384,316,269,451,260,
3-dez,142,159,229,135,320,290,320,483,451,448,530,451,422,283,366,354,532,237,288,250,243,,,342,,,284,302,294,827,390,250,294,622,287,579,291,529,306,283,,423,306,268,427,259,
4-dez,128,169,202,193,350,330,383,473,409,413,411,448,413,313,378,339,603,230,318,314,238,,,330,,,283,324,292,896,391,254,392,594,364,575,289,563,371,269,,452,299,267,370,260,
5-dez,134,144,163,290,376,342,474,516,409,371,371,409,382,315,410,321,568,226,305,327,240,,,313,,,365,347,313,984,446,253,473,709,403,509,281,620,382,279,,442,286,264,348,267,
6-dez,144,133,141,496,323,377,485,532,340,333,526,376,361,322,454,309,478,222,286,311,236,,,333,,,431,322,315,917,497,254,528,665,341,635,276,622,385,295,,537,280,263,311,259,
7-dez,171,128,124,491,353,408,484,475,290,314,684,366,317,332,530,295,521,220,265,293,229,,,354,,,555,301,304,951,486,256,430,658,305,591,297,753,399,320,,629,273,269,283,252,
8-dez,142,126,116,381,322,485,421,384,293,334,736,303,280,367,491,289,597,218,270,290,234,,,362,,,563,280,322,945,391,259,442,590,299,585,358,759,369,326,,616,,285,266,257,
9-dez,144,134,112,376,306,590,336,322,363,336,750,289,274,436,463,288,646,217,318,321,227,,,336,,,495,270,316,872,352,273,425,538,296,668,363,823,336,319,,562,,337,267,271,
10-dez,133,142,108,373,295,562,266,299,404,363,764,279,269,450,429,286,643,216,371,326,237,,,340,,,419,270,318,733,360,296,411,530,287,787,337,807,410,343,,595,274,346,283,290,
11-dez,133,152,106,356,293,518,234,294,370,382,745,282,266,411,397,312,524,214,409,342,247,,,317,,,389,276,315,658,388,305,393,514,321,719,306,708,506,350,,575,291,332,290,317,
12-dez,121,193,104,314,280,480,228,305,340,363,691,281,298,388,394,316,480,213,466,304,247,,,324,,,354,273,319,587,383,454,392,626,295,719,300,603,455,614,,579,285,372,283,397,
13-dez,122,190,103,276,252,422,251,280,315,350,603,284,307,349,619,306,441,217,456,308,252,,,346,,,329,347,342,564,344,428,315,623,304,689,300,552,415,569,,664,280,365,287,345,
14-dez,124,176,103,233,229,335,306,272,315,324,539,282,314,349,819,309,420,233,442,375,256,,,511,,,333,507,357,549,322,412,425,606,298,599,284,490,382,548,,692,317,322,318,314,
15-dez,122,166,114,228,201,296,369,267,293,284,494,294,311,356,929,343,408,267,461,334,240,,,469,,,314,479,332,565,321,391,646,580,296,483,271,436,386,582,,652,332,305,305,306,
16-dez,117,186,119,223,188,290,384,313,336,264,503,334,308,467,822,334,418,325,496,286,240,,,556,,,293,378,321,595,313,365,673,613,291,449,265,394,438,733,,619,293,311,380,340,
17-dez,112,179,119,221,197,348,392,343,417,254,511,363,282,506,755,317,416,314,455,278,237,,,598,,,290,374,298,573,312,362,677,613,291,420,281,379,452,690,,555,285,288,408,336,
18-dez,114,169,116,218,259,560,449,293,460,252,492,392,261,437,756,312,387,303,506,359,242,,,512,,,339,355,297,512,375,343,559,535,278,399,284,378,437,694,,517,288,277,512,319,
19-dez,121,168,108,222,328,682,485,264,424,294,450,411,259,402,719,317,369,287,549,480,240,,,491,,,365,353,320,455,386,327,544,467,272,380,302,365,383,656,,471,290,267,528,367,
20-dez,141,135,114,220,318,655,486,250,395,383,398,430,299,369,679,365,359,263,501,472,320,,,423,,,345,363,317,417,361,309,471,421,270,358,347,440,363,517,,412,282,264,494,339,
21-dez,225,139,120,162,420,585,591,246,408,531,355,474,426,349,597,371,315,258,449,425,442,,,463,,,355,436,333,391,346,290,457,405,269,346,420,455,369,424,,396,276,266,454,321,
22-dez,297,137,130,156,353,530,581,281,524,635,330,527,618,335,585,411,296,247,366,359,496,,,431,,,431,363,296,384,346,278,447,427,267,336,483,445,353,317,,397,270,290,356,309,
23-dez,388,136,151,150,263,454,521,370,737,739,316,541,687,438,722,396,286,239,327,338,412,,,426,,,473,405,284,377,330,273,443,488,263,346,531,477,378,341,,385,290,281,308,320,
24-dez,410,132,171,144,224,409,578,464,893,840,307,598,717,469,715,420,285,242,320,305,402,,,399,,,578,398,282,376,329,272,439,537,259,381,421,435,384,318,,384,290,283,293,338,
25-dez,421,162,160,140,197,530,763,487,918,870,311,625,710,467,739,436,290,241,341,281,447,,,362,,,459,364,312,376,318,272,563,478,255,387,418,402,369,316,,384,349,274,301,356,
26-dez,403,158,139,139,186,516,724,498,888,860,346,655,709,465,727,441,303,234,395,267,435,,,370,,,417,349,304,372,315,272,555,423,254,402,507,405,358,313,,385,388,282,289,328,
27-dez,429,135,122,139,177,556,701,485,861,786,369,716,707,464,665,375,335,228,419,270,423,,,502,,,390,323,281,370,336,272,530,494,254,378,438,432,375,310,,385,419,285,281,309,
28-dez,400,126,114,138,173,580,650,510,875,640,408,725,663,497,567,343,362,229,382,295,495,,,610,,,415,310,284,355,344,260,481,623,259,339,396,405,367,305,,530,409,286,269,281,
29-dez,362,120,114,136,176,621,575,520,872,546,371,709,600,628,498,320,410,224,357,342,518,,,571,,,411,297,284,352,370,260,456,667,260,388,408,372,538,335,,539,400,280,266,278,
30-dez,319,118,114,137,189,666,573,583,803,504,329,639,577,618,521,330,424,218,335,370,462,,,647,,,491,286,338,357,407,258,442,700,270,375,432,350,503,328,,648,397,309,274,288,
31-dez,305,119,119,141,190,721,635,591,752,480,312,672,510,629,559,332,399,219,317,414,375,,,565,,,494,286,345,348,409,258,442,701,268,396,489,346,482,330,,653,399,356,320,352,
