DIA,1965,1966,1967,1968,1969,1970,1971,1972,1973,1974,1975,1976,1977,1978,1979,1980,1981,1982,1983,1984,1985,1986,1987,1988,1989,1990,1991,1992,1993,1994,1995,1996,1997,1998,1999,2000,2001,2002,2003,2004,2005,2006,2007,2008,2009,2010,2011,2012,2013
1-jan,,193,129,240,345,279,161,186,387,366,375,385,406,390,453,415,384,424,431,472,437,286,379,421,426,370,365,366,480,333,398,385,391,375,420,284,350,451,285,281,305,317,356,303,256,364,188,238,186
2-jan,,198,126,236,358,277,157,182,389,370,382,392,410,392,459,416,387,425,430,469,438,284,376,424,424,369,363,365,478,335,413,387,405,372,418,281,346,452,289,286,306,321,358,305,268,365,206,239,184
3-jan,,206,126,211,367,274,161,179,390,373,393,402,415,394,462,417,393,427,429,467,440,282,377,428,427,369,361,364,475,336,435,387,427,366,412,278,341,454,295,292,307,327,356,306,277,366,218,240,185
4-jan,,214,128,193,376,273,166,178,390,377,401,406,417,397,464,417,395,427,428,466,443,285,376,432,421,367,362,368,474,337,456,390,437,362,406,274,333,455,299,300,311,337,354,304,279,362,231,235,188
5-jan,,220,132,175,386,266,174,177,390,379,410,406,422,401,466,418,398,423,430,466,446,288,376,440,424,370,362,370,473,345,467,391,443,358,406,270,327,458,306,313,315,345,351,311,280,360,239,229,191
6-jan,,235,137,165,395,256,182,174,391,383,419,407,425,405,468,420,409,420,432,467,449,293,374,447,423,370,381,372,472,354,473,394,447,354,405,271,321,461,314,326,321,349,349,312,277,361,248,222,197
7-jan,,240,143,159,404,230,192,183,392,384,427,411,425,416,469,420,424,418,434,468,451,300,372,453,422,370,395,378,472,359,481,395,448,348,404,273,316,464,321,339,324,354,348,310,266,364,254,214,200
8-jan,,248,143,154,410,209,201,187,393,387,434,415,423,421,475,421,436,416,434,470,451,308,370,458,422,372,406,380,471,362,485,396,446,343,399,272,310,463,326,349,327,362,349,319,254,364,260,211,199
9-jan,,260,145,154,410,200,208,191,395,389,437,418,422,428,480,421,445,415,434,470,452,318,369,461,429,376,406,380,471,364,490,396,452,334,395,268,309,460,327,360,332,377,352,324,244,367,264,222,196
10-jan,,278,150,154,408,198,215,196,397,392,438,416,421,434,487,423,450,416,434,470,454,326,367,469,434,383,407,380,470,365,499,398,447,327,389,266,306,459,327,369,336,388,358,334,222,369,270,226,206
11-jan,,280,158,159,404,195,226,197,398,396,436,418,423,440,496,431,451,416,436,467,456,333,365,478,436,393,409,378,469,370,502,399,443,323,390,263,306,458,327,373,339,393,363,346,204,372,265,231,224
12-jan,,286,171,163,399,199,232,203,398,399,434,419,425,455,509,437,454,417,437,465,456,339,363,486,436,400,411,380,469,377,502,400,439,316,389,260,308,457,327,376,345,396,368,356,184,378,263,242,224
13-jan,,302,184,166,398,203,236,209,398,403,430,420,430,465,522,441,453,420,443,465,455,343,361,495,438,411,417,379,470,381,504,401,436,312,385,259,316,460,328,378,350,397,372,362,173,380,266,255,226
14-jan,,308,196,170,396,211,236,215,398,407,428,418,441,472,531,448,453,422,450,463,453,347,357,507,438,416,426,381,471,385,508,403,442,310,382,258,323,463,328,381,354,399,378,369,169,382,269,263,232
15-jan,,302,198,174,395,222,236,218,397,413,428,417,452,481,540,455,453,425,457,461,452,349,355,519,439,421,433,388,471,389,512,406,448,309,382,256,330,467,328,387,355,401,401,374,165,385,274,273,239
16-jan,,302,202,189,398,230,233,220,396,426,425,417,457,489,540,458,452,429,462,459,451,351,354,522,438,427,440,396,472,392,515,412,453,308,380,252,337,473,333,390,357,410,418,374,159,395,282,279,251
17-jan,,301,208,200,400,235,228,223,395,437,423,416,458,498,543,459,452,432,466,458,450,354,356,522,437,432,444,404,472,394,516,413,459,310,382,250,347,477,338,391,361,422,423,373,158,403,288,280,260
18-jan,,298,215,202,406,238,222,226,396,443,425,415,454,502,546,458,459,433,468,457,453,359,359,521,436,437,444,417,473,396,518,431,470,314,384,249,356,484,344,392,363,434,425,374,175,413,303,280,270
19-jan,,294,223,183,407,237,221,230,400,449,429,416,449,507,550,453,466,434,468,456,458,364,363,519,435,440,445,424,473,397,519,452,476,318,390,249,364,488,349,393,365,445,422,376,200,426,312,280,276
20-jan,,277,228,170,406,235,225,236,402,456,434,416,446,511,552,451,471,435,468,455,465,369,368,515,438,442,446,431,471,396,520,468,478,320,395,251,374,489,359,394,367,450,421,382,233,438,319,283,279
21-jan,,266,234,165,408,234,229,244,399,468,435,414,446,512,547,451,475,436,468,451,469,374,375,511,440,444,448,437,469,396,517,475,480,323,398,252,382,489,370,394,372,449,423,384,242,453,331,284,282
22-jan,,258,239,172,409,233,230,254,396,489,432,412,446,510,544,451,480,439,466,447,473,384,381,507,440,444,451,446,466,394,515,482,478,325,399,253,391,486,383,395,376,446,428,389,258,452,344,282,282
23-jan,,245,243,175,411,237,238,261,393,503,430,410,448,506,540,455,486,442,466,444,475,395,385,504,440,443,458,448,464,394,513,490,475,328,402,252,399,481,395,396,378,442,432,396,271,449,356,286,287
24-jan,,232,255,185,409,245,244,265,392,499,428,410,450,502,529,460,492,444,466,443,474,405,392,501,440,442,474,449,462,396,507,494,472,328,402,251,403,475,413,398,382,438,437,403,275,447,379,295,291
25-jan,,218,265,197,406,252,248,268,394,499,425,407,452,498,526,464,502,445,468,442,474,410,396,499,445,440,488,448,460,397,501,493,469,332,400,251,408,471,423,400,390,433,440,410,275,444,405,304,293
26-jan,,204,272,209,401,255,246,271,395,497,422,406,454,495,525,467,517,447,473,445,476,417,402,495,447,440,497,447,458,398,490,488,463,335,398,253,414,467,431,400,398,430,451,421,271,442,421,312,298
27-jan,,197,275,223,400,262,242,276,395,496,419,406,452,489,525,468,532,448,476,446,478,421,412,493,455,438,503,447,458,399,480,484,461,339,397,254,413,466,436,403,405,426,464,432,261,440,430,318,301
28-jan,,192,279,236,398,269,241,282,395,496,418,406,450,482,528,469,540,450,479,447,481,426,422,489,456,436,503,447,457,403,472,482,460,344,394,260,410,459,438,405,415,420,472,444,243,439,433,326,303
29-jan,,190,281,250,394,273,238,290,397,497,419,404,447,472,531,469,545,452,490,448,482,428,441,483,459,434,500,440,454,408,459,480,456,352,393,278,408,453,442,405,425,416,480,456,225,438,432,330,306
30-jan,,200,285,265,390,278,233,298,399,501,420,403,444,462,534,469,546,455,508,447,481,430,461,477,462,434,496,438,453,414,450,478,455,357,391,292,406,449,461,402,431,412,494,467,216,436,429,335,309
31-jan,,218,290,270,386,287,227,305,400,517,419,402,443,455,537,470,545,457,524,447,479,432,477,472,467,434,490,437,452,419,445,476,456,361,389,299,404,444,471,400,438,407,499,474,213,433,425,341,310
1-fev,,239,290,273,381,298,221,311,400,510,419,405,447,447,541,469,546,458,538,446,477,431,495,467,472,434,502,437,451,427,446,474,461,365,387,310,402,440,479,400,450,403,497,476,221,430,419,350,312
2-fev,,260,288,284,378,302,215,318,399,518,416,409,448,440,545,468,548,458,542,444,473,431,511,461,479,439,499,437,450,433,449,471,470,371,388,317,400,440,482,402,450,401,493,478,228,427,413,352,312
3-fev,,277,284,298,372,308,213,324,398,518,416,415,448,434,548,467,550,467,540,444,470,433,518,458,484,439,494,439,449,435,451,466,477,378,390,323,398,438,480,404,453,399,491,480,230,423,412,352,314
4-fev,,290,281,314,370,315,211,329,397,518,416,420,448,429,549,466,552,471,540,442,468,438,524,454,491,444,494,443,448,438,460,461,482,389,390,326,397,428,477,408,462,397,491,483,230,418,417,351,323
5-fev,,300,277,329,368,321,210,333,395,518,414,422,449,424,547,467,553,479,539,440,464,441,530,450,496,445,485,443,450,439,463,460,491,398,393,329,396,420,474,418,473,393,492,487,232,416,419,350,325
6-fev,,312,274,340,367,325,214,338,395,517,412,424,449,420,546,469,551,488,540,439,464,443,533,449,497,452,473,443,451,440,469,458,497,405,394,332,392,420,472,425,485,388,494,489,235,409,426,349,331
7-fev,,322,268,349,365,331,218,341,395,517,412,427,451,417,547,472,548,497,539,438,465,443,537,447,493,450,479,441,452,441,474,458,501,407,395,337,383,420,468,429,493,381,493,491,238,404,430,348,335
8-fev,,332,263,356,362,335,221,345,393,513,413,428,455,413,545,473,544,507,536,438,465,443,537,449,485,451,479,440,453,440,481,456,505,411,396,342,379,420,466,433,493,375,490,492,244,400,429,348,339
9-fev,,347,266,361,362,340,220,348,393,510,412,430,460,411,541,474,541,516,534,440,464,442,534,452,484,449,479,439,455,441,483,454,506,415,398,348,375,420,464,436,489,370,493,492,252,396,427,348,346
10-fev,,358,271,365,362,347,218,351,393,505,412,433,460,411,535,476,531,523,532,442,465,442,528,456,484,448,479,438,458,441,486,453,509,420,399,352,371,423,463,440,482,368,499,492,257,393,428,348,353
11-fev,,366,274,370,361,351,223,353,392,502,411,435,460,410,529,478,520,526,530,446,464,442,520,463,488,450,473,434,460,441,500,452,508,422,400,360,367,427,457,441,473,366,502,494,265,426,429,353,366
12-fev,,375,277,376,360,360,238,355,392,500,410,439,459,409,526,482,509,529,524,449,461,443,509,467,494,457,474,433,460,442,513,450,508,424,402,366,361,428,454,447,463,364,506,495,271,446,431,352,382
13-fev,,379,280,381,370,367,254,357,391,497,410,446,457,409,521,486,501,530,523,452,457,449,497,473,497,459,476,432,461,442,519,449,507,425,403,370,354,428,452,452,456,366,511,493,273,454,436,352,397
14-fev,,382,285,386,370,370,267,360,390,492,408,454,455,408,517,493,494,529,519,452,453,451,488,476,500,461,476,428,462,442,530,444,501,425,404,378,348,431,452,458,449,373,516,487,277,476,444,358,409
15-fev,,384,292,390,370,372,277,362,388,486,408,459,453,406,514,498,486,528,515,451,450,450,477,475,496,464,478,426,462,443,545,439,497,422,406,388,345,432,449,458,443,383,523,481,283,505,453,354,417
16-fev,,386,298,395,367,373,287,366,386,476,407,464,451,403,513,503,481,527,509,449,449,449,467,475,495,464,478,426,464,443,559,435,494,420,407,395,341,432,446,459,436,390,533,476,292,537,459,352,422
17-fev,,388,306,404,362,372,292,370,385,473,407,469,451,401,520,508,476,527,505,447,447,447,458,473,496,464,482,429,466,443,567,432,491,417,405,404,339,433,449,463,431,396,545,468,301,563,461,350,425
18-fev,,392,312,408,360,372,292,377,385,469,408,475,452,401,528,510,469,529,502,444,446,447,452,470,502,464,484,432,475,441,577,430,488,412,403,410,342,433,454,469,424,404,555,462,308,570,463,347,426
19-fev,,396,319,415,360,374,290,386,385,466,410,478,452,400,531,512,467,529,499,443,444,449,445,468,508,463,485,437,480,436,601,429,487,410,402,413,347,432,461,480,419,414,559,453,317,566,468,342,424
20-fev,,398,325,418,360,377,285,393,386,465,411,480,450,399,534,513,465,530,498,439,445,454,439,468,512,462,483,442,486,432,604,425,488,409,401,418,358,434,465,488,413,423,557,449,325,559,473,337,424
21-fev,,400,335,419,359,382,281,403,387,464,415,484,448,399,537,516,464,531,497,439,445,456,437,469,514,460,483,448,493,429,608,422,489,413,398,422,364,438,470,497,409,433,553,443,330,556,478,332,424
22-fev,,399,341,420,357,385,276,412,389,466,418,489,446,400,541,518,465,530,497,439,445,455,435,474,515,456,482,454,497,428,610,421,492,419,395,430,374,443,469,499,405,442,549,439,335,558,485,329,424
23-fev,,399,345,430,354,388,273,422,391,467,420,493,443,401,544,522,463,530,493,439,444,455,433,486,520,452,482,462,500,426,610,421,494,424,391,440,389,455,466,503,404,448,545,435,338,561,486,326,424
24-fev,,400,350,436,351,391,273,433,393,471,420,495,440,405,546,524,461,532,492,441,444,455,430,501,517,450,484,468,504,425,612,422,493,429,390,444,406,467,464,512,403,454,538,431,340,566,484,327,424
25-fev,,402,354,440,350,394,278,442,393,473,422,496,437,410,548,529,461,527,491,443,442,454,429,513,511,450,484,470,504,425,613,426,489,438,388,450,414,482,462,519,391,459,529,428,344,569,484,329,424
26-fev,,406,358,443,350,394,283,449,394,475,424,498,433,419,547,536,460,521,489,444,442,451,428,519,506,450,483,470,505,426,614,429,486,443,390,455,420,494,463,525,388,464,518,431,345,570,486,331,427
27-fev,,407,359,446,351,394,288,454,394,481,426,499,430,427,545,541,459,518,487,445,443,447,427,522,505,449,480,469,504,427,605,429,483,448,393,456,418,502,464,522,385,468,508,428,347,567,486,334,430
28-fev,,409,360,449,350,394,292,455,394,480,426,497,427,438,543,548,458,517,486,445,445,445,427,525,504,448,481,466,502,428,597,437,479,452,393,457,415,508,464,516,379,469,498,426,355,562,483,338,432
29-fev,,,,452,,,,454,,,,493,,,,555,,,,446,,,,528,,,,464,,,,443,,,,460,,,,506,,,,430,,,,341,
1-mar,,410,360,452,350,392,298,452,393,478,433,491,426,442,538,559,458,519,485,446,449,442,427,528,501,448,482,464,500,428,579,451,475,456,394,458,409,514,463,496,376,470,489,430,357,558,480,348,434
2-mar,,410,362,450,350,390,301,451,392,473,439,494,425,447,533,564,457,522,481,445,457,441,426,527,505,449,482,464,499,430,561,456,470,459,395,456,405,515,464,485,373,470,480,431,360,552,479,357,432
3-mar,,409,374,447,349,390,304,451,392,464,443,493,425,449,526,568,459,522,477,444,464,440,427,529,494,448,483,459,497,432,543,461,467,460,398,454,401,516,463,474,372,466,472,428,364,546,484,364,430
4-mar,,409,378,445,347,390,308,454,391,462,443,489,425,451,516,573,461,520,472,441,465,440,428,532,493,447,480,481,496,433,533,469,463,460,403,457,398,518,461,467,372,464,467,426,367,541,490,377,427
5-mar,,409,380,445,343,395,313,456,391,457,440,488,425,456,509,578,465,521,470,439,468,440,431,532,488,445,500,490,496,435,523,472,457,461,409,458,398,520,460,460,375,462,463,426,370,539,505,395,424
6-mar,,409,380,442,340,397,317,453,392,463,440,488,424,461,500,582,464,523,470,438,477,439,437,532,484,442,506,495,498,438,512,473,452,462,417,459,396,519,459,452,379,460,459,427,370,539,519,416,423
7-mar,,409,382,440,337,401,321,449,395,458,440,493,423,466,490,588,462,529,468,437,483,439,447,530,479,440,512,506,500,439,505,473,449,464,428,461,397,515,459,447,389,459,454,430,370,536,526,426,423
8-mar,,410,385,439,332,405,325,445,396,454,438,496,422,468,480,586,456,539,466,434,488,443,459,530,474,437,521,506,503,440,494,473,447,466,438,464,402,509,460,444,397,459,451,431,369,531,533,429,421
9-mar,,415,387,437,330,408,328,441,397,456,438,495,421,471,474,583,454,553,469,430,493,449,467,527,474,434,525,503,502,440,487,472,445,468,441,465,407,504,459,440,399,456,447,432,368,524,538,426,416
10-mar,,419,388,435,328,408,331,437,397,460,443,492,419,473,467,577,452,566,473,429,498,456,474,524,474,432,536,500,498,441,480,471,444,466,445,468,411,498,456,436,398,455,443,437,373,513,539,419,412
11-mar,,420,390,434,321,411,333,434,397,463,449,489,419,476,462,574,452,576,476,428,503,457,476,523,476,426,549,497,491,442,479,469,441,466,449,473,414,491,452,433,395,454,439,443,370,502,538,412,402
12-mar,,416,392,432,320,415,333,433,398,469,451,487,417,479,460,574,450,587,478,428,507,459,474,523,479,430,555,495,482,442,476,468,438,463,454,477,412,485,447,430,391,452,434,447,371,489,538,403,393
13-mar,,412,394,430,316,418,332,433,398,478,456,485,415,481,462,573,450,603,478,430,510,458,471,524,481,426,560,492,473,441,475,472,438,460,463,480,414,479,441,427,389,449,429,452,380,480,530,393,386
14-mar,,410,395,429,311,421,333,431,398,480,457,481,414,481,462,571,454,619,478,431,509,455,463,526,481,423,560,490,466,440,473,480,442,458,470,483,414,475,438,424,388,444,427,457,379,470,538,386,380
15-mar,,400,399,426,310,424,335,428,397,485,455,476,414,480,466,564,457,633,475,433,508,452,458,528,483,422,565,490,459,438,469,481,448,457,475,484,413,467,436,422,384,441,422,458,380,463,539,378,374
16-mar,,396,401,419,319,426,336,425,395,487,452,471,412,478,469,554,459,639,472,435,506,451,454,528,492,418,562,491,456,437,468,482,451,455,478,484,415,460,433,420,382,436,418,458,380,456,535,366,369
17-mar,,394,400,416,318,429,338,422,394,495,450,467,410,474,473,547,462,640,472,436,506,449,448,528,495,414,559,491,453,436,468,483,452,455,478,483,417,455,433,420,381,434,413,457,382,458,530,364,366
18-mar,,394,401,414,320,430,339,418,392,500,447,464,408,468,480,537,462,638,473,441,509,445,445,527,496,412,554,490,451,435,466,488,454,455,480,483,419,449,435,420,383,433,412,454,383,455,521,362,363
19-mar,,390,405,411,326,430,341,414,391,506,445,464,408,460,488,531,464,635,474,445,515,442,444,524,498,409,550,489,449,435,462,491,455,456,477,482,421,442,435,419,384,440,410,453,385,451,513,362,363
20-mar,,390,406,407,330,431,342,411,391,517,443,464,409,454,494,520,472,631,474,449,521,440,444,521,497,406,548,488,446,434,457,494,455,457,471,482,425,435,434,418,387,446,408,449,384,447,504,362,364
21-mar,,388,409,402,331,435,342,407,390,523,440,462,410,447,496,511,474,627,477,452,526,438,444,519,494,403,546,486,442,434,452,496,453,457,468,483,429,429,441,417,391,455,411,443,384,441,496,365,368
22-mar,,388,413,400,334,436,341,403,390,530,440,459,411,442,498,507,475,622,482,456,528,439,444,516,493,402,543,484,440,433,449,495,450,459,471,485,430,425,445,416,395,469,415,438,385,436,493,367,370
23-mar,,390,418,400,335,438,338,399,391,533,438,455,413,438,499,501,475,615,487,459,527,440,444,514,494,400,540,484,441,433,445,493,449,457,475,486,428,419,447,412,403,483,423,434,386,431,481,370,373
24-mar,,390,420,399,335,438,335,394,391,528,438,452,415,433,500,500,476,606,490,459,525,442,444,510,497,398,542,483,442,434,442,490,448,456,479,488,426,417,454,408,408,493,433,429,390,428,480,370,376
25-mar,,389,419,391,336,438,333,391,390,528,439,454,418,429,500,495,476,596,491,458,521,444,443,507,500,398,543,485,442,435,439,489,447,454,480,489,425,415,461,402,437,504,448,425,392,427,478,370,382
26-mar,,389,417,380,336,438,330,387,390,518,440,454,421,425,503,490,475,588,491,456,515,447,440,503,503,399,542,484,444,435,436,487,446,452,480,491,422,417,468,397,438,511,458,420,401,427,478,371,385
27-mar,,390,416,375,335,436,328,383,390,513,438,454,424,422,506,486,472,576,491,453,510,449,436,501,507,400,540,486,444,436,435,485,446,450,477,497,420,422,475,399,437,512,463,421,406,424,479,372,391
28-mar,,391,410,370,335,434,326,380,390,506,438,454,425,418,506,480,470,563,489,452,503,452,435,502,513,404,540,493,445,439,434,482,446,446,472,502,420,426,481,392,436,511,459,422,413,422,480,376,397
29-mar,,391,409,370,338,431,324,378,389,500,435,463,425,416,507,475,468,554,486,451,493,454,435,509,516,404,552,499,445,441,435,481,447,439,468,510,418,431,485,386,433,503,453,422,420,420,487,379,403
30-mar,,392,406,369,337,427,323,375,388,499,432,476,425,413,508,471,468,546,485,450,482,456,434,513,517,407,558,502,445,442,438,479,448,434,467,508,416,432,487,381,432,496,449,420,428,421,494,382,410
31-mar,,393,403,368,334,423,321,371,387,492,431,487,428,410,506,469,466,539,481,448,477,456,433,513,516,413,558,502,447,442,441,476,447,432,463,497,417,432,491,377,430,487,448,418,439,423,505,388,414
1-abr,,392,402,365,333,418,320,367,386,474,430,497,430,410,503,464,463,530,477,447,471,455,432,513,515,420,558,491,448,443,442,469,446,430,460,489,419,432,495,373,429,479,450,416,452,427,508,395,416
2-abr,,389,400,363,334,414,317,364,384,467,431,503,428,408,499,461,460,521,473,448,467,453,431,511,512,424,556,489,449,442,443,466,449,428,457,484,423,430,496,370,425,476,450,414,457,434,507,399,413
3-abr,,388,400,358,332,410,314,361,382,462,435,497,426,407,496,459,456,512,470,449,466,449,430,507,508,426,554,486,450,438,443,464,452,425,456,478,426,429,495,362,422,472,451,415,461,441,506,401,409
4-abr,,388,398,345,333,407,309,361,379,459,439,490,424,406,491,460,454,506,467,450,468,446,429,505,504,427,552,485,450,435,446,461,451,419,455,466,428,428,494,357,419,473,448,416,462,446,504,401,405
5-abr,,386,393,333,333,402,304,361,377,453,441,482,422,405,487,455,449,499,465,452,470,443,428,500,498,427,550,484,449,433,451,458,449,415,453,456,427,426,491,353,415,475,445,418,461,448,502,401,401
6-abr,,385,392,327,331,397,299,360,374,447,444,475,420,405,483,460,447,492,463,455,469,439,426,492,495,427,548,483,448,432,458,454,445,411,452,449,423,425,488,349,414,477,440,421,461,449,505,401,398
7-abr,,385,388,325,330,394,291,362,370,444,444,468,419,406,479,463,445,487,463,461,467,435,424,487,488,426,557,481,447,432,457,454,442,408,449,445,416,423,482,342,414,477,435,422,462,449,515,393,397
8-abr,,384,385,321,328,388,283,365,366,441,443,464,417,408,478,478,444,482,461,464,466,430,422,483,484,426,558,478,446,432,456,451,441,404,447,439,412,422,480,342,414,478,430,423,465,449,524,388,398
9-abr,,378,380,316,324,383,276,369,362,439,442,465,416,407,478,478,443,477,460,464,465,427,422,479,482,426,556,477,446,431,455,447,439,399,445,434,405,421,483,341,412,478,425,421,472,448,528,381,402
10-abr,,374,375,313,320,377,272,372,357,439,442,466,415,406,476,488,442,471,460,462,464,425,421,475,478,426,556,475,445,431,455,445,437,395,443,427,400,420,485,344,410,480,419,420,475,447,522,376,404
11-abr,,372,370,308,315,373,270,373,351,427,444,467,414,404,478,488,441,466,460,459,464,424,419,471,474,424,544,476,445,431,455,443,437,388,441,422,396,417,486,344,407,481,413,421,479,444,515,369,404
12-abr,,368,367,304,309,369,267,373,344,427,446,468,413,402,483,485,440,461,459,456,464,421,417,469,469,423,538,479,445,430,451,442,442,383,438,417,391,415,486,344,402,484,408,420,481,439,505,362,407
13-abr,,363,362,296,301,366,263,373,336,426,442,471,411,400,484,481,438,454,457,453,465,420,416,468,463,424,534,479,445,430,443,441,447,379,434,413,384,412,484,343,397,489,404,419,481,434,493,356,409
14-abr,,360,356,287,296,365,259,373,328,424,442,473,410,398,484,475,434,454,456,450,462,420,416,467,458,424,532,478,444,430,438,440,449,377,430,409,378,411,482,342,391,490,399,415,477,429,482,351,410
15-abr,,357,352,281,294,364,259,372,321,424,440,469,408,395,482,469,432,462,455,449,459,420,416,463,455,424,521,477,444,429,437,439,452,376,428,405,369,410,482,339,383,489,395,410,472,425,476,344,410
16-abr,,353,350,270,292,363,267,372,315,421,438,465,407,392,478,463,429,461,453,447,458,419,420,460,452,424,513,476,442,427,435,438,459,375,430,401,363,408,481,334,376,488,392,405,465,421,472,336,409
17-abr,,349,350,255,288,359,272,370,312,419,437,459,409,390,472,459,428,460,449,446,456,419,425,460,450,427,508,475,440,424,433,438,465,375,429,399,350,406,479,331,367,486,389,401,459,416,461,329,408
18-abr,,342,345,249,280,356,272,369,310,419,435,455,410,387,465,456,426,462,443,445,451,419,426,459,449,430,500,472,438,419,432,439,468,375,428,396,338,407,475,329,354,486,385,399,452,409,454,323,405
19-abr,,336,348,247,274,351,272,367,311,419,435,451,410,384,457,453,424,461,440,444,450,419,428,456,447,430,492,469,435,417,431,440,468,374,426,395,329,408,472,327,341,488,381,394,446,405,446,316,401
20-abr,,326,353,252,270,342,267,364,309,418,434,449,409,383,455,451,422,459,435,443,449,419,427,453,446,430,487,466,432,414,430,441,469,374,426,393,318,408,471,324,326,498,377,391,440,399,443,309,397
21-abr,,317,354,257,265,336,261,360,308,418,433,445,409,381,453,449,420,457,431,443,449,418,426,452,444,429,484,463,430,413,428,440,470,373,426,392,306,406,467,321,312,513,372,390,434,395,439,305,391
22-abr,,309,352,260,259,332,260,355,308,417,432,441,408,380,451,446,417,456,428,444,446,418,423,450,443,426,484,459,428,412,426,440,467,370,425,390,290,404,461,317,294,521,366,388,430,386,432,298,384
23-abr,,302,350,258,250,327,262,348,306,420,430,437,408,380,448,441,415,455,427,444,445,418,422,449,441,423,482,458,426,411,425,439,464,370,424,394,287,402,457,312,283,523,361,386,425,380,427,290,377
24-abr,,296,346,255,241,325,265,340,303,425,428,433,406,382,445,439,413,456,425,444,443,417,421,448,439,418,479,457,423,410,424,437,462,372,419,396,284,397,453,314,277,523,354,384,420,372,421,285,371
25-abr,,291,347,254,229,321,268,331,300,429,428,432,405,385,443,435,409,458,422,445,442,416,417,448,437,416,478,456,420,409,423,435,459,376,414,398,282,393,449,314,272,518,347,382,416,366,415,272,363
26-abr,,288,350,252,220,319,271,322,297,432,427,432,403,389,441,431,406,459,422,444,441,415,410,451,437,411,472,455,417,408,421,432,457,376,410,398,284,389,442,314,270,511,340,380,411,358,410,267,358
27-abr,,285,352,250,212,317,272,314,293,433,429,432,399,392,439,427,403,458,422,443,441,415,405,455,441,409,467,453,415,407,419,427,464,375,408,399,284,384,437,319,270,507,333,376,405,348,405,260,349
28-abr,,282,356,248,216,314,271,307,287,433,428,432,397,393,436,424,401,457,422,440,440,413,399,458,444,406,465,453,411,404,417,422,463,374,405,394,287,378,429,327,271,500,327,373,400,339,399,258,340
29-abr,,280,357,251,215,311,268,303,282,441,430,429,395,393,434,421,400,456,423,439,440,409,395,461,443,404,458,455,410,399,414,419,461,372,402,390,288,372,425,328,270,494,321,370,395,330,392,259,330
30-abr,,278,358,252,221,307,263,305,277,449,433,428,391,393,431,419,398,450,431,437,440,406,394,463,443,404,454,459,408,395,411,417,449,369,400,389,287,366,419,329,269,489,318,367,388,320,387,263,321
1-mai,,277,356,254,229,300,258,309,272,443,433,426,387,393,430,422,398,444,434,437,440,402,389,466,443,400,450,460,405,389,407,415,448,367,396,385,284,360,413,330,267,480,316,362,382,309,385,269,311
2-mai,,276,352,256,239,293,253,314,269,440,434,423,385,393,429,420,399,441,433,436,440,399,385,466,444,398,448,462,403,382,405,413,445,364,393,379,282,357,408,328,265,474,316,359,373,301,379,272,305
3-mai,,275,345,255,252,285,251,317,266,437,433,419,382,395,428,418,401,437,434,435,440,395,381,465,447,398,445,462,399,377,403,407,438,362,390,373,279,352,401,326,258,465,316,358,367,297,371,275,296
4-mai,,274,338,255,261,280,258,314,266,433,430,415,379,397,427,419,404,433,432,434,440,391,379,463,457,395,441,460,396,369,399,401,435,357,387,369,273,345,396,323,254,455,316,358,358,290,365,277,284
5-mai,,273,333,253,273,275,262,309,273,429,428,413,376,399,426,417,404,429,430,434,440,389,378,459,465,395,438,458,393,363,396,397,430,352,383,364,266,339,388,319,249,448,316,361,350,285,357,278,272
6-mai,,272,329,252,280,270,263,299,281,430,426,410,371,400,426,416,402,425,428,433,439,387,377,455,468,393,434,455,391,360,394,394,427,346,380,361,259,335,384,316,246,439,315,361,341,281,348,277,263
7-mai,,270,327,250,287,265,265,289,285,428,421,407,366,398,426,418,400,422,426,431,438,386,376,450,466,386,432,450,390,359,394,392,424,340,379,358,252,331,379,314,243,430,309,357,331,275,341,272,253
8-mai,,268,315,249,284,266,268,280,288,431,419,405,364,397,428,420,398,419,422,429,436,385,376,446,463,382,430,444,389,358,397,391,417,334,377,353,248,328,375,315,240,422,304,350,317,272,336,266,246
9-mai,,267,307,246,288,271,270,272,288,432,418,403,362,395,431,419,396,415,419,427,435,384,376,443,461,379,428,439,387,357,397,387,411,325,375,348,244,325,369,317,239,414,297,345,310,270,329,257,239
10-mai,,264,290,241,286,277,271,268,285,430,416,399,360,394,432,417,393,411,416,425,433,384,376,439,459,378,427,435,386,356,397,378,409,320,374,344,242,319,362,318,238,409,292,339,287,266,321,246,235
11-mai,,265,270,236,278,288,268,264,281,429,412,397,361,393,432,415,391,409,412,422,431,384,375,436,456,373,426,431,385,354,398,373,406,316,371,338,240,316,357,320,238,401,286,333,272,263,314,231,230
12-mai,,268,258,228,270,298,261,262,281,427,408,395,362,392,432,413,389,405,409,419,430,384,373,435,455,372,424,427,383,353,398,370,403,313,364,333,237,313,354,320,236,390,275,327,260,259,306,222,227
13-mai,,270,249,224,255,305,255,260,283,424,405,391,364,391,431,409,387,402,409,417,427,385,371,434,452,372,424,424,379,349,397,367,399,310,354,324,236,309,350,320,234,384,268,321,251,255,298,216,223
14-mai,,272,245,220,247,311,250,258,281,421,401,390,366,391,429,407,385,399,398,415,424,388,369,432,450,376,422,421,376,343,396,361,394,307,346,320,234,307,345,318,232,379,261,316,244,250,291,211,218
15-mai,,274,237,218,234,315,245,254,276,424,397,388,367,390,426,403,383,396,396,414,420,390,368,430,447,383,419,418,375,338,396,354,391,304,339,317,233,304,340,313,227,376,255,311,242,247,286,210,210
16-mai,,285,230,214,224,318,243,248,272,419,393,386,369,391,423,400,379,393,393,414,416,391,365,427,444,389,417,415,372,334,396,349,387,301,332,311,232,301,331,306,223,365,252,305,243,246,277,224,210
17-mai,,288,225,210,216,320,242,244,269,413,388,383,371,392,419,397,377,390,388,412,414,392,363,422,440,393,415,414,371,330,395,346,385,297,322,305,231,298,323,300,219,357,248,297,252,240,270,240,210
18-mai,,289,220,207,206,320,238,239,264,409,381,380,372,394,415,394,375,388,385,411,411,393,360,419,436,398,413,411,370,328,395,344,382,294,309,293,230,293,318,295,213,348,246,288,253,236,265,252,213
19-mai,,290,215,204,199,318,237,237,258,408,378,378,374,395,410,392,371,387,380,409,407,394,355,415,432,403,410,407,369,326,394,342,379,291,302,282,228,287,313,288,208,338,243,278,262,230,259,263,216
20-mai,,294,210,199,191,315,235,234,251,403,375,377,376,395,413,391,367,384,378,407,404,393,351,413,429,407,408,401,367,324,393,341,378,290,299,283,225,280,305,283,203,330,240,274,267,228,253,271,212
21-mai,,295,207,196,187,309,231,232,245,401,374,376,378,395,408,390,363,382,378,405,401,392,347,411,426,409,405,397,364,320,392,340,377,289,292,276,224,281,299,276,200,323,237,257,271,226,248,279,211
22-mai,,296,206,192,182,301,225,230,237,403,368,373,380,395,405,394,358,380,376,402,397,391,346,408,422,409,403,389,362,318,390,340,377,288,288,274,222,282,294,272,196,319,236,249,272,224,245,284,213
23-mai,,294,204,189,180,290,219,232,233,404,372,369,380,393,403,395,353,378,375,401,394,389,339,405,418,412,401,383,360,316,390,344,378,286,283,270,222,281,289,269,194,316,236,243,270,222,244,291,210
24-mai,,292,200,188,176,283,215,233,232,392,364,368,381,392,402,398,349,378,378,399,392,385,332,405,414,412,399,379,358,313,389,349,378,281,277,267,220,280,285,267,194,317,236,236,270,222,241,302,206
25-mai,,294,197,186,174,276,211,239,231,387,355,368,381,389,397,401,345,378,380,397,389,381,326,404,411,408,398,376,358,310,391,351,379,278,274,264,219,284,281,258,197,318,236,231,269,222,238,308,202
26-mai,,298,194,183,172,268,204,245,227,384,347,368,381,386,394,412,341,377,382,395,386,375,322,402,408,405,396,373,356,309,393,350,378,275,272,261,223,286,280,250,199,318,238,225,265,222,235,312,201
27-mai,,299,192,182,172,260,197,252,224,381,343,368,380,383,391,418,337,377,384,393,383,370,319,400,404,399,395,370,352,308,390,349,378,272,269,257,228,287,280,248,200,319,236,221,257,221,232,319,200
28-mai,,298,190,178,170,252,195,255,222,377,339,368,379,381,388,420,333,377,386,391,381,365,316,399,400,393,393,369,346,305,384,347,378,268,267,255,232,291,282,246,205,320,236,218,246,226,229,322,196
29-mai,,296,188,176,168,244,196,255,219,373,335,368,379,377,384,419,330,377,390,387,378,361,311,397,395,386,392,368,341,303,380,345,377,264,262,251,238,292,284,246,206,321,238,214,234,229,226,329,193
30-mai,,292,186,174,165,238,199,256,218,369,331,368,379,376,381,418,324,377,392,383,375,359,307,395,391,377,391,367,339,302,375,344,376,260,261,248,247,290,289,244,207,322,238,214,227,229,224,334,187
31-mai,,287,184,172,163,233,204,256,216,365,327,370,377,375,377,418,323,377,391,381,374,356,304,393,387,370,390,365,334,301,373,344,375,259,258,245,258,284,297,242,208,321,234,221,223,230,222,338,184
1-jun,,281,182,169,160,230,209,235,215,363,324,369,375,374,373,409,320,376,392,378,374,355,299,390,386,362,387,363,332,299,366,343,374,259,256,243,267,278,301,242,205,320,229,228,219,226,220,340,184
2-jun,,276,180,165,158,228,213,231,213,359,319,369,371,373,370,406,318,376,394,373,374,354,296,389,381,354,386,360,330,299,358,341,372,258,254,241,270,270,302,241,201,316,226,236,216,215,218,342,184
3-jun,,267,177,165,156,219,214,227,210,360,316,369,368,374,368,404,318,376,398,369,369,354,295,386,375,346,385,359,328,299,352,339,368,261,253,239,268,263,302,239,197,309,224,236,212,210,217,339,191
4-jun,,260,172,164,153,210,212,225,206,360,309,369,364,376,367,400,321,375,398,367,367,355,294,384,368,340,383,356,326,298,343,334,364,263,252,238,264,254,302,236,190,302,220,237,211,209,217,337,203
5-jun,,252,175,160,151,208,206,222,203,359,305,368,360,376,366,397,323,372,401,363,363,356,292,383,364,333,382,353,324,298,335,329,360,260,251,238,253,249,302,235,185,296,219,235,208,208,213,336,211
6-jun,,244,178,162,150,202,198,218,199,359,301,368,356,376,365,395,324,369,400,361,359,358,296,381,362,329,379,349,323,296,330,321,355,259,248,237,244,244,301,232,181,288,216,233,206,206,210,333,217
7-jun,,234,179,161,150,199,190,216,195,358,299,367,352,375,365,391,325,366,399,358,355,360,301,379,359,324,376,347,323,295,325,311,351,254,248,235,237,241,300,232,179,280,215,231,206,205,210,333,220
8-jun,,228,179,160,150,196,183,211,193,360,296,363,348,374,365,388,326,364,398,355,351,362,306,377,356,318,373,343,329,294,314,309,347,252,245,233,228,237,298,230,175,273,215,223,203,204,207,330,225
9-jun,,222,180,159,149,195,178,207,190,357,292,360,344,374,365,385,329,359,401,351,349,361,313,375,354,317,364,339,331,289,309,306,345,247,242,230,220,235,294,227,173,264,214,220,200,204,204,327,225
10-jun,,217,182,155,148,193,175,204,187,354,287,359,341,373,366,380,329,357,402,349,347,358,316,374,354,315,366,334,330,284,306,303,349,242,240,225,215,232,289,223,171,258,214,216,199,202,202,321,217
11-jun,,211,183,152,146,192,173,202,184,351,285,356,338,372,366,377,331,356,401,347,345,356,316,372,354,315,362,331,330,282,302,300,342,239,238,223,209,230,285,220,169,256,211,212,198,200,203,313,209
12-jun,,207,184,150,145,189,171,199,180,350,281,351,336,370,365,373,333,353,400,345,343,353,315,371,355,312,359,329,330,280,299,297,335,235,237,220,205,227,279,219,167,253,208,207,196,198,204,303,203
13-jun,,202,185,150,143,187,170,194,177,346,279,348,334,369,364,369,335,350,397,343,341,349,314,369,355,310,356,325,329,275,296,290,335,232,236,216,202,224,272,218,165,252,205,202,188,194,205,294,193
14-jun,,200,186,147,141,184,169,190,175,340,275,346,332,367,363,363,336,348,395,341,339,343,313,367,354,307,353,320,328,272,293,285,335,229,236,214,199,222,264,217,164,249,204,200,182,192,206,285,186
15-jun,,197,186,140,140,181,168,196,173,338,271,343,329,365,361,359,336,345,393,339,338,340,312,365,353,304,350,318,326,268,289,282,336,227,235,208,196,220,260,216,163,246,201,200,180,189,212,268,180
16-jun,,195,184,140,138,179,167,195,171,333,270,340,329,363,359,357,334,342,390,335,335,336,309,363,352,301,348,316,323,265,284,280,335,226,233,206,193,218,256,215,161,243,197,200,181,185,218,257,175
17-jun,,190,180,140,138,177,166,193,170,328,269,338,327,360,357,358,331,341,387,334,334,331,305,361,351,298,348,315,324,262,280,277,334,225,230,205,191,218,249,215,160,239,190,200,183,183,218,245,173
18-jun,,187,178,140,137,175,165,191,170,320,267,337,326,356,355,350,327,340,386,333,332,324,304,359,350,295,346,310,315,259,286,273,331,225,230,203,188,220,244,214,158,238,189,200,189,180,215,231,170
19-jun,,185,177,139,135,174,164,186,169,319,267,333,324,351,352,348,324,337,382,330,330,321,300,357,348,293,344,307,311,258,292,269,329,224,229,203,188,220,241,213,157,235,185,200,192,178,210,226,166
20-jun,,183,175,138,134,172,162,182,173,314,265,332,323,344,352,347,321,334,376,328,329,317,295,355,346,290,341,304,309,254,299,267,327,223,228,202,186,222,238,209,156,233,183,200,196,176,203,222,161
21-jun,,182,172,137,133,171,160,186,181,309,265,330,321,338,348,345,319,331,373,325,327,313,293,354,344,288,340,302,307,252,300,265,325,221,226,202,186,221,235,206,156,231,184,200,199,174,199,215,158
22-jun,,180,169,136,133,170,158,187,184,305,264,327,321,331,345,344,318,330,367,323,326,311,292,351,342,288,344,300,303,250,299,261,325,219,226,202,187,220,233,203,154,229,182,200,201,172,195,210,156
23-jun,,178,165,135,133,167,156,185,188,302,263,324,319,324,344,342,317,330,365,320,323,307,290,349,341,288,346,297,299,249,299,260,324,218,224,202,187,218,229,198,153,226,180,199,198,171,192,207,157
24-jun,,178,162,134,133,165,154,183,190,300,261,320,318,318,340,340,316,328,363,317,321,301,287,346,339,288,346,294,295,251,300,260,321,216,222,202,189,215,225,197,153,223,178,199,195,169,189,200,159
25-jun,,178,160,132,132,164,151,180,191,296,260,316,319,313,339,338,315,328,361,314,319,297,291,344,336,288,346,289,289,257,300,259,316,215,221,201,189,212,224,197,155,221,176,199,189,165,186,200,160
26-jun,,178,163,130,132,163,148,178,188,294,259,311,319,308,336,340,312,328,358,311,317,295,301,342,334,288,346,286,287,262,298,258,312,213,221,201,188,210,222,195,158,219,174,199,182,164,182,200,161
27-jun,,178,160,130,131,163,147,178,183,293,258,307,319,303,334,339,310,327,354,309,315,291,310,341,331,286,348,282,287,275,297,258,307,212,224,201,186,210,221,194,158,217,173,199,177,162,182,198,160
28-jun,,178,156,130,129,163,147,177,179,291,257,304,319,298,332,338,305,327,351,305,313,287,318,337,330,284,348,280,285,282,297,257,301,210,225,200,184,209,220,193,159,214,172,198,175,162,180,198,163
29-jun,,176,153,130,128,163,143,175,176,289,257,297,319,294,329,338,302,326,346,302,311,283,316,334,330,281,348,278,283,287,298,257,292,210,224,200,183,209,218,189,156,210,171,197,174,160,178,197,172
30-jun,,174,150,130,126,163,142,174,172,286,256,293,318,291,327,336,300,325,344,298,309,277,316,332,326,278,347,277,280,291,298,256,284,208,223,199,180,208,216,184,154,209,171,197,176,158,177,190,182
1-jul,,173,149,130,123,164,143,175,170,282,255,289,317,287,325,334,297,324,343,297,306,271,315,331,324,276,344,273,279,293,298,256,278,,223,198,179,206,215,180,154,208,171,194,171,157,176,186,190
2-jul,,172,148,130,123,162,141,173,168,280,253,286,315,284,323,333,292,322,341,294,307,269,310,328,322,273,342,272,277,290,294,256,273,,223,197,178,204,212,177,152,207,171,191,170,155,177,180,192
3-jul,,169,147,128,122,161,140,171,167,276,251,283,312,278,321,332,287,322,339,294,308,269,304,326,321,270,337,270,274,286,290,256,272,,222,196,177,203,210,174,152,207,170,187,168,155,176,176,190
4-jul,,167,145,128,122,160,142,170,167,273,250,280,309,274,320,330,285,322,335,294,307,267,297,323,322,268,334,270,272,282,287,255,270,,220,194,176,200,208,175,150,206,169,185,167,154,177,173,189
5-jul,,165,145,126,121,158,144,166,168,269,248,280,304,272,319,328,282,322,333,294,305,264,292,321,322,266,330,269,271,274,282,255,266,,221,192,174,200,206,176,148,206,168,183,168,153,176,171,190
6-jul,,165,144,126,120,156,145,162,169,267,248,280,299,271,316,326,280,321,331,294,304,263,285,319,324,262,324,268,269,267,278,254,264,,222,190,173,199,206,176,145,205,166,180,165,153,174,168,187
7-jul,,163,143,124,119,155,151,160,169,265,254,280,294,270,314,324,277,322,329,293,304,261,280,317,324,258,322,268,267,261,276,253,261,,222,189,171,197,204,175,143,204,164,177,157,153,174,166,181
8-jul,,162,142,124,119,153,156,160,168,263,252,279,288,268,312,322,276,321,327,292,303,260,271,313,322,255,318,269,265,257,275,253,259,,220,188,170,195,203,179,141,204,162,173,152,151,175,164,171
9-jul,,160,141,124,118,151,156,158,166,261,254,278,282,267,309,319,274,319,323,289,303,259,265,310,322,253,314,270,264,254,273,255,258,,218,187,168,193,202,184,138,203,160,170,148,149,176,161,161
10-jul,,159,140,122,116,150,153,159,163,259,255,278,276,264,307,318,272,315,321,285,304,258,260,309,320,253,310,271,263,251,272,256,257,,217,186,165,191,201,185,137,202,158,168,147,146,176,159,155
11-jul,,157,139,120,114,150,151,159,159,251,255,277,271,262,305,317,269,313,319,284,304,257,256,307,320,252,306,272,262,247,271,255,254,,214,184,164,188,200,191,137,202,157,166,145,144,176,159,149
12-jul,,156,138,120,114,149,146,161,156,245,251,275,266,260,303,315,267,313,317,283,306,255,252,306,319,252,304,272,261,245,267,247,250,,212,182,162,188,199,199,137,201,157,166,149,144,176,159,145
13-jul,,156,133,120,114,149,142,166,153,241,248,271,262,259,302,314,265,309,314,281,307,253,249,305,317,256,301,272,259,244,259,244,247,,211,180,161,188,198,211,137,201,155,164,152,144,173,159,142
14-jul,,155,132,118,113,148,138,170,150,242,247,268,258,257,304,313,263,304,311,277,308,251,246,303,315,260,299,270,257,241,253,242,238,,209,179,160,188,198,218,136,200,154,162,149,143,168,160,139
15-jul,,155,132,118,113,147,135,169,147,239,245,266,255,255,305,312,261,301,307,273,308,250,243,300,312,264,298,267,255,238,247,238,238,,207,179,160,187,195,220,136,197,155,160,146,140,165,160,137
16-jul,,153,132,118,114,146,132,167,145,237,240,263,252,253,305,309,258,299,305,271,307,250,239,299,309,267,293,263,254,235,245,231,236,,204,178,158,186,194,220,135,194,157,158,143,141,163,158,134
17-jul,,152,130,116,115,145,130,163,144,234,236,260,249,251,304,307,255,297,303,269,305,249,237,298,305,268,296,261,253,232,243,229,236,,201,178,159,186,194,219,134,191,158,157,141,145,158,154,131
18-jul,,151,129,114,114,144,127,162,143,231,232,260,247,250,304,306,253,295,302,268,303,247,233,297,302,266,296,259,252,230,240,229,236,,198,178,161,183,194,217,133,189,161,155,142,147,156,153,130
19-jul,,148,127,114,113,143,125,162,142,230,229,260,245,250,302,304,250,293,301,266,300,245,232,297,298,264,296,255,251,229,239,228,237,,196,178,160,182,193,215,131,186,160,154,140,147,154,153,128
20-jul,,145,127,112,111,142,124,163,141,229,227,257,244,249,301,302,248,291,300,265,296,244,229,296,297,264,294,252,250,227,236,227,239,,193,178,159,182,192,211,130,185,160,152,140,148,154,150,126
21-jul,,143,126,112,110,140,122,161,141,227,224,254,243,249,300,300,246,289,300,264,295,243,227,293,288,264,292,250,250,225,235,225,235,,192,178,156,180,190,207,129,183,162,151,138,149,153,147,127
22-jul,,141,124,110,109,138,121,156,142,223,220,251,242,249,300,298,245,287,299,261,291,242,225,291,288,258,283,250,248,224,234,221,234,,192,177,155,180,189,199,130,179,167,150,136,150,152,144,132
23-jul,,140,123,110,107,136,120,152,143,222,220,250,242,247,300,297,245,285,298,260,286,241,223,289,285,258,287,249,246,223,233,219,232,,191,176,153,179,187,195,129,177,170,149,135,150,150,142,132
24-jul,,139,123,110,105,133,119,149,142,220,221,246,242,246,300,294,245,283,298,259,283,241,223,287,282,258,281,249,244,222,233,218,232,,190,176,152,179,186,191,129,176,172,148,137,150,150,142,130
25-jul,,137,124,110,103,132,117,144,141,219,220,239,240,245,300,292,244,281,298,258,279,240,222,284,280,256,278,247,243,226,232,217,232,,189,177,151,176,184,186,129,175,173,147,139,150,147,143,129
26-jul,,136,124,110,103,131,116,143,140,218,219,236,238,243,298,285,244,279,299,257,277,240,221,278,277,254,275,246,242,228,232,216,230,,188,178,152,174,181,184,128,174,169,146,150,147,146,144,128
27-jul,,134,124,110,101,130,117,142,139,216,217,231,236,243,298,278,244,276,299,255,275,240,220,271,275,252,272,245,241,228,231,215,226,,187,179,153,174,179,178,128,174,166,144,159,144,145,144,124
28-jul,,134,122,110,100,128,120,140,138,214,217,226,235,242,297,271,244,273,297,254,273,239,219,269,273,249,274,243,238,228,229,215,225,,186,179,154,174,178,174,126,171,167,142,165,140,145,143,122
29-jul,,134,121,109,99,127,121,138,137,213,217,224,233,241,297,273,244,270,296,253,271,238,217,268,271,246,272,241,237,223,228,214,223,,184,178,154,174,175,170,141,169,171,141,165,139,145,140,122
30-jul,,132,119,109,99,125,122,138,136,210,215,224,232,240,295,276,244,267,295,252,268,237,215,268,270,241,270,241,236,219,227,212,222,,181,178,154,173,174,169,126,168,174,140,161,136,144,138,122
31-jul,,132,118,109,98,124,125,137,135,208,214,224,230,239,293,275,243,264,294,251,266,236,213,268,272,230,269,239,236,217,225,211,221,,179,176,154,172,173,165,125,167,172,138,154,135,142,136,121
1-ago,,130,118,109,97,123,128,137,134,217,211,229,227,237,290,273,242,262,292,249,264,236,210,268,271,233,268,238,235,216,222,210,220,,177,,154,173,172,164,123,165,167,138,151,132,139,133,118
2-ago,,132,116,108,97,122,129,139,133,213,209,226,224,235,287,270,241,261,289,248,262,236,208,268,271,231,266,237,234,215,219,210,219,,176,,152,177,169,163,121,164,162,136,147,130,136,130,115
3-ago,,131,115,108,96,121,129,140,133,209,206,224,221,232,283,268,239,261,287,248,260,237,207,268,271,230,262,235,233,213,213,209,218,,175,,148,180,169,162,120,163,159,135,143,130,134,127,113
4-ago,,130,113,107,95,119,128,140,132,207,203,222,219,230,279,266,237,260,285,248,258,238,207,268,272,228,260,233,233,210,210,208,216,,175,,146,180,169,160,118,162,155,136,139,128,133,127,113
5-ago,,128,113,106,94,118,126,141,131,205,201,221,217,227,275,265,235,259,284,248,257,238,207,267,277,226,258,231,233,208,214,207,215,,174,,145,181,168,159,116,161,152,135,134,126,133,125,111
6-ago,,126,112,106,94,117,123,146,131,204,199,222,214,224,271,264,234,259,284,246,256,238,206,266,280,224,256,230,232,204,223,206,215,,173,,143,180,167,158,115,160,150,139,130,124,132,124,108
7-ago,,125,111,106,95,115,120,151,130,202,199,219,212,222,267,262,232,262,283,245,256,239,206,264,285,222,255,229,231,202,227,205,215,,172,,139,178,170,157,115,160,147,142,127,122,132,122,105
8-ago,,125,110,106,95,113,118,152,129,199,197,218,211,219,263,260,229,264,282,244,255,239,206,263,289,220,256,229,230,201,230,203,214,,170,,136,176,169,155,114,160,145,147,123,122,132,120,103
9-ago,,126,110,106,97,112,117,151,128,197,197,215,209,217,261,260,228,267,280,242,254,235,203,262,292,218,255,228,228,201,230,202,214,,169,,136,173,170,154,112,159,145,149,120,122,133,120,103
10-ago,,127,109,106,98,111,116,149,128,197,195,211,207,215,259,259,226,275,279,241,254,232,203,261,296,216,254,227,227,200,230,200,214,203,167,,134,169,173,152,111,158,144,150,118,122,133,117,101
11-ago,,126,109,106,98,111,115,142,127,198,195,210,205,213,257,257,225,278,277,238,252,229,203,260,298,213,253,227,224,201,229,198,215,211,167,,133,166,177,150,109,156,142,147,118,122,131,117,99
12-ago,,125,108,106,97,111,113,140,126,196,194,208,204,211,255,256,224,280,275,235,250,227,203,259,300,211,252,226,223,207,226,196,215,214,166,,133,163,177,150,109,154,140,143,118,122,130,116,98
13-ago,,124,108,106,95,111,111,133,126,196,193,208,203,209,253,254,224,283,275,233,248,225,203,257,298,209,251,225,223,211,222,194,215,212,165,,132,161,176,150,109,153,138,139,118,122,127,113,95
14-ago,,122,106,106,92,110,109,135,126,196,192,210,201,207,252,253,224,287,273,230,248,224,202,255,293,208,250,224,222,216,220,193,216,207,165,,130,158,174,149,110,152,137,135,116,122,126,110,93
15-ago,,120,103,105,91,110,107,133,126,193,191,207,200,205,251,252,224,289,271,228,247,224,201,254,286,206,248,223,222,219,217,192,217,203,164,,130,156,172,148,110,148,136,132,113,119,123,109,94
16-ago,,119,102,105,90,110,105,131,126,192,190,206,200,203,250,251,224,288,269,227,247,227,200,252,279,200,247,223,221,223,214,192,216,201,163,,129,154,170,147,110,146,134,129,114,117,121,108,94
17-ago,,117,102,105,89,109,103,130,126,196,188,204,200,201,249,249,223,287,268,225,246,230,199,251,272,203,246,223,221,223,211,191,214,,160,,127,152,167,145,111,144,133,126,114,115,120,106,94
18-ago,,116,103,105,88,109,102,128,127,199,185,202,198,200,249,247,223,282,268,224,245,234,198,249,266,202,244,222,222,219,209,191,213,,158,,125,152,163,144,109,141,130,124,111,115,118,105,94
19-ago,,115,104,105,87,108,101,126,126,201,185,202,198,200,250,247,222,279,267,224,244,236,197,247,262,202,246,221,223,214,207,190,212,,158,,123,150,160,142,110,140,130,123,110,115,118,104,94
20-ago,,114,104,105,87,108,100,125,125,202,184,202,197,200,250,246,221,275,263,224,242,237,196,245,258,207,244,220,223,207,206,191,212,,159,,123,149,159,141,110,140,127,120,110,115,116,104,93
21-ago,,114,105,105,87,106,99,123,123,204,184,202,196,201,250,245,220,269,261,224,242,238,192,244,255,209,246,219,222,202,204,197,211,,161,,122,148,158,140,110,140,125,119,108,115,116,102,93
22-ago,,112,105,106,85,103,98,122,121,205,182,202,195,202,250,244,220,265,260,226,240,239,191,243,264,210,240,220,222,197,203,207,211,,162,,120,147,156,139,107,140,124,116,106,115,116,101,91
23-ago,,112,104,107,84,102,97,121,120,204,180,202,195,203,250,247,219,261,259,230,239,237,190,241,274,212,238,223,221,191,202,211,210,,162,,119,147,154,139,106,139,124,114,109,114,117,100,90
24-ago,,111,103,108,84,101,96,120,118,202,179,201,197,204,249,248,218,258,257,234,238,235,190,238,284,213,234,226,221,184,202,215,209,,161,,119,145,154,138,103,139,124,114,112,112,121,99,88
25-ago,,110,103,108,83,101,95,120,117,200,178,200,198,204,248,250,216,257,256,242,237,233,190,236,293,214,234,230,221,180,201,219,208,,161,,117,146,152,138,103,139,124,114,118,110,125,96,88
26-ago,,109,102,107,83,100,94,118,116,197,176,199,198,203,246,253,216,258,256,251,236,232,190,234,300,216,236,233,221,172,201,217,207,,160,,116,146,153,137,102,138,124,114,125,109,128,96,87
27-ago,,108,101,106,83,100,92,118,115,194,175,198,200,202,244,256,214,260,256,258,235,231,190,233,305,216,231,233,222,168,198,214,207,,159,,115,145,156,137,103,138,124,113,126,109,129,95,84
28-ago,,108,100,105,83,100,92,118,113,191,174,195,200,201,242,258,214,266,255,263,234,231,190,232,310,216,231,232,223,166,196,210,206,,160,,118,144,156,140,104,138,124,112,125,108,127,94,84
29-ago,,107,100,104,83,99,93,118,112,189,172,194,201,200,240,260,213,270,252,269,233,236,189,232,312,216,229,229,223,164,195,201,205,,160,,118,146,155,141,105,139,123,113,123,107,124,94,82
30-ago,,106,99,104,83,99,93,120,111,187,172,191,204,198,240,260,212,273,250,273,232,241,188,232,317,215,228,227,220,162,193,197,202,,160,,120,147,154,144,105,144,123,111,123,106,121,94,81
31-ago,,106,99,104,82,99,94,120,111,185,174,190,206,197,240,258,212,278,249,274,232,246,188,231,320,216,228,225,220,162,192,197,201,165,159,,120,148,153,147,105,149,123,112,121,105,117,94,80
1-set,,108,98,104,82,99,95,123,110,183,173,189,210,196,241,257,211,281,247,279,232,246,187,231,325,217,226,226,220,161,192,195,200,164,157,144,127,149,151,148,104,150,123,114,118,104,114,96,82
2-set,,111,96,105,82,99,96,124,109,181,172,188,213,194,243,255,210,282,243,277,232,249,185,230,325,226,224,226,219,161,191,193,197,163,154,150,131,152,150,147,105,154,124,112,118,105,112,97,84
3-set,,113,93,107,81,99,97,125,109,180,171,187,215,194,245,252,210,281,242,273,233,251,183,229,326,233,222,239,217,159,190,186,195,162,154,160,137,157,148,145,105,156,124,112,121,107,112,98,84
4-set,,116,89,108,81,99,97,127,108,179,170,186,217,194,247,248,209,274,241,268,235,252,182,228,327,243,220,235,216,157,189,183,191,164,154,165,142,161,148,140,105,150,122,112,124,109,110,97,88
5-set,,119,87,108,81,99,97,126,108,174,171,185,218,194,249,246,207,266,241,261,235,257,182,227,331,249,220,241,215,155,188,180,185,166,153,164,141,163,148,135,107,144,121,112,127,111,109,94,96
6-set,,122,87,109,81,100,97,123,108,169,170,184,215,194,250,242,206,259,241,254,240,266,181,226,334,254,219,245,215,154,187,182,185,168,153,163,138,163,145,133,109,140,120,110,127,112,108,96,105
7-set,,124,85,110,80,100,96,122,108,166,170,184,211,194,251,239,205,255,241,250,242,271,180,225,334,255,218,250,216,153,186,189,184,169,152,162,137,159,144,132,109,134,118,107,120,109,106,99,102
8-set,,124,83,113,80,100,95,119,112,164,168,184,207,195,253,235,204,254,242,250,243,274,183,224,330,253,217,251,218,155,184,196,184,169,151,160,136,154,142,130,108,130,117,105,120,106,106,95,101
9-set,,122,82,111,78,100,94,115,115,162,168,187,206,196,257,234,203,253,242,251,244,273,183,223,325,250,216,253,220,160,182,203,184,170,151,159,136,150,145,128,106,128,114,104,111,104,103,88,102
10-set,,118,81,108,78,98,94,113,117,160,165,190,204,200,262,232,202,253,244,253,242,272,187,222,318,250,214,251,222,165,180,209,184,172,154,157,134,150,147,119,103,133,114,106,113,103,101,85,97
11-set,,115,79,106,78,98,96,112,116,164,163,190,202,202,264,232,201,257,245,257,240,271,190,221,314,254,214,247,224,170,180,206,184,176,156,156,129,150,153,115,105,134,112,105,121,103,102,84,94
12-set,,110,77,110,78,98,98,112,115,168,161,190,200,203,268,232,201,263,246,262,240,269,190,220,306,258,212,246,225,173,180,205,185,175,158,159,125,149,158,109,109,140,111,104,122,103,102,83,93
13-set,,108,76,113,78,99,99,111,115,168,160,189,198,202,272,235,204,265,247,265,240,262,190,220,300,263,212,241,225,177,180,202,186,176,160,159,122,149,161,105,115,145,111,100,120,100,103,83,92
14-set,,108,75,114,79,99,99,111,114,167,160,190,197,200,277,239,206,270,248,268,240,254,190,219,291,261,212,247,226,177,182,196,186,176,160,158,121,150,167,104,125,150,112,102,117,99,105,82,90
15-set,,107,75,115,79,99,99,112,112,169,160,190,198,199,284,243,205,280,247,266,240,249,189,220,284,263,216,254,227,179,184,190,186,174,161,157,120,150,172,102,135,152,114,105,116,102,109,82,87
16-set,,106,76,115,80,98,98,114,110,167,160,191,199,197,291,247,205,290,245,265,241,244,187,224,279,262,217,263,228,180,183,187,188,171,161,157,119,148,172,104,139,148,115,103,114,103,110,82,83
17-set,,105,77,114,79,98,98,117,109,163,159,192,200,197,294,247,203,300,243,263,241,240,185,229,279,257,220,273,228,180,183,183,190,166,163,156,119,151,168,104,140,144,114,101,113,100,110,83,80
18-set,,104,78,107,78,98,96,118,110,166,158,192,197,198,297,243,203,315,242,259,241,235,181,235,268,253,228,280,229,180,182,179,191,163,165,156,121,154,160,104,134,138,113,98,114,100,110,83,80
19-set,,102,79,102,78,99,93,127,112,165,157,192,194,198,300,239,202,323,240,256,242,233,177,238,266,250,248,283,229,181,182,173,194,160,166,159,134,156,156,108,127,133,112,98,112,101,109,83,77
20-set,,100,80,100,78,99,91,131,114,165,157,193,194,198,300,236,201,329,239,254,242,241,175,240,253,247,246,290,228,182,182,170,196,159,168,159,143,157,156,114,122,132,111,98,104,102,106,85,75
21-set,,99,81,100,81,98,89,133,112,161,156,196,197,198,299,235,200,333,238,251,242,246,173,240,250,246,253,301,227,184,184,170,199,157,171,155,155,158,155,120,117,129,111,97,106,99,102,88,74
22-set,,97,82,101,85,99,87,136,109,158,155,198,199,201,296,235,198,339,237,250,243,249,172,238,245,246,256,304,223,187,185,177,200,158,173,152,157,156,154,122,112,127,112,97,108,94,102,95,76
23-set,,93,83,102,88,98,85,134,106,152,154,199,207,207,294,237,198,342,236,250,243,241,177,235,241,246,258,307,219,186,185,181,203,159,174,149,156,154,153,128,109,128,112,104,113,94,101,105,76
24-set,,92,85,102,88,97,84,133,105,162,154,198,212,209,289,238,197,342,236,249,246,238,182,232,237,243,259,307,214,186,185,177,212,160,174,145,152,151,152,128,107,130,113,126,117,92,102,113,76
25-set,,91,86,104,88,96,83,131,104,175,159,198,215,212,287,238,197,342,236,244,245,236,189,228,235,243,263,305,209,182,185,178,220,160,173,142,145,147,152,127,106,129,112,131,122,90,100,110,74
26-set,,88,88,105,89,95,85,129,104,181,162,206,219,214,288,239,197,339,235,243,243,228,188,224,233,239,266,304,207,181,184,183,227,159,171,140,138,151,151,124,110,129,110,135,128,89,100,109,73
27-set,,86,88,106,91,94,88,129,104,179,167,213,221,215,287,245,196,337,233,244,242,223,184,220,232,234,267,304,205,174,183,187,229,157,169,140,135,156,150,124,109,137,109,131,139,89,98,106,71
28-set,,88,87,104,88,94,96,125,102,181,173,217,222,214,285,252,197,334,229,247,242,220,181,216,235,235,262,307,206,175,182,192,233,157,164,139,132,153,151,122,111,139,109,121,141,89,98,110,70
29-set,,92,86,102,82,94,106,121,102,186,182,222,226,215,283,256,201,333,226,253,242,220,176,212,241,236,265,312,209,177,180,194,236,157,156,141,129,151,155,121,118,144,109,119,136,90,98,110,68
30-set,,93,85,101,82,94,117,118,105,188,190,221,231,218,281,256,203,332,222,256,243,221,173,209,245,249,255,315,210,179,180,193,234,164,150,142,129,148,156,123,129,142,109,115,130,90,100,110,68
1-out,,95,84,100,82,96,123,116,108,192,193,226,237,223,282,251,211,331,219,257,244,225,170,207,242,267,250,317,213,181,180,193,232,167,148,143,130,144,157,127,136,146,107,113,121,89,100,107,71
2-out,,101,84,103,83,96,129,115,114,194,193,227,240,228,282,248,214,329,216,254,244,224,171,205,237,287,254,317,217,185,182,191,233,170,148,145,131,141,164,130,146,151,105,111,112,89,99,101,75
3-out,,108,84,110,86,96,136,113,121,191,190,228,240,232,284,249,219,327,217,251,243,224,172,204,230,279,268,316,221,188,184,190,235,173,146,145,134,137,170,136,151,157,103,108,107,94,97,97,80
4-out,,113,85,131,89,96,137,111,135,188,186,222,243,232,287,248,224,328,221,247,241,224,175,204,226,292,258,312,225,192,184,190,239,176,146,142,136,134,170,140,156,169,101,108,104,101,100,98,82
5-out,,116,85,135,95,98,139,112,138,185,185,214,248,227,289,247,227,329,225,242,238,225,182,204,222,303,262,304,225,200,184,191,243,177,145,140,138,132,167,143,158,178,100,115,102,105,101,104,85
6-out,,117,85,121,98,103,145,113,133,183,184,209,252,220,291,244,226,330,228,239,236,227,191,206,220,310,268,294,225,210,183,193,246,173,144,139,137,131,164,146,153,185,100,116,102,107,104,109,92
7-out,,122,86,108,104,105,153,111,127,181,180,209,251,212,292,245,225,330,233,237,234,232,195,207,220,314,271,289,224,214,180,194,244,168,144,138,134,129,167,146,150,188,101,119,102,123,104,115,99
8-out,,120,86,104,105,108,157,110,121,173,181,208,248,204,293,247,223,332,239,235,236,238,199,207,220,316,272,290,224,216,179,192,241,165,144,137,133,127,169,144,148,190,107,121,103,126,105,121,104
9-out,,118,87,100,103,110,155,108,116,170,184,208,249,198,292,250,218,337,245,232,238,243,207,208,222,316,270,298,223,215,177,190,234,163,145,137,132,125,172,137,148,188,109,121,111,123,107,122,106
10-out,,115,88,97,101,112,149,110,111,172,182,210,255,197,289,249,215,341,248,229,241,248,212,209,228,314,270,304,223,209,177,187,229,161,148,141,133,124,176,134,144,184,110,118,116,117,110,119,103
11-out,,118,89,98,100,108,147,114,107,174,181,211,258,197,286,247,216,350,250,227,243,248,215,212,230,309,266,307,220,198,185,186,220,160,150,142,134,123,187,131,139,180,111,114,117,109,113,122,99
12-out,,122,91,97,99,106,146,117,105,176,187,212,257,201,280,245,218,353,255,224,256,252,216,218,232,303,259,310,211,190,192,185,214,158,150,142,133,124,198,127,132,176,117,115,112,103,115,118,96
13-out,,124,93,97,103,108,141,120,109,170,188,216,249,209,273,243,219,354,261,222,268,253,211,229,233,298,251,313,207,186,201,184,210,156,150,141,134,128,207,124,125,174,124,114,113,96,116,119,98
14-out,,122,94,99,102,109,138,123,116,167,190,223,235,219,268,243,230,353,267,221,271,246,204,241,243,290,245,318,201,181,208,184,207,156,149,140,145,134,208,128,120,178,131,113,112,93,117,115,100
15-out,,120,96,105,101,110,140,127,116,163,183,224,223,230,262,248,232,353,270,220,274,241,195,249,249,285,230,322,195,180,208,184,205,156,148,137,156,138,207,133,119,178,137,113,113,92,120,109,103
16-out,,125,97,120,102,109,144,131,114,164,182,224,218,239,261,249,232,356,273,219,273,238,186,256,251,275,230,323,190,179,209,185,201,158,147,135,164,140,198,143,121,182,141,113,113,92,127,106,109
17-out,,128,98,132,111,108,142,134,110,163,180,217,214,245,263,248,224,357,277,221,271,239,182,262,253,269,224,324,187,178,209,185,198,160,147,134,170,139,187,157,119,192,144,114,112,90,130,103,111
18-out,,130,102,136,113,108,134,137,110,167,178,204,211,250,265,247,218,360,281,222,267,241,180,265,253,264,217,325,184,176,210,182,196,162,145,133,178,138,178,170,117,212,146,113,111,90,130,101,113
19-out,,135,107,132,115,107,124,135,112,170,176,204,210,258,265,247,218,371,285,227,263,246,178,266,253,266,212,327,184,179,207,179,197,165,143,136,183,140,166,172,116,225,148,109,106,95,125,100,115
20-out,,143,112,133,128,106,116,135,118,171,177,203,207,267,266,246,220,369,286,244,265,251,177,258,254,272,210,328,184,184,206,174,198,165,143,137,187,144,155,170,117,235,154,108,104,109,121,102,118
21-out,,150,114,142,137,105,110,139,125,180,180,193,206,276,265,238,224,367,286,259,268,256,176,250,255,276,214,329,183,187,206,162,200,164,142,138,191,150,152,162,124,244,159,108,103,122,120,101,122
22-out,,160,117,150,137,104,107,142,128,187,189,192,207,284,261,228,227,365,287,276,269,258,178,240,254,282,216,327,183,189,209,152,202,159,142,138,194,160,155,154,128,247,162,110,127,130,120,95,129
23-out,,165,121,166,133,99,106,141,130,194,194,194,205,292,255,222,239,361,288,285,271,261,181,234,246,289,216,325,184,190,210,152,203,154,141,138,194,168,165,145,129,248,168,116,141,148,118,89,132
24-out,,167,124,180,127,95,107,132,126,201,195,204,202,297,248,218,249,357,289,296,281,264,184,226,236,294,222,322,185,190,209,157,206,149,141,138,196,168,176,149,129,250,178,146,145,154,113,82,129
25-out,,168,129,184,125,94,111,125,121,204,195,213,200,302,240,217,261,356,292,303,291,266,186,222,230,300,228,320,185,192,208,147,209,148,145,138,194,165,183,150,133,249,182,149,155,155,109,82,124
26-out,,173,131,174,127,98,108,119,124,207,190,220,205,307,233,217,268,355,294,308,298,267,190,219,233,307,242,319,189,205,207,185,213,152,150,141,185,161,195,150,134,255,189,144,161,156,106,82,117
27-out,,180,133,155,132,106,105,114,125,204,183,226,208,312,228,219,273,354,294,312,298,267,200,217,234,310,254,321,196,218,205,205,219,158,158,142,175,155,200,150,134,260,189,144,167,160,105,80,112
28-out,,180,134,140,130,113,105,113,125,205,174,228,212,313,223,221,279,354,291,313,298,266,208,215,237,320,262,322,205,232,198,220,226,172,167,147,166,149,206,149,136,262,183,144,163,169,110,87,110
29-out,,175,133,132,124,122,116,112,131,205,168,227,214,312,219,222,286,353,287,314,297,263,215,212,242,326,267,326,214,243,190,220,230,190,174,153,160,142,217,155,138,264,178,139,160,175,117,89,110
30-out,,172,132,133,115,130,117,113,137,212,165,226,217,310,217,222,288,354,281,316,297,259,221,209,248,328,270,330,221,256,181,220,234,205,178,155,152,140,221,163,140,265,178,136,160,175,122,89,111
31-out,,171,130,137,106,131,125,113,144,220,164,226,221,306,215,225,292,354,277,317,297,252,223,207,248,335,271,333,228,267,177,220,236,208,179,157,147,140,226,173,142,258,179,134,161,171,121,88,114
1-nov,,165,130,152,103,130,139,113,147,225,168,226,223,304,214,236,295,353,272,318,297,244,224,210,251,337,268,337,237,274,172,223,234,,179,163,140,141,231,182,148,262,173,135,159,169,118,86,114
2-nov,,173,128,166,104,130,157,113,156,226,167,232,223,302,215,248,295,353,273,319,298,237,225,214,254,339,266,340,241,277,172,227,228,,177,171,138,147,233,186,153,246,168,136,156,137,115,83,112
3-nov,,175,127,164,104,129,171,120,166,220,176,247,223,299,222,254,297,351,274,317,299,231,227,216,255,341,263,346,244,279,171,231,225,,174,182,145,154,238,190,156,234,166,134,154,125,111,82,112
4-nov,,168,125,150,110,128,178,120,191,209,192,258,225,297,236,257,301,350,280,316,301,227,229,219,256,341,256,357,237,279,167,237,221,,176,193,157,163,235,187,161,230,166,134,153,125,110,83,117
5-nov,,161,124,131,125,127,181,122,210,199,204,267,228,298,252,261,304,349,286,314,304,225,232,224,256,342,260,363,231,273,164,250,219,,179,202,172,174,232,178,163,242,175,132,152,137,115,87,125
6-nov,,151,122,121,139,126,183,122,218,192,211,272,230,299,266,263,307,349,292,311,306,224,233,231,253,343,266,365,224,256,161,268,218,,181,212,186,176,229,166,157,250,188,129,159,160,116,97,133
7-nov,,142,121,110,148,125,182,128,225,190,215,274,231,303,278,267,308,348,295,306,308,222,229,237,250,344,267,369,221,243,157,280,212,,186,221,198,174,221,158,146,254,202,129,167,177,117,105,137
8-nov,,137,119,102,145,129,182,137,233,193,215,274,231,306,286,271,307,347,300,303,309,215,226,243,250,342,268,371,222,237,161,288,207,,193,225,202,173,205,156,140,250,206,132,174,192,120,123,135
9-nov,,130,116,100,140,134,176,141,238,198,213,279,230,309,293,276,306,347,306,303,310,212,224,243,251,338,266,372,230,232,179,293,202,,197,229,211,170,188,157,139,246,211,134,181,195,120,135,128
10-nov,,125,113,97,134,133,168,144,240,203,218,281,230,313,298,283,306,348,310,303,309,209,224,237,255,340,264,373,240,223,184,298,195,,206,232,222,169,175,160,141,252,210,133,186,196,120,146,122
11-nov,,121,110,96,129,130,163,148,238,203,221,284,230,316,300,291,306,348,312,304,308,213,226,228,261,340,264,372,251,213,196,301,197,,215,235,229,166,167,163,147,260,212,129,204,196,120,149,122
12-nov,,120,107,95,121,129,162,155,244,197,231,284,230,318,303,299,301,350,316,310,307,219,228,219,271,332,272,372,260,201,208,304,198,,219,230,233,163,160,165,160,268,220,125,215,193,120,148,118
13-nov,,124,105,95,120,123,165,157,240,188,251,284,230,322,304,305,298,351,328,317,306,224,231,214,280,332,274,372,266,197,217,307,199,,222,223,235,160,158,168,167,272,223,125,227,188,115,141,108
14-nov,,126,102,100,122,117,165,161,238,184,267,281,233,325,304,309,310,355,338,330,305,236,235,209,288,332,274,372,273,193,220,306,200,,225,215,237,160,161,174,169,272,221,131,233,179,113,138,103
15-nov,,124,109,105,131,112,168,166,245,185,274,279,238,328,302,311,315,361,343,336,305,248,239,205,298,332,272,372,278,191,227,306,202,,230,210,235,162,173,178,173,264,215,142,231,167,110,139,111
16-nov,,122,118,113,139,106,172,170,256,191,280,277,246,329,300,313,319,368,349,342,305,256,244,203,305,331,272,374,278,191,239,307,203,,230,208,232,168,186,186,168,252,212,150,224,162,108,146,119
17-nov,,127,126,123,150,100,174,168,264,200,286,273,252,329,298,315,324,376,356,345,299,261,252,203,310,332,275,376,270,198,241,313,205,,227,208,223,170,207,200,161,238,215,152,220,161,111,151,133
18-nov,,130,135,128,155,96,176,167,272,206,290,269,260,330,292,317,329,379,363,349,291,258,262,208,316,333,284,375,260,209,242,317,217,,223,214,215,174,229,217,158,220,218,152,216,165,115,148,140
19-nov,,135,151,134,162,97,173,168,276,207,292,268,268,331,285,318,336,382,370,356,282,256,268,214,312,316,291,375,253,224,243,321,231,,217,219,211,168,249,227,154,202,217,154,209,181,122,146,143
20-nov,,140,184,138,167,98,166,175,278,204,292,265,276,333,278,318,342,385,377,361,271,255,271,224,304,312,296,378,248,231,252,331,242,,212,219,215,159,263,239,145,186,212,157,201,196,133,145,146
21-nov,,141,178,137,170,99,167,182,281,197,288,264,283,333,272,315,347,387,383,366,263,250,271,232,294,308,297,378,245,236,259,338,252,,198,210,223,152,272,250,143,176,207,157,188,211,138,140,150
22-nov,,141,171,135,180,101,169,195,280,188,284,264,288,335,272,313,349,391,392,370,255,247,271,235,275,303,300,379,244,237,265,346,261,,183,198,229,146,279,256,145,169,197,157,177,214,136,140,149
23-nov,,141,167,140,197,104,170,203,276,182,281,265,292,337,270,310,350,394,393,370,253,245,269,236,260,303,306,381,243,241,271,351,263,,184,191,235,139,282,262,150,161,189,160,159,214,131,139,145
24-nov,,138,162,133,214,103,174,221,271,178,278,269,296,338,267,307,351,397,394,375,247,244,265,242,251,307,308,385,242,242,277,355,265,,187,197,236,135,282,267,160,158,183,153,152,211,128,142,148
25-nov,,137,157,123,215,102,175,234,267,175,285,276,303,339,264,304,352,396,394,382,246,243,261,251,245,316,310,387,240,245,282,360,266,,186,202,238,132,280,267,165,158,180,146,151,205,132,145,157
26-nov,,135,153,115,209,99,174,244,260,174,297,283,308,341,261,301,353,396,395,389,249,242,257,260,242,319,312,398,238,247,289,365,267,,185,209,238,130,276,266,166,158,178,144,159,199,131,148,167
27-nov,,134,151,110,200,97,171,249,254,178,300,291,313,342,253,297,354,398,398,396,254,240,254,269,240,324,318,408,236,248,295,368,270,,177,217,234,133,273,259,164,156,181,142,165,193,137,154,179
28-nov,,132,156,105,199,97,169,252,251,186,307,298,319,343,249,296,355,399,399,402,262,240,254,278,242,329,316,419,236,249,297,370,278,,177,224,231,138,269,251,164,156,193,136,169,192,141,159,192
29-nov,,130,164,103,198,99,166,256,247,190,322,309,323,345,247,297,356,399,402,407,268,242,256,288,236,331,302,427,239,250,299,372,285,,183,228,236,147,264,238,166,160,217,123,174,193,145,164,191
30-nov,,132,171,100,190,99,159,261,243,195,325,316,328,346,246,305,356,400,405,409,268,246,258,293,234,332,301,432,243,250,302,372,297,,193,230,253,158,266,225,176,160,231,120,181,197,144,169,183
1-dez,,129,171,104,180,100,156,263,240,202,334,323,331,347,246,313,356,400,413,408,267,261,266,297,237,334,290,448,245,250,307,371,307,314,203,235,270,168,272,216,188,169,245,118,186,202,137,172,180
2-dez,,132,168,108,174,100,154,264,237,203,351,326,332,349,246,323,355,403,422,407,265,276,275,299,236,338,282,448,249,249,312,371,312,325,209,238,285,175,281,217,202,176,253,119,186,204,129,170,174
3-dez,,138,159,119,167,102,151,263,234,207,367,332,334,350,246,332,353,407,429,410,259,289,281,302,240,341,275,454,251,251,312,372,320,344,210,244,292,183,288,223,216,180,256,127,181,204,121,169,164
4-dez,,147,149,134,168,111,150,261,231,215,373,336,337,351,247,342,351,411,433,412,254,300,288,305,248,345,271,458,244,266,314,369,325,359,208,249,297,190,296,233,217,204,255,135,179,201,118,168,159
5-dez,,153,138,157,170,118,152,259,228,228,378,337,340,351,251,347,349,414,436,413,250,308,296,307,259,346,270,459,238,271,313,361,330,373,206,255,304,192,303,238,229,228,257,141,191,200,123,166,153
6-dez,,157,128,178,175,119,150,260,228,238,385,337,343,357,252,357,347,417,436,413,245,318,304,308,273,350,270,457,233,273,308,357,336,386,204,261,311,191,315,239,230,244,261,144,202,200,131,165,143
7-dez,,161,124,190,180,117,158,261,231,250,389,338,345,358,253,361,345,421,432,414,238,322,311,309,279,342,272,457,230,275,304,354,339,398,201,270,318,189,322,236,230,260,265,145,234,200,135,162,138
8-dez,,159,125,195,176,115,172,263,259,258,393,338,343,359,253,367,344,421,430,417,230,324,317,315,288,342,274,457,229,281,300,353,341,410,200,278,333,182,328,228,228,270,267,144,251,199,128,165,139
9-dez,,157,126,202,174,110,181,264,277,263,399,337,339,361,251,371,344,421,428,419,223,325,324,318,298,341,280,460,227,285,304,350,345,432,203,284,342,177,338,223,236,280,268,139,259,193,125,168,142
10-dez,,155,125,208,165,104,191,263,285,268,408,336,333,364,249,377,345,423,428,420,217,325,334,322,305,340,286,475,225,289,308,349,348,446,207,288,349,178,348,218,242,288,265,132,270,183,133,162,148
11-dez,,153,125,208,158,99,206,265,294,270,407,337,326,366,246,380,346,427,428,422,212,324,341,327,314,346,294,502,224,303,310,347,349,449,212,293,361,188,353,217,244,293,260,126,280,174,151,158,156
12-dez,,149,125,204,164,96,220,279,302,270,404,337,320,370,245,380,347,430,436,424,208,324,349,331,340,338,302,523,229,310,311,345,351,449,222,297,365,195,358,223,247,294,262,132,288,167,157,159,162
13-dez,250,143,124,196,168,95,229,282,307,269,401,337,315,374,247,381,351,433,444,425,206,325,358,335,348,343,306,537,245,313,316,349,355,450,238,299,368,210,359,229,250,296,262,142,293,164,161,164,171
14-dez,258,136,124,193,200,93,237,287,313,270,399,338,313,378,255,385,354,437,455,427,204,325,365,339,368,344,314,545,255,316,324,352,361,452,253,304,375,222,354,228,253,300,262,157,298,163,167,171,181
15-dez,265,124,122,196,210,91,242,292,318,268,397,341,317,383,267,384,356,441,459,430,207,327,371,343,374,350,316,543,266,317,331,354,370,451,263,315,379,235,349,223,254,301,263,167,303,166,181,170,196
16-dez,269,130,128,200,217,91,246,297,321,274,395,345,321,388,280,384,359,446,464,430,216,330,377,349,380,347,316,540,270,317,345,356,378,450,272,327,382,248,343,219,252,305,271,174,309,168,198,179,213
17-dez,270,139,143,206,225,93,249,302,323,276,393,349,325,391,292,384,365,450,464,428,221,332,381,351,384,344,322,536,275,318,356,359,384,448,277,334,385,259,336,214,248,311,275,182,314,167,202,197,222
18-dez,270,150,168,210,230,94,248,313,326,278,392,352,329,394,303,385,369,450,463,427,224,334,386,355,387,342,324,530,282,319,360,366,389,445,280,337,393,272,329,210,247,326,277,189,317,163,192,212,232
19-dez,270,157,163,214,240,96,242,323,330,286,392,353,333,400,312,386,373,450,461,426,227,340,391,359,388,341,329,527,287,319,364,370,393,443,286,341,401,279,321,208,248,334,280,192,323,156,186,223,243
20-dez,259,163,154,216,253,100,235,339,332,296,389,354,339,408,319,388,376,449,460,427,235,354,394,364,387,351,334,524,305,320,371,371,396,440,288,348,408,286,313,217,257,340,284,192,325,152,178,233,253
21-dez,251,170,163,226,263,109,227,352,336,302,385,356,345,414,326,388,376,446,460,428,242,366,397,369,386,345,340,522,311,320,376,373,399,440,291,353,414,289,306,223,270,350,287,191,329,142,170,236,263
22-dez,241,183,175,246,273,117,217,367,338,317,386,359,353,417,334,388,379,444,462,428,250,376,405,373,384,343,344,522,313,322,379,372,401,451,295,356,421,292,289,234,276,354,288,188,330,137,156,236,274
23-dez,233,196,190,258,282,130,206,377,340,321,386,363,359,417,341,387,383,446,465,429,262,379,412,377,381,351,350,519,318,329,379,369,404,454,297,356,434,292,278,253,280,358,288,181,330,141,154,232,286
24-dez,223,200,206,276,292,144,197,382,342,329,386,369,364,416,345,385,392,446,468,429,269,382,419,382,378,346,354,515,319,336,380,365,402,452,298,358,439,295,270,264,283,358,288,170,332,142,160,224,293
25-dez,213,200,220,282,298,158,187,389,343,334,384,373,369,418,357,384,398,446,468,430,279,385,424,389,376,341,359,510,320,344,380,363,400,450,300,358,444,297,267,272,284,359,288,166,333,142,173,214,300
26-dez,207,201,237,290,303,174,177,392,346,338,384,377,374,420,368,383,404,444,469,429,285,389,423,397,374,341,363,504,321,347,381,362,398,449,299,357,447,300,262,277,290,356,288,171,337,144,190,202,302
27-dez,205,194,243,300,302,182,170,394,353,344,378,379,378,423,380,381,408,443,466,429,289,392,421,404,372,341,363,500,322,351,381,363,392,448,296,354,449,297,262,282,298,353,289,178,341,146,200,189,304
28-dez,199,182,247,306,300,180,178,390,357,350,372,383,381,428,392,381,412,442,467,432,293,392,419,412,372,345,367,495,322,358,384,372,387,444,295,353,450,289,261,287,306,351,293,186,345,148,210,187,305
29-dez,196,161,248,317,298,176,178,385,360,355,371,387,383,435,401,381,415,439,470,434,295,388,418,418,372,343,365,490,325,370,384,380,383,440,290,352,450,282,262,291,313,353,294,199,351,151,219,195,304
30-dez,192,148,250,325,290,171,186,384,361,364,375,394,385,444,405,382,418,436,472,434,293,384,418,423,372,347,370,485,328,381,385,386,379,436,288,350,450,278,272,292,316,352,295,217,357,161,226,196,302
31-dez,189,138,245,334,285,166,188,384,362,370,381,398,388,454,414,383,421,433,474,434,289,382,419,421,371,343,367,486,331,389,385,389,377,428,287,350,451,279,280,295,317,350,298,235,361,172,229,192,300
