DIA,1961,1962,1963,1964,1965,1966,1967,1968,1969,1970,1971,1972,1973,1974,1975,1976,1977,1978,1979,1980,1981,1982,1983,1984,1985,1986,1987,1988,1989,1990,1991,1992,1993,1994,1995,1996,1997,1998,1999,2000,2001,2002,2003,2004,2005,2006,2007,2008,2009,2010,2011,2012,2013,2014
1-jan,16,46,65,,,10,81,-31,75,60,147,-71,126,96,145,100,177,166,148,178,190,162,256,166,247,63,77,108,58,137,,156,327,77,159,131,94,181,167,44,68,131,-15,107,110,54,180,106,-7,63,-4,-49,-6,2
2-jan,16,45,63,,,6,80,-30,69,62,146,-72,126,104,144,105,182,166,153,182,188,162,256,166,248,62,76,110,60,132,,156,327,77,164,131,100,181,173,44,69,139,-16,107,112,55,174,106,-7,64,-3,-48,-7,1
3-jan,16,44,61,,,2,80,-30,60,62,145,-74,121,109,143,109,187,165,156,185,187,163,255,165,250,62,80,112,64,130,,155,326,77,168,129,103,181,176,43,70,147,-17,108,114,57,169,105,-5,65,-3,-47,-8,1
4-jan,16,43,59,,,0,79,-29,55,60,144,-76,120,113,142,113,193,165,164,185,187,163,255,166,254,61,79,114,67,128,,155,323,78,174,127,106,181,178,41,70,154,-17,108,114,59,169,103,-2,67,-3,-47,-6,2
5-jan,16,41,57,,,4,79,-28,51,60,142,-78,118,117,141,113,199,164,175,184,190,163,257,166,256,65,79,116,69,127,,154,320,78,178,125,107,181,180,39,70,161,-15,107,115,61,162,103,-2,68,-2,-46,-2,5
6-jan,16,40,55,,,6,78,-20,49,60,140,-82,115,121,140,115,205,164,185,184,192,162,258,166,256,65,77,116,72,127,,154,319,78,187,123,107,181,183,37,70,168,-12,107,116,62,162,102,-1,69,-3,-47,-1,10
7-jan,16,39,52,,,6,78,-26,47,60,137,-82,110,124,139,116,211,163,197,189,193,160,259,166,258,63,77,116,74,126,,153,316,78,199,123,107,184,185,35,72,173,-11,107,116,63,168,101,-1,70,-3,-45,1,14
8-jan,16,38,49,,,8,77,-26,46,57,132,-82,103,129,138,116,217,165,205,193,193,160,260,166,260,62,76,120,77,126,,153,313,78,211,122,108,188,188,34,73,178,-11,108,118,65,172,100,-1,73,-4,-44,4,16
9-jan,16,38,46,,,12,76,-24,45,57,130,-82,100,131,137,117,223,165,210,196,192,159,262,166,264,61,75,122,80,126,,152,312,78,226,121,108,193,189,32,75,182,-12,111,118,69,173,104,-1,76,-4,-42,5,16
10-jan,17,38,43,,,15,76,-21,45,56,130,-83,99,133,137,118,227,165,224,200,192,158,264,166,266,62,73,145,82,128,,152,312,78,245,124,109,204,191,30,82,185,-12,112,117,70,173,109,-1,78,-2,-41,7,20
11-jan,18,38,40,,,16,76,-20,44,54,127,-84,99,135,134,119,229,168,231,201,192,157,268,166,268,63,72,149,84,128,,152,311,78,260,122,111,213,193,29,85,188,-11,114,117,71,173,111,1,80,-4,-38,9,24
12-jan,19,38,37,,,18,76,-20,43,53,125,-84,98,137,132,120,233,171,239,202,191,157,272,165,270,63,70,152,86,130,,152,310,78,275,122,111,226,197,26,86,192,8,115,117,73,173,114,4,82,-5,-38,10,26
13-jan,20,38,34,,,18,76,-18,42,52,120,-82,96,139,130,120,247,172,247,203,195,157,276,165,272,63,69,155,90,135,,154,310,78,293,122,112,232,199,25,86,195,12,115,119,75,173,117,6,85,-4,-35,12,27
14-jan,21,38,32,,,20,76,-18,41,51,115,-82,92,141,130,121,258,176,256,202,196,156,281,165,272,65,69,168,95,136,,154,307,78,292,127,112,235,200,24,89,196,15,115,119,77,173,118,8,88,-3,-33,14,28
15-jan,22,38,30,,,22,76,-17,39,46,111,-83,84,147,129,121,268,179,266,201,202,156,291,166,274,65,69,173,100,136,,155,306,78,298,134,112,239,201,23,92,201,17,115,119,78,173,119,8,90,-2,-33,18,28
16-jan,23,37,28,,,22,76,-16,38,43,107,-83,78,155,129,122,278,183,275,200,205,155,299,166,278,65,69,175,100,137,,157,305,78,302,138,113,243,203,22,95,208,20,116,122,81,173,119,10,92,-1,-33,20,29
17-jan,23,36,26,,,22,75,-15,35,43,102,-82,74,162,129,123,288,187,282,199,208,154,309,166,280,66,69,178,110,138,,158,304,78,307,143,114,247,204,20,99,212,22,116,129,82,175,119,13,96,1,-30,22,29
18-jan,24,35,24,,,22,73,-13,35,42,100,-81,69,171,129,123,297,196,286,197,212,153,317,166,285,65,67,183,114,140,,173,302,78,310,147,117,249,206,19,102,215,24,117,131,85,176,119,15,100,2,-26,23,29
19-jan,24,35,22,,,20,71,-12,35,42,97,-79,63,177,130,123,304,206,292,194,218,152,328,166,288,75,68,185,118,143,,183,301,78,313,154,121,256,207,19,104,217,25,118,131,88,176,120,16,100,3,-23,24,29
20-jan,25,34,20,,,20,69,-11,30,42,96,-78,58,183,131,122,310,218,296,192,223,151,334,166,291,82,67,188,122,147,,186,301,80,316,162,128,257,209,18,103,219,25,119,133,90,176,121,16,109,4,-21,24,30
21-jan,25,33,18,,,18,67,-10,24,42,95,-75,57,189,131,121,316,231,299,191,233,150,339,167,292,84,65,188,125,148,,196,300,80,317,169,132,257,210,18,106,220,26,119,133,93,178,123,18,113,6,-19,25,31
22-jan,26,32,16,,,18,65,-10,21,43,94,-75,57,193,130,120,321,247,301,190,254,150,344,170,294,84,65,190,126,149,,198,300,82,320,178,135,257,207,17,106,220,26,120,132,94,178,127,17,116,8,-18,27,31
23-jan,27,30,14,,,16,64,-8,18,42,91,-75,57,202,129,120,326,259,304,188,270,150,350,173,296,86,67,193,128,150,,198,301,83,325,185,138,257,208,17,106,221,28,121,133,97,179,136,17,119,14,-13,29,31
24-jan,27,29,12,,,16,63,-8,17,42,91,-75,57,209,130,120,332,273,306,186,281,150,355,173,298,87,69,194,130,150,,200,303,83,327,190,140,257,208,16,108,221,31,124,134,100,180,141,17,124,18,-11,30,32
25-jan,27,27,10,,,16,61,-6,16,45,91,-75,57,216,131,119,339,283,308,186,290,150,358,174,299,87,73,194,132,150,,200,304,83,328,194,141,257,208,16,109,221,33,126,137,101,181,147,18,129,22,-7,32,32
26-jan,27,26,8,,,15,59,-4,16,46,91,-74,57,228,132,118,343,296,309,186,300,149,364,175,300,88,77,194,134,150,,200,305,83,329,195,143,255,206,18,110,220,37,128,142,103,186,156,19,134,27,-4,34,39
27-jan,27,24,6,,,14,58,-3,15,46,91,-73,57,236,132,120,348,304,311,185,306,148,372,178,304,89,81,194,140,152,,202,305,83,331,197,144,254,206,18,110,220,44,129,147,105,187,165,22,139,31,1,35,41
28-jan,27,23,5,,,14,56,-2,14,48,90,-73,58,245,133,120,352,312,313,188,312,147,377,181,305,90,87,195,160,153,,202,306,84,332,198,146,251,206,16,110,220,45,129,153,108,191,174,23,144,31,3,36,41
29-jan,27,22,3,,,14,54,-1,14,49,90,-71,58,251,133,120,355,320,315,191,318,148,381,184,306,91,96,195,180,154,,202,306,86,335,197,147,250,206,16,110,221,46,130,161,111,194,180,24,148,34,6,40,42
30-jan,27,22,,,,16,53,0,14,49,90,-71,58,257,136,124,358,329,319,192,323,147,384,185,307,92,105,195,196,154,,202,306,86,337,199,149,248,207,15,110,220,47,130,167,115,196,191,27,155,48,9,41,42
31-jan,27,22,,,,18,52,0,15,50,90,-71,58,263,139,125,362,333,321,195,328,147,388,186,308,94,119,195,200,154,,204,306,87,342,197,154,248,207,20,110,220,47,129,172,118,198,196,27,165,43,14,42,44
1-fev,27,22,4,,,24,51,0,15,47,91,-69,58,265,143,127,367,338,322,198,331,149,392,187,308,94,131,196,216,150,149,204,307,88,347,197,164,245,208,16,110,220,48,129,180,120,202,202,29,177,45,19,42,46
2-fev,27,22,7,,,26,50,0,16,47,92,-66,58,272,146,130,370,342,323,200,334,152,394,190,309,98,142,196,226,150,149,204,307,88,349,197,170,245,208,17,110,220,48,130,186,122,213,207,30,182,45,21,43,47
3-fev,27,22,10,,,30,49,0,15,49,95,-64,57,277,146,131,371,345,323,201,337,155,396,193,310,100,147,196,231,150,149,204,308,88,353,197,181,243,210,18,110,220,48,132,194,124,219,209,30,188,46,22,44,47
4-fev,28,22,12,,,32,48,0,13,48,98,-63,56,281,148,134,372,347,323,202,340,160,399,196,312,103,154,196,240,150,149,204,309,88,357,199,182,241,212,20,111,220,48,134,198,125,221,213,31,194,47,25,45,49
5-fev,28,22,14,,,36,47,0,14,47,101,-61,55,284,149,138,372,349,323,204,343,174,402,199,314,105,159,197,246,151,150,204,309,88,361,196,184,240,213,21,110,220,48,136,200,126,228,213,31,200,47,27,45,50
6-fev,28,22,15,,,36,46,2,14,46,102,-58,55,289,149,142,373,351,324,208,347,180,404,200,314,106,164,197,250,152,149,204,308,88,366,193,189,239,213,22,109,219,48,141,202,127,231,214,32,207,49,29,46,50
7-fev,28,22,17,,,36,44,2,16,42,103,-54,54,292,150,146,374,352,324,210,348,184,406,204,315,107,168,197,263,158,149,204,307,89,369,194,192,238,214,25,108,222,48,143,204,129,234,215,32,213,51,32,46,51
8-fev,28,22,18,,,36,43,2,17,41,104,-53,55,296,152,148,375,354,325,212,352,189,408,208,315,106,172,200,275,162,149,204,307,92,372,193,198,237,215,26,108,224,49,145,206,131,237,216,34,219,53,34,46,51
9-fev,28,21,19,,,45,42,2,16,41,105,-50,54,302,154,150,376,355,325,214,354,197,410,211,315,107,177,200,300,164,148,204,306,94,374,192,205,235,218,28,106,225,51,146,206,133,239,216,37,227,58,36,48,51
10-fev,28,21,21,,,50,40,2,18,41,103,-48,53,307,155,153,377,356,325,216,357,199,411,214,315,107,184,200,308,166,148,204,306,96,376,191,205,234,219,29,103,225,52,146,207,134,240,216,39,233,61,37,49,52
11-fev,28,21,22,,,60,38,2,18,40,102,-47,53,310,156,157,377,356,327,226,360,204,412,216,315,110,188,200,319,170,148,204,307,96,377,189,205,232,220,32,102,225,54,146,207,136,241,219,40,240,67,37,49,53
12-fev,28,20,24,,,60,37,2,18,38,102,-46,52,313,156,160,378,356,329,226,363,206,413,216,315,110,190,200,329,176,148,204,309,98,380,189,208,230,223,37,101,225,55,148,207,138,248,221,41,247,80,39,49,53
13-fev,28,20,27,,,64,36,5,15,34,102,-45,53,319,157,162,378,356,330,228,366,208,414,218,315,111,194,202,337,178,148,204,310,102,384,188,211,229,225,42,101,225,57,152,207,139,252,222,43,260,87,40,50,53
14-fev,28,20,29,,,68,35,12,15,32,102,-45,58,325,157,163,379,356,332,231,369,210,415,222,321,112,196,202,342,180,148,204,311,104,384,188,214,228,225,49,102,225,59,155,208,140,256,223,59,268,92,41,51,49
15-fev,28,21,32,,,70,33,12,17,30,102,-44,59,331,158,167,379,356,334,233,373,212,416,224,326,118,203,204,350,182,148,204,312,106,385,188,220,225,225,56,101,225,61,158,208,141,259,223,62,277,97,41,51,50
16-fev,28,21,34,,,74,31,16,18,29,101,-43,60,335,158,170,379,355,336,235,373,214,416,228,331,120,207,206,356,185,150,204,313,108,387,188,225,223,225,63,101,226,64,159,208,142,262,224,63,282,102,41,51,50
17-fev,28,21,37,,,78,29,21,20,27,100,-42,61,336,157,172,379,355,338,237,377,219,418,232,336,122,210,206,360,188,150,204,313,109,390,189,228,221,225,69,101,227,67,161,207,145,266,224,65,287,107,42,52,52
18-fev,29,22,39,,,79,27,26,20,26,97,-41,61,337,156,175,380,355,340,239,379,222,420,236,342,124,214,207,369,191,151,201,314,110,393,189,230,219,225,73,103,230,70,166,207,147,269,224,66,293,110,42,54,54
19-fev,29,22,43,,,80,25,26,20,25,93,-40,62,338,156,178,380,354,342,239,382,225,421,239,342,130,218,208,375,194,153,197,314,113,393,189,234,216,226,75,105,235,74,168,207,148,272,225,67,296,114,42,55,54
20-fev,29,22,47,,,82,24,30,19,22,91,-38,64,339,155,184,380,352,347,241,382,228,422,241,343,136,222,208,378,196,156,197,315,115,393,188,239,214,226,77,109,238,77,170,207,150,274,225,68,300,118,40,56,55
21-fev,29,22,51,,,86,22,38,19,21,89,-35,64,339,154,187,380,353,350,246,382,231,423,244,344,140,222,210,383,198,157,192,315,117,394,188,245,213,229,80,114,241,81,171,208,151,276,225,68,301,124,38,57,55
22-fev,30,22,54,,,86,19,31,19,21,87,-33,64,340,153,189,380,356,352,246,382,234,423,247,344,147,227,215,390,201,158,190,317,119,395,188,250,215,231,82,122,244,85,171,208,152,278,225,69,303,129,37,59,56
23-fev,31,22,58,,,88,16,50,18,20,86,-30,64,340,151,191,381,355,358,247,382,238,423,250,345,150,229,220,393,202,159,190,317,123,395,188,253,213,231,85,126,245,89,171,208,153,280,225,70,303,136,39,60,56
24-fev,32,22,62,,,89,13,50,18,17,84,-27,65,341,149,195,381,355,362,249,383,242,423,251,350,151,229,225,398,204,161,193,319,126,396,188,256,213,232,87,128,245,91,171,209,153,282,230,71,304,141,41,61,59
25-fev,33,22,66,,,90,10,50,18,17,83,-25,66,340,148,197,382,354,366,251,384,246,424,252,355,152,231,230,400,206,162,195,320,129,396,189,259,210,233,88,132,245,93,169,209,157,283,233,73,304,146,43,62,59
26-fev,34,22,71,,,92,7,54,19,17,81,-22,66,340,148,199,383,354,370,253,385,250,425,253,356,154,234,232,404,207,162,199,321,130,397,189,261,210,233,90,133,246,96,169,210,158,284,236,73,307,150,43,63,60
27-fev,35,21,75,,,92,4,54,19,15,80,-19,66,340,147,200,384,355,370,259,385,253,424,255,358,156,234,235,405,210,166,200,322,132,397,190,263,209,235,90,134,247,98,167,216,159,285,238,73,307,152,47,64,60
28-fev,37,20,80,,,92,0,58,19,14,79,-14,67,340,147,201,385,356,374,262,385,256,424,256,362,156,236,238,406,214,167,200,322,134,397,191,268,209,236,90,135,249,100,165,218,160,287,251,79,307,156,46,65,61
29-fev,,,,,,,,58,,,,-10,,,,202,,,,264,,,,258,,,,245,,,,207,,,,192,,,,90,,,,163,,,,257,,,,47,,61
1-mar,39,19,84,,,92,5,58,19,13,78,-6,68,340,147,203,387,359,382,268,385,256,423,262,366,160,239,250,408,216,170,225,323,136,397,193,271,225,238,90,138,251,102,163,219,161,289,259,80,308,160,50,66,63
2-mar,42,19,89,,,92,10,60,19,11,77,-4,68,340,147,205,388,362,390,270,386,260,423,264,372,161,244,255,410,218,173,232,323,141,399,194,273,229,239,90,139,251,105,162,221,162,290,265,82,309,177,52,67,64
3-mar,44,18,94,,,92,15,60,20,9,77,-2,69,340,147,207,389,362,400,273,386,265,423,268,376,165,248,260,414,220,174,236,323,143,399,195,275,233,239,93,140,251,106,161,225,163,292,272,85,310,198,53,68,64
4-mar,46,17,98,,,92,20,60,20,7,76,-1,69,340,148,208,389,362,417,276,386,270,424,271,380,167,252,268,416,225,181,241,325,145,400,197,277,239,240,98,140,252,109,160,228,164,294,277,85,310,218,54,69,63
5-mar,48,16,101,,,94,25,60,20,5,75,-1,68,340,149,209,388,362,421,277,386,278,424,275,384,168,255,272,418,230,186,243,326,148,401,200,279,240,242,99,140,252,111,159,229,165,295,281,85,310,232,55,69,68
6-mar,50,14,104,,,96,30,60,21,4,73,0,67,340,148,210,388,362,426,280,385,283,424,280,388,168,257,275,418,230,187,249,327,150,403,203,281,242,244,100,143,254,112,158,230,166,298,286,84,310,242,56,70,68
7-mar,53,12,107,,,96,30,59,20,3,71,0,67,341,148,210,388,362,430,282,385,284,425,284,392,169,263,278,418,230,189,251,328,150,403,205,284,244,245,100,150,255,113,156,232,166,300,290,85,309,254,51,71,68
8-mar,56,10,111,,,98,32,58,20,3,69,0,68,342,148,210,388,361,436,286,385,292,426,288,396,171,267,281,418,230,190,256,327,152,405,207,287,245,247,100,156,255,114,155,233,168,301,293,86,304,260,57,72,71
9-mar,60,8,114,,,98,34,59,21,3,69,0,69,344,149,210,388,361,440,288,385,295,426,292,400,172,269,284,418,230,190,258,327,152,405,207,289,245,248,105,160,255,116,153,235,169,303,296,87,304,270,58,73,73
10-mar,63,6,117,,,100,35,58,21,3,69,0,70,345,149,210,388,361,446,294,385,303,426,296,405,173,274,286,418,230,191,260,328,152,407,209,293,243,251,109,162,256,115,152,237,170,305,303,89,301,274,58,74,79
11-mar,67,4,120,,,100,36,60,21,3,67,0,70,345,148,211,388,361,451,298,385,309,426,300,409,174,277,288,421,230,196,265,328,152,409,210,296,242,257,113,163,254,117,150,237,170,309,307,90,300,285,59,74,85
12-mar,70,2,123,,,100,37,60,21,3,62,1,70,346,147,211,388,361,456,301,385,318,426,304,413,174,280,290,422,230,198,273,329,154,411,211,299,242,259,119,163,254,121,150,238,170,310,312,91,297,290,59,75,86
13-mar,73,0,125,,,100,38,60,21,3,59,1,70,346,147,212,388,361,461,303,385,330,425,308,415,175,284,294,423,230,199,279,329,154,413,212,304,241,260,123,165,254,123,151,238,170,312,316,91,296,296,60,76,94
14-mar,75,1,128,,,100,38,60,21,3,56,1,70,348,148,212,388,361,466,305,385,336,425,312,419,175,286,326,425,230,201,282,329,154,415,215,312,241,262,129,165,254,125,152,239,170,315,318,93,294,303,60,77,105
15-mar,77,3,131,,,100,39,60,20,5,55,1,69,350,148,213,389,361,470,312,384,342,425,316,426,176,288,340,426,230,205,286,326,154,417,218,316,240,263,132,167,254,126,153,240,171,317,320,94,290,308,62,78,115
16-mar,80,4,133,,,100,39,57,20,5,53,1,69,348,148,215,389,361,472,315,384,349,425,322,431,175,290,350,426,230,207,289,333,154,419,220,321,240,265,141,169,253,128,152,240,171,321,322,94,292,314,64,79,127
17-mar,83,6,136,,,100,40,54,20,4,50,2,69,348,148,216,390,363,472,322,384,356,425,322,434,175,292,362,429,230,210,290,334,154,421,221,326,240,267,145,170,253,131,151,240,171,324,324,94,290,321,67,80,135
18-mar,85,8,138,,,100,40,54,20,4,49,3,68,348,147,217,391,364,476,326,385,364,426,326,436,175,294,370,430,230,212,293,335,154,423,222,330,241,268,147,171,253,133,153,239,172,330,325,94,289,330,70,81,145
19-mar,87,9,140,,,100,41,54,19,4,47,4,67,347,147,218,392,365,481,330,385,370,427,330,440,176,299,386,433,230,213,298,338,154,425,225,334,248,269,149,171,254,135,154,238,174,332,326,93,287,344,72,82,146
20-mar,89,9,141,,,100,42,40,19,4,44,5,65,347,146,219,393,365,484,336,387,376,427,334,443,179,301,400,435,231,214,298,343,154,428,227,338,249,271,151,173,256,139,154,237,176,333,328,93,286,354,73,83,147
21-mar,91,9,142,,,100,42,39,18,3,44,7,65,347,146,221,394,365,485,341,387,382,427,338,446,180,302,406,436,231,217,300,346,156,429,229,343,249,274,154,173,256,143,155,236,177,336,329,93,284,364,75,85,148
22-mar,93,9,144,,,100,43,38,18,2,44,10,66,346,147,223,395,366,488,346,388,388,428,341,450,181,303,418,437,234,223,302,347,157,432,231,348,249,276,158,174,257,146,155,234,178,337,330,95,283,374,76,87,149
23-mar,94,9,145,,,104,44,36,18,2,42,12,67,346,148,226,396,368,489,351,389,396,429,344,453,183,304,420,438,236,231,307,349,159,434,233,352,251,278,161,172,261,149,155,234,179,339,331,95,280,382,76,89,150
24-mar,96,9,146,,,104,45,36,17,2,42,13,69,345,151,228,397,368,494,358,390,402,430,346,456,183,306,423,440,236,236,310,349,159,437,235,357,256,280,164,172,262,151,155,234,181,341,332,98,280,390,77,90,154
25-mar,98,9,148,,,109,46,33,17,2,41,15,71,345,151,230,398,370,494,365,390,408,430,348,460,185,307,425,442,237,237,312,350,160,439,237,361,259,281,167,173,263,153,154,234,184,343,333,98,280,392,78,92,156
26-mar,100,8,151,,,113,47,30,17,1,40,16,72,344,151,233,400,371,496,370,392,413,431,350,464,185,307,428,445,240,239,313,352,162,441,239,366,262,283,169,173,264,156,153,234,186,345,333,99,279,400,79,94,159
27-mar,102,9,154,,,116,48,29,16,1,37,16,73,343,152,235,401,372,498,375,393,417,431,354,467,185,313,435,446,242,241,316,353,162,444,239,369,263,283,173,173,265,157,153,234,188,345,333,100,279,402,80,96,160
28-mar,104,9,157,,,119,48,30,16,0,37,17,73,342,152,238,402,373,500,382,395,422,432,358,470,186,315,440,449,246,243,318,355,164,448,241,373,265,284,175,173,267,160,153,234,190,346,333,100,279,404,82,99,162
29-mar,106,10,161,,,122,49,30,16,1,37,19,74,341,152,240,403,375,502,386,396,428,433,362,472,186,317,451,450,247,248,320,355,165,449,242,377,267,286,178,174,270,161,152,233,192,347,333,100,276,408,83,99,164
30-mar,108,10,164,,,124,50,33,15,1,36,20,76,339,155,242,405,378,502,393,397,434,434,366,475,187,319,456,452,248,252,322,356,165,453,243,380,269,287,182,174,271,164,152,233,197,349,333,100,274,410,84,106,165
31-mar,111,11,167,,,127,51,33,14,2,36,22,75,337,158,244,408,380,504,398,399,439,435,368,478,187,321,462,454,249,255,323,358,167,457,244,384,271,289,183,174,273,167,151,233,199,350,332,100,273,412,86,110,165
1-abr,113,11,171,,,130,52,27,12,3,37,23,72,336,160,245,410,385,504,403,400,446,436,369,482,187,323,468,456,250,261,323,358,169,460,246,387,273,290,186,174,276,172,151,232,200,350,331,101,271,414,87,111,167
2-abr,115,12,173,,,133,53,25,7,5,40,24,72,335,171,248,410,390,507,408,402,451,436,370,484,187,321,473,460,251,263,324,360,170,462,247,390,275,291,189,174,279,174,151,232,201,352,331,101,271,414,90,114,168
3-abr,117,13,175,,,136,54,22,5,6,41,30,71,335,178,250,411,392,509,417,403,458,437,372,485,187,321,477,460,252,267,326,364,172,465,248,393,276,292,192,173,281,177,150,232,203,353,335,101,269,422,93,116,169
4-abr,118,15,178,,,138,54,22,3,8,40,34,72,335,183,252,413,394,509,420,404,463,438,374,485,188,322,483,463,253,270,326,369,172,468,248,396,278,293,199,173,284,182,152,230,205,354,335,104,270,422,96,118,172
5-abr,120,16,180,,,146,55,20,3,10,39,36,72,334,186,254,415,394,512,428,405,469,439,377,488,188,325,488,465,254,275,326,373,172,471,250,400,279,294,200,174,288,185,157,229,208,356,336,105,269,423,100,120,173
6-abr,121,18,182,,,152,56,20,2,12,40,38,71,334,190,256,417,396,512,433,407,476,440,378,488,189,326,493,469,255,281,326,376,174,473,250,400,280,296,202,177,292,187,157,227,209,358,336,106,268,423,103,122,174
7-abr,123,19,185,,,158,56,20,1,13,40,39,70,333,190,258,418,397,507,437,409,479,440,381,490,190,328,494,470,256,285,326,378,174,476,252,403,282,297,212,175,295,190,157,225,212,369,336,108,268,425,106,124,174
8-abr,124,21,187,,,158,57,18,0,14,41,41,69,333,190,259,420,398,506,441,410,482,441,383,492,190,329,498,472,257,291,327,380,175,478,254,406,284,300,230,176,298,193,158,224,216,365,336,109,267,425,110,127,175
9-abr,125,22,189,,,159,57,18,0,15,40,43,69,332,191,260,421,398,507,448,412,486,442,384,493,191,331,502,474,258,298,327,381,176,480,255,409,286,300,236,176,302,196,161,224,219,365,337,109,267,427,112,133,175
10-abr,127,22,191,,,160,58,19,1,16,41,45,70,332,195,263,422,398,509,453,413,489,443,386,494,192,336,504,475,258,303,327,384,177,484,257,411,288,301,246,176,305,199,164,222,220,366,337,110,267,428,115,138,175
11-abr,130,22,193,,,160,58,19,1,17,41,47,70,331,199,266,422,398,509,458,414,492,443,387,498,192,337,506,478,259,309,327,385,183,486,260,414,290,303,257,176,308,202,166,219,223,368,337,111,267,428,116,145,176
12-abr,134,22,195,,,159,59,10,3,18,41,49,71,330,202,270,423,398,510,464,415,495,444,389,500,193,342,509,480,260,314,328,387,178,489,263,414,291,304,259,176,312,203,167,217,225,368,338,111,267,430,117,150,176
13-abr,137,22,197,,,158,60,10,7,19,41,50,71,330,204,273,424,398,512,468,416,498,447,391,500,193,344,511,481,260,318,328,388,178,491,264,415,292,307,266,176,316,205,168,216,229,370,338,110,266,430,117,153,177
14-abr,141,22,199,,,157,61,15,8,20,41,52,71,329,205,274,426,399,514,470,417,503,447,393,502,193,346,516,483,261,324,330,390,180,493,265,417,292,309,272,176,320,207,169,214,232,375,338,110,265,432,115,155,182
15-abr,145,22,200,,,156,62,20,10,20,40,53,70,329,209,275,428,400,514,472,418,505,449,394,504,192,347,518,486,262,328,330,390,180,495,266,419,294,312,279,175,322,210,170,212,237,376,338,110,265,433,115,158,182
16-abr,148,23,201,,,155,63,18,10,21,40,54,70,329,215,275,429,400,514,476,419,506,450,395,508,192,348,520,486,262,328,333,392,182,497,269,421,296,314,284,175,326,212,171,210,240,377,339,110,264,434,113,160,183
17-abr,152,24,203,,,154,64,16,11,21,39,55,69,329,218,276,430,400,514,480,420,510,450,396,509,195,348,522,486,263,331,334,394,182,499,272,423,299,316,289,175,330,214,174,209,242,378,340,110,264,435,113,167,
18-abr,155,25,204,,,153,64,16,11,22,40,56,69,329,225,278,431,402,514,484,420,513,451,398,510,195,351,524,492,263,336,335,397,182,501,273,425,302,319,295,174,333,218,175,207,245,379,341,110,264,435,114,172,
19-abr,158,27,206,,,154,64,14,12,22,40,57,68,329,230,280,434,402,514,488,422,515,451,398,510,194,352,526,493,266,342,335,398,183,504,277,427,303,321,299,174,336,221,178,205,247,380,343,109,264,435,115,176,
20-abr,162,28,207,,,155,64,14,13,23,37,57,68,334,234,282,435,404,514,489,423,519,451,399,510,194,353,527,494,268,350,337,399,183,507,278,429,305,322,304,174,340,222,188,203,250,381,345,107,263,435,117,178,
21-abr,165,29,208,,,156,64,16,16,23,37,57,68,334,239,283,435,404,516,491,424,522,452,401,512,194,355,530,495,268,355,338,401,185,509,279,433,306,324,307,175,343,225,190,201,252,382,347,107,263,436,119,180,
22-abr,168,30,210,,,157,65,16,18,22,30,57,68,334,242,285,436,405,517,493,425,524,453,401,512,195,357,532,496,268,359,338,403,186,509,281,435,307,326,310,176,346,228,191,200,255,384,349,107,263,436,119,185,
23-abr,171,32,212,,,158,65,16,19,21,30,57,68,335,246,286,436,406,514,496,426,524,453,402,512,194,359,534,496,269,364,345,404,188,510,283,435,308,327,312,176,349,229,191,200,258,385,350,107,263,436,120,190,
24-abr,174,33,213,,,159,65,18,21,20,30,57,67,338,248,286,437,406,513,498,427,528,454,402,513,194,361,534,498,270,371,349,405,190,511,285,436,309,329,315,176,352,231,192,197,260,386,352,107,263,438,120,190,
25-abr,176,35,214,,,160,65,13,22,19,31,59,66,340,249,287,437,407,512,500,429,528,454,402,512,195,363,534,500,271,375,354,407,192,513,287,437,310,331,317,176,355,233,194,196,263,387,354,107,263,439,120,190,
26-abr,178,36,215,,,159,65,16,23,18,32,61,65,340,250,287,437,408,513,501,430,529,455,404,514,195,365,535,501,272,380,357,407,192,515,290,440,311,333,321,176,358,237,196,196,266,388,357,107,263,439,120,190,
27-abr,180,38,216,,,158,65,18,24,18,33,59,63,340,250,287,438,409,514,501,431,532,456,405,515,195,366,540,501,276,385,358,408,192,516,293,441,312,335,324,176,361,239,198,196,268,389,357,107,263,439,120,190,
28-abr,182,39,217,,,158,66,13,25,17,34,59,62,341,251,287,438,410,514,502,433,532,457,406,516,196,367,542,502,278,389,361,409,195,517,295,442,313,337,327,177,363,239,200,196,271,389,359,107,263,439,121,190,
29-abr,184,40,219,,,157,66,16,25,17,34,59,61,342,252,287,438,410,515,504,434,532,457,407,518,197,368,542,503,280,392,364,409,197,517,299,444,314,337,329,177,366,242,201,196,274,391,360,107,262,440,121,191,
30-abr,186,41,221,,,157,66,18,26,16,37,59,60,344,254,287,439,412,516,504,435,532,464,408,518,197,369,540,505,280,395,366,410,197,519,302,445,314,339,329,176,369,245,203,195,277,392,363,107,264,440,121,188,
1-mai,188,43,222,,,156,66,19,26,16,37,58,59,346,259,288,439,412,515,504,436,532,463,410,518,197,370,538,507,282,398,368,411,199,519,304,446,315,342,330,177,372,246,205,195,281,393,365,107,264,444,121,188,
2-mai,190,45,224,,,156,65,20,24,15,37,58,58,347,261,288,440,412,515,504,437,534,464,410,517,197,373,538,507,284,401,371,411,200,520,306,446,317,344,331,179,374,249,208,195,284,394,365,108,265,447,121,188,
3-mai,193,47,226,,,154,64,21,26,14,36,58,57,348,262,288,441,413,515,503,438,534,464,410,517,197,374,539,510,286,404,377,413,201,523,309,448,318,346,332,179,377,253,211,195,287,395,367,108,265,447,122,188,
4-mai,196,49,228,,,152,63,24,27,13,36,58,58,349,262,288,442,413,517,504,440,534,464,410,518,200,378,540,512,288,406,379,413,203,525,312,449,319,347,333,180,379,256,215,196,289,396,369,108,266,447,120,188,
5-mai,199,51,230,,,150,62,24,27,12,36,58,57,350,262,288,442,414,515,505,441,534,464,410,519,200,383,540,513,290,408,381,414,204,526,316,450,320,348,334,181,382,258,218,196,291,396,371,108,266,446,121,187,
6-mai,202,53,231,,,150,61,24,28,13,37,55,57,352,262,289,442,415,515,507,442,534,466,410,520,202,388,540,513,291,410,383,414,205,530,319,451,321,350,334,182,385,260,222,197,293,397,373,108,266,446,121,187,
7-mai,205,54,232,,,148,60,26,30,17,37,54,56,354,262,289,442,419,515,508,443,534,466,412,520,202,392,540,513,292,411,385,415,206,530,321,451,322,351,334,182,386,263,227,197,294,397,375,109,268,446,121,196,
8-mai,208,56,234,,,148,59,29,33,20,34,52,55,355,262,290,450,422,516,509,443,535,466,412,522,204,394,540,513,296,412,386,415,207,529,324,452,325,352,335,182,388,265,228,198,297,398,377,109,270,447,121,199,
9-mai,210,59,236,,,146,56,30,37,21,34,50,55,357,262,291,450,425,516,510,444,536,466,412,521,205,395,540,514,300,413,391,416,208,529,327,453,327,353,335,182,390,268,231,200,301,400,379,112,272,448,122,199,
10-mai,213,61,237,,,146,53,33,40,22,34,50,55,358,261,292,449,429,515,511,445,538,466,412,520,206,396,541,514,303,414,397,416,210,529,330,454,328,354,337,182,391,272,232,201,304,400,380,112,273,448,121,202,
11-mai,216,64,239,,,148,50,36,42,23,34,52,54,360,261,292,448,431,515,512,446,538,467,412,520,206,397,541,516,305,415,399,417,210,530,333,455,330,355,338,182,393,274,234,201,308,400,381,112,275,450,121,202,
12-mai,219,66,241,,,150,47,37,44,25,32,55,53,367,261,291,447,435,516,513,447,538,467,412,521,209,398,541,517,308,418,401,417,212,530,337,455,331,356,339,182,394,277,237,201,311,400,383,113,275,451,121,204,
13-mai,222,69,242,,,150,44,38,46,26,32,49,53,368,261,291,447,439,516,513,447,537,468,412,520,209,400,542,518,310,422,406,418,213,530,340,456,332,358,340,182,395,281,246,201,314,401,385,114,276,452,122,205,
14-mai,225,71,243,,,152,41,40,47,28,32,49,52,369,261,291,447,439,516,512,448,536,468,414,521,209,401,543,519,311,424,411,417,214,530,345,461,333,359,341,182,397,284,249,201,317,401,387,114,276,452,122,205,
15-mai,228,71,244,,,155,38,40,48,29,30,48,52,370,261,294,447,439,514,511,449,536,468,414,522,212,402,543,519,315,424,412,418,215,530,349,461,334,360,343,183,398,287,250,201,320,402,388,116,277,453,122,208,
16-mai,230,72,245,,,155,36,40,48,30,30,47,51,373,261,295,448,439,515,511,450,536,471,415,522,216,403,542,520,317,425,414,418,215,530,351,462,336,361,344,183,398,292,253,201,323,402,390,118,278,453,122,208,
17-mai,233,72,247,,,155,35,42,48,33,30,47,51,375,260,296,448,439,515,511,451,536,474,417,521,219,405,541,521,319,425,414,418,215,530,355,462,338,362,345,183,399,297,255,199,328,403,393,118,278,453,122,212,
18-mai,235,73,248,,,156,34,42,47,36,32,47,51,378,260,299,447,439,514,512,452,536,474,418,522,220,406,541,522,322,428,416,418,215,530,359,462,340,363,346,182,400,299,258,199,330,403,394,119,280,453,123,218,
19-mai,238,73,250,,,156,33,46,46,39,32,46,50,380,260,305,446,439,514,512,452,536,474,416,522,224,407,540,522,326,429,418,418,216,530,363,463,341,364,347,182,400,302,259,199,333,404,395,119,282,454,123,220,
20-mai,240,74,251,,,157,32,48,45,41,34,46,50,382,260,311,445,439,514,513,453,534,474,416,525,225,408,539,523,328,430,419,418,218,529,367,463,343,365,348,182,401,305,262,199,338,404,396,120,284,454,123,222,
21-mai,243,74,252,,,157,31,49,45,44,35,45,51,384,260,315,445,439,514,514,453,533,474,417,523,228,409,539,523,330,430,421,419,218,529,370,463,344,366,349,181,402,309,265,199,341,404,397,120,286,454,124,224,
22-mai,246,74,253,,,158,30,49,46,47,36,44,52,386,260,320,445,439,514,516,454,532,476,417,523,232,409,539,523,332,434,422,420,220,528,373,464,346,366,351,182,403,313,267,199,346,406,398,120,286,454,124,225,
23-mai,247,74,254,,,158,28,49,46,48,36,45,54,388,260,324,445,439,518,514,454,532,477,417,523,235,410,539,523,332,435,424,421,222,528,377,466,348,368,352,183,403,317,270,200,350,405,399,120,290,455,125,230,
24-mai,249,75,255,,,157,26,53,46,49,38,45,54,389,261,327,445,439,515,514,455,539,477,418,523,236,411,538,524,333,436,427,421,224,529,379,466,350,369,353,184,404,320,271,201,353,407,400,121,294,455,135,235,
25-mai,250,75,256,,,155,24,52,45,50,42,45,55,392,261,331,446,441,514,513,456,540,476,418,523,242,411,536,524,334,436,430,421,226,529,382,466,351,370,354,186,405,323,274,201,357,407,400,122,297,455,140,239,
26-mai,252,76,257,,,154,22,50,46,51,44,46,57,394,261,335,447,441,514,513,456,540,476,418,522,246,412,535,524,335,437,433,422,227,529,385,466,352,371,356,191,405,328,278,201,361,407,401,122,300,456,140,242,
27-mai,253,76,258,,,152,20,51,46,52,44,47,58,396,261,339,448,441,513,513,457,538,476,418,522,248,413,534,524,335,437,435,421,229,529,388,466,353,371,357,193,406,331,280,200,365,407,401,132,302,456,143,245,
28-mai,255,77,260,,,150,18,54,45,53,46,47,59,397,261,342,449,441,513,513,457,538,477,419,521,250,413,533,524,336,437,439,421,230,528,391,466,355,372,359,194,407,336,281,200,369,408,401,133,305,457,143,250,
29-mai,257,77,261,,,149,16,54,49,54,49,48,59,399,261,346,449,442,513,513,458,538,478,419,521,253,414,533,524,339,437,441,421,235,528,393,468,358,372,360,196,407,339,283,200,372,408,402,138,307,457,146,255,
30-mai,259,77,263,,,148,16,57,48,54,50,48,60,400,261,349,449,442,513,513,459,538,478,418,521,257,414,532,524,341,438,443,421,237,528,395,470,360,372,361,197,409,343,287,200,376,408,404,139,310,457,147,259,
31-mai,262,77,264,,,147,16,52,48,54,51,46,61,401,262,352,449,442,509,512,459,538,479,418,520,263,415,530,524,343,438,445,421,240,528,397,471,362,372,363,197,410,347,288,201,380,408,404,139,312,457,147,261,
1-jun,264,77,265,,,146,16,56,48,55,53,44,59,403,262,354,449,442,510,512,460,536,478,418,519,266,416,530,525,342,440,441,420,246,528,399,471,364,373,364,197,410,351,291,203,383,408,405,140,314,457,149,261,
2-jun,267,78,266,,,144,16,55,47,54,58,42,59,407,263,356,448,442,510,514,460,536,478,419,519,270,417,529,525,346,440,444,421,247,528,400,471,365,374,365,198,410,354,293,203,386,408,406,140,314,458,150,263,
3-jun,269,78,268,,,141,15,50,47,54,58,40,58,409,264,358,448,442,508,512,461,535,477,419,518,273,417,530,525,352,440,442,423,251,527,401,473,366,374,367,199,410,358,296,204,388,408,406,140,316,458,151,264,
4-jun,272,78,,,,140,15,57,47,54,59,39,59,411,265,360,448,442,507,510,462,535,477,419,517,277,418,531,525,354,441,444,423,253,527,402,473,367,375,370,200,411,362,298,205,390,408,407,141,317,458,151,266,
5-jun,274,78,,,,138,15,49,47,52,60,38,59,412,266,362,451,442,507,509,463,536,477,420,516,280,417,528,525,354,441,449,424,256,527,404,473,369,375,371,202,411,366,300,205,392,408,408,142,320,459,152,267,
6-jun,276,78,,,,136,16,50,47,52,60,37,60,413,267,364,451,442,507,508,466,535,477,421,515,283,418,527,525,354,441,452,425,257,527,405,475,370,376,372,203,411,371,302,206,394,408,409,142,322,459,152,269,
7-jun,278,78,,,,132,16,48,46,52,61,35,61,413,268,366,451,442,506,508,465,534,477,421,515,285,418,527,525,354,441,454,426,259,526,406,475,372,376,373,205,411,375,304,207,395,408,410,143,324,460,155,272,
8-jun,281,78,,,,132,17,45,45,52,63,33,61,414,269,368,450,442,506,508,464,532,477,422,510,290,419,526,525,354,441,455,426,262,526,407,475,374,377,374,205,412,377,307,207,396,408,410,144,324,461,158,273,
9-jun,283,78,,,,128,20,42,44,52,63,31,62,415,270,370,449,442,504,508,464,532,477,421,510,292,419,526,525,356,442,456,427,264,525,408,475,376,377,375,206,412,379,307,208,399,408,410,144,325,462,161,274,
10-jun,285,78,,,,126,21,45,44,52,63,30,62,416,271,372,449,442,504,508,465,531,477,422,510,293,419,526,526,360,442,459,428,266,525,409,475,378,377,376,206,412,380,308,208,400,408,411,146,326,462,164,275,
11-jun,287,78,,,,124,22,46,42,51,64,29,61,418,272,373,449,441,503,508,466,531,477,421,510,295,420,524,527,360,442,459,429,269,524,410,475,380,377,377,206,412,383,310,208,401,408,411,149,327,462,166,276,
12-jun,289,78,,,,122,23,44,41,51,64,28,60,418,274,374,449,441,502,508,466,529,477,422,509,302,420,524,527,360,442,462,431,270,524,411,476,380,377,378,207,412,385,310,208,403,408,412,151,329,462,167,276,
13-jun,290,78,,,,120,24,44,39,51,64,27,61,418,276,376,448,441,501,507,466,527,476,424,510,304,420,523,527,362,442,463,431,272,523,411,476,380,377,378,207,412,388,313,208,404,408,412,152,330,463,166,279,
14-jun,291,78,,,,120,25,44,36,51,65,26,61,418,278,378,448,441,500,505,466,526,476,423,508,307,420,523,527,364,442,463,430,272,523,412,478,382,377,379,207,412,390,314,207,405,408,412,153,331,463,166,280,
15-jun,293,78,,,,118,26,42,33,51,64,25,61,418,279,379,448,440,499,502,466,525,476,423,507,310,420,520,528,364,442,464,429,273,522,412,478,383,378,379,207,412,392,315,207,406,408,413,154,332,463,166,280,
16-jun,294,78,,,,116,27,41,30,51,64,25,61,419,280,379,448,440,498,500,466,525,476,423,508,312,420,520,528,364,442,464,428,274,521,413,478,383,378,380,208,412,393,317,207,407,408,413,154,333,463,166,284,
17-jun,296,78,,,,115,28,40,30,51,64,26,61,420,281,379,448,440,496,498,466,524,476,423,507,314,420,520,528,365,442,464,427,277,520,413,478,384,379,381,208,412,394,318,207,408,407,413,156,334,463,168,284,
18-jun,297,78,,,,114,29,40,28,51,66,26,60,420,282,379,448,440,496,496,466,523,475,423,506,316,420,519,528,366,443,465,425,277,519,414,481,385,379,381,208,412,395,320,206,409,407,413,157,335,463,170,286,
19-jun,298,78,,,,113,30,40,27,51,66,25,60,420,282,380,447,440,496,495,465,522,475,423,505,318,420,518,528,366,443,466,424,279,518,414,481,385,380,381,208,412,396,320,208,410,405,413,157,336,463,170,287,
20-jun,299,79,,,,112,30,41,25,51,66,23,60,420,283,380,447,440,495,495,465,521,474,423,504,320,420,517,526,366,444,466,424,280,517,414,481,386,381,382,209,411,398,321,208,411,404,414,157,337,463,170,289,
21-jun,301,79,,,,112,29,40,22,51,67,21,60,420,284,381,446,440,494,494,465,520,474,423,502,322,420,516,525,367,444,468,423,282,517,414,481,387,381,382,210,411,399,322,208,411,403,414,160,338,463,172,293,
22-jun,302,80,,,,111,28,40,21,51,68,20,60,421,285,382,447,439,493,497,465,519,474,423,502,323,420,515,525,368,444,468,423,283,516,414,481,388,381,382,211,411,400,323,208,412,403,415,161,339,463,176,293,
23-jun,304,80,,,,110,27,40,18,51,69,19,59,420,286,383,447,438,492,498,466,517,473,423,502,325,421,514,525,370,444,469,424,284,515,415,481,389,381,382,211,411,401,325,209,414,403,415,163,340,463,179,293,
24-jun,305,81,,,,109,26,39,17,52,71,18,59,421,287,384,447,437,491,497,466,516,472,423,502,326,421,513,525,371,445,470,424,285,514,415,481,390,381,383,211,411,401,327,209,414,403,415,165,341,463,180,295,
25-jun,307,81,,,,108,25,38,16,52,74,17,58,421,290,385,446,437,490,496,466,515,472,423,500,328,420,512,526,372,445,470,423,286,513,416,481,391,381,383,212,411,402,328,209,414,402,415,166,342,463,181,295,
26-jun,308,80,,,,107,24,38,15,52,76,16,59,421,293,385,445,436,489,495,466,514,471,424,498,330,420,508,526,374,445,470,423,287,512,416,481,389,381,383,212,409,403,329,208,414,402,415,168,343,463,182,297,
27-jun,308,78,,,,106,23,38,12,53,77,14,59,422,296,386,444,435,487,493,465,513,471,424,498,330,420,507,526,378,446,470,423,288,511,416,481,390,381,383,212,408,403,330,208,415,402,415,170,343,462,183,299,
28-jun,308,77,,,,106,22,38,11,54,78,12,60,421,298,386,443,434,486,492,465,512,470,422,497,331,420,506,526,380,446,471,423,289,510,416,481,390,381,383,213,408,404,330,209,416,401,415,172,343,461,184,299,
29-jun,308,75,,,,105,20,38,11,54,80,10,61,420,299,387,443,433,485,490,464,511,470,422,495,330,420,506,526,381,446,471,422,290,509,416,481,390,381,383,213,408,405,330,211,416,401,415,174,343,461,184,302,
30-jun,308,74,,,,104,19,38,9,54,81,9,62,420,299,387,443,433,484,489,464,509,469,422,494,333,420,506,526,381,446,471,422,291,508,416,481,390,381,383,213,408,406,332,210,416,400,415,174,343,460,185,303,
1-jul,308,73,,,,103,17,32,8,54,81,9,62,419,299,389,443,432,483,488,464,508,469,422,494,334,420,505,526,381,445,468,422,292,507,416,480,391,380,383,212,408,407,332,210,419,399,416,176,343,460,185,308,
2-jul,308,71,,,,103,16,31,4,54,82,8,61,419,299,390,443,432,482,487,463,506,468,422,496,334,420,505,526,381,445,467,422,296,506,416,480,391,380,383,212,408,407,333,209,420,398,416,178,343,460,185,312,
3-jul,308,70,,,,102,15,30,2,54,84,7,60,420,300,392,442,432,481,485,463,505,468,422,495,334,420,505,525,381,445,467,422,298,505,417,479,391,380,383,212,407,407,334,209,420,397,416,179,343,460,187,317,
4-jul,308,70,,,,101,14,29,2,54,86,7,59,420,300,392,442,431,479,483,462,504,468,422,494,337,420,499,524,381,444,467,421,299,505,417,479,391,380,384,212,407,408,334,209,421,396,416,182,343,459,188,326,
5-jul,308,69,,,,100,13,27,0,54,87,5,59,420,301,393,441,430,478,481,461,503,467,422,494,337,419,498,528,381,444,467,421,299,504,417,479,391,378,384,210,405,408,334,208,421,396,416,182,343,459,189,326,
6-jul,308,68,,,,99,12,26,2,54,88,3,58,420,301,393,441,430,477,480,460,502,467,421,490,337,418,497,520,381,444,466,421,300,503,417,479,390,378,383,210,405,409,334,208,421,396,415,182,343,459,190,330,
7-jul,308,68,,,,98,11,25,7,53,90,4,57,420,301,394,440,429,476,479,459,501,466,421,489,337,418,494,517,381,444,466,420,301,502,417,478,390,378,380,209,404,409,334,208,421,395,415,183,343,458,193,334,
8-jul,308,67,,,,97,10,23,9,53,90,3,56,420,301,394,439,428,475,479,458,500,465,420,489,340,417,492,516,381,444,465,420,302,501,417,477,390,377,380,208,404,409,334,207,421,394,415,185,343,458,195,335,
9-jul,308,66,,,,96,9,22,11,50,90,2,55,420,300,394,439,427,474,479,457,499,465,420,488,341,417,490,516,381,444,466,419,303,500,417,477,390,376,380,208,403,409,335,207,421,394,415,188,342,458,197,337,
10-jul,308,65,,,,95,8,21,12,50,90,1,54,420,299,394,439,426,472,478,456,498,464,420,487,342,417,488,516,382,443,467,417,304,498,415,476,390,376,380,207,402,409,337,207,422,393,415,192,341,457,199,338,
11-jul,308,63,,,,94,7,20,12,50,90,0,53,420,299,394,438,425,470,475,457,497,463,419,485,345,417,487,515,383,443,467,416,305,497,415,475,390,375,382,207,401,410,337,205,422,393,414,196,340,457,201,340,
12-jul,308,62,,,,92,6,18,13,50,90,1,52,420,300,394,437,425,469,474,455,496,462,419,484,340,417,486,515,384,443,467,416,307,496,415,475,389,374,381,205,400,410,337,204,422,392,413,197,340,456,201,341,
13-jul,308,60,,,,89,5,14,17,49,90,2,53,419,303,394,436,424,468,473,454,495,461,419,483,341,415,484,515,384,442,466,415,308,495,415,475,388,373,380,203,399,410,339,204,423,390,413,197,340,455,203,343,
14-jul,308,59,,,,86,4,13,21,48,89,3,52,418,306,395,435,423,467,473,453,494,460,418,482,341,415,482,514,384,442,466,416,309,493,414,474,388,372,379,203,398,410,339,202,423,388,413,198,340,454,205,345,
15-jul,308,57,,,,83,3,10,24,47,88,4,51,418,308,395,434,422,466,472,452,493,459,417,481,341,415,480,512,384,441,466,415,310,492,413,474,388,372,379,203,398,410,339,201,423,386,412,199,338,453,206,345,
16-jul,308,56,,,,80,2,9,29,45,87,6,49,417,308,395,434,422,465,472,451,491,458,417,481,341,414,480,512,384,441,466,414,311,491,413,473,387,370,378,202,397,410,339,200,423,384,412,200,337,453,207,345,
17-jul,308,55,,,,77,1,9,31,43,86,8,47,417,309,395,434,421,464,471,450,490,457,417,480,341,413,477,512,384,441,466,414,312,490,413,473,385,368,376,202,397,410,338,198,422,382,411,201,336,453,207,345,
18-jul,307,53,,,,75,1,7,35,43,85,8,45,418,308,395,434,420,463,468,449,489,457,417,478,341,412,475,511,384,441,465,413,313,487,413,472,385,367,375,202,397,411,338,196,422,382,411,203,336,453,209,346,
19-jul,305,52,,,,72,3,2,39,43,84,8,41,417,308,395,433,419,462,466,448,487,458,416,476,341,412,473,510,384,440,465,413,313,485,412,472,385,367,374,200,394,411,338,196,422,382,411,204,335,453,210,348,
20-jul,304,50,,,,68,5,0,42,43,88,9,39,418,308,395,432,418,461,465,446,485,458,416,476,341,411,471,510,384,439,464,413,314,484,411,471,383,367,373,199,392,411,338,196,422,381,411,205,334,452,210,348,
21-jul,302,49,,,,66,7,1,46,41,91,9,37,417,308,395,431,417,458,464,444,484,455,415,475,340,411,469,508,383,439,464,412,314,483,410,470,383,364,372,197,391,411,338,194,422,379,411,206,333,452,211,348,
22-jul,301,48,,,,66,9,2,49,41,95,9,36,416,305,394,430,416,456,462,443,481,456,414,474,340,410,467,506,382,437,463,412,314,482,409,469,382,363,371,195,390,411,338,193,422,378,411,207,332,451,211,348,
23-jul,299,46,,,,60,11,3,51,40,98,10,34,416,305,393,430,415,455,460,442,479,454,413,472,339,409,465,506,382,438,463,411,314,481,409,468,381,362,369,195,389,410,338,192,422,376,410,208,330,449,211,351,
24-jul,298,44,,,,58,13,4,55,38,102,10,31,416,310,394,429,414,454,458,440,478,455,413,471,339,408,464,506,382,436,462,411,314,480,408,467,379,360,368,195,388,410,336,192,422,376,410,209,329,448,211,351,
25-jul,298,42,,,,56,15,6,60,38,105,11,29,415,310,394,428,413,453,456,439,477,455,413,470,339,405,461,504,380,434,461,410,314,479,407,466,379,359,367,194,387,409,336,191,421,375,410,209,328,447,212,353,
26-jul,297,40,,,,54,17,9,66,37,107,13,27,410,310,394,427,412,452,455,437,476,454,412,468,338,404,459,503,379,433,461,410,314,478,406,465,376,358,364,194,386,409,335,189,421,374,408,210,327,446,212,353,
27-jul,297,38,,,,52,19,13,69,37,109,15,24,406,310,393,426,411,451,454,435,475,453,412,466,338,403,457,503,377,432,460,409,314,476,405,464,375,357,361,192,383,409,334,187,419,372,408,210,326,446,212,353,
28-jul,296,36,,,,50,21,19,72,34,111,17,21,405,310,393,426,409,450,453,434,473,453,412,465,338,403,455,501,376,430,459,406,314,474,404,463,374,355,360,190,381,407,333,184,419,371,407,211,325,445,213,353,
29-jul,296,34,,,,47,23,22,75,30,112,19,17,404,310,392,425,408,449,452,433,471,452,410,465,338,403,453,500,376,430,458,406,314,472,404,462,373,353,360,188,380,407,333,181,418,370,407,212,324,444,213,353,
30-jul,295,31,,,,45,25,23,79,25,114,21,13,404,310,391,424,406,447,451,432,469,450,409,463,338,402,452,500,375,430,456,404,314,469,403,461,372,351,359,185,379,407,333,179,418,367,406,212,323,444,213,353,
31-jul,294,29,,,,43,27,27,84,23,115,23,9,404,310,390,423,405,446,447,431,467,448,409,461,338,401,451,498,374,429,456,402,313,468,403,460,371,349,357,182,377,407,332,177,417,366,406,212,321,442,213,353,
1-ago,292,27,,,,40,30,31,85,19,117,25,6,403,310,387,422,403,444,445,429,465,446,408,460,340,401,451,497,374,427,455,,313,468,401,459,369,346,356,181,376,407,331,174,417,365,405,212,320,440,214,352,
2-ago,291,25,,,,39,33,33,88,18,119,26,3,403,310,385,421,402,443,444,428,463,444,408,459,337,400,450,496,373,426,455,,313,467,400,458,367,344,355,178,374,407,330,172,417,364,403,212,319,439,214,351,
3-ago,289,23,,,,38,37,36,91,16,119,27,0,402,309,384,420,401,441,442,427,461,442,406,458,335,398,450,495,373,425,454,,310,465,399,458,365,342,354,176,373,404,329,171,416,363,403,213,317,438,213,350,
4-ago,288,21,,,,37,40,38,94,13,118,28,1,401,309,383,419,400,439,441,426,460,442,406,456,333,397,449,492,372,424,453,,310,464,398,458,364,340,353,174,371,403,328,169,416,360,403,213,316,438,212,349,
5-ago,287,19,,,,28,43,42,97,9,118,29,4,401,308,382,418,399,438,440,425,458,441,404,454,331,394,448,491,370,424,451,,310,462,397,457,366,339,351,172,370,402,327,167,416,357,403,214,314,436,210,348,
6-ago,286,17,,,,27,46,45,100,8,117,30,6,400,308,382,417,398,437,438,424,457,440,402,453,329,393,447,490,369,423,450,,309,460,396,457,365,336,350,170,368,402,326,165,415,354,402,214,312,433,208,347,
7-ago,285,15,,,,26,49,48,102,6,117,36,8,399,307,381,416,394,433,437,423,456,440,401,453,327,392,446,489,368,423,448,,308,458,398,457,363,334,348,168,366,402,325,163,414,351,401,214,312,432,205,346,
8-ago,284,13,,,,19,51,51,105,4,116,35,9,399,306,380,415,387,432,436,422,454,439,399,452,324,391,445,488,368,422,448,,306,457,396,457,364,330,346,166,363,401,324,160,413,350,401,213,308,430,203,345,
9-ago,283,11,,,,16,54,52,107,0,116,38,11,399,305,379,414,381,431,435,421,456,436,398,450,321,390,444,487,368,421,447,,304,456,394,456,364,328,344,165,361,401,321,158,413,347,399,213,307,429,202,345,
10-ago,282,8,,,,13,57,53,110,2,116,42,13,399,302,379,413,376,430,434,420,455,436,398,448,320,389,443,486,364,421,447,,303,454,,455,365,326,343,164,359,400,320,156,413,345,397,213,305,428,201,345,
11-ago,281,6,,,,10,59,55,112,5,117,46,15,399,300,378,412,371,429,433,419,454,435,397,446,319,388,442,483,363,419,446,,302,452,391,454,364,322,343,164,357,399,319,153,411,341,396,212,310,427,200,343,
12-ago,280,4,,,,3,62,58,114,8,118,49,17,399,300,377,411,366,428,432,418,453,434,396,445,317,387,439,482,362,418,446,,300,450,390,453,363,321,343,157,355,398,318,151,410,339,395,211,310,426,198,342,
13-ago,279,1,,,,1,65,61,116,13,119,53,19,399,300,376,410,362,427,429,417,452,432,394,443,315,385,437,480,359,418,446,,299,449,389,452,362,319,343,155,352,397,316,148,410,337,395,209,299,423,195,342,
14-ago,278,2,,,,0,68,65,118,16,120,56,21,399,300,376,407,360,426,427,416,450,432,393,441,315,384,435,480,358,417,444,,298,447,387,451,360,316,341,151,350,396,313,146,408,333,392,208,298,422,192,343,
15-ago,277,4,,,,4,71,66,120,19,121,57,23,398,300,376,405,356,425,425,415,448,430,392,440,314,383,434,479,357,413,442,,296,446,386,450,358,309,339,147,347,395,311,143,407,331,392,207,296,421,190,343,
16-ago,276,6,,,,5,74,69,122,23,123,58,25,397,298,375,403,353,423,425,414,446,428,391,439,313,380,432,476,355,412,440,,294,445,384,449,357,307,336,144,345,394,309,139,407,329,392,204,294,420,188,342,
17-ago,275,9,,,,6,77,72,124,27,126,59,27,397,297,374,401,353,422,423,413,445,428,389,437,312,379,431,475,354,410,439,,290,442,382,448,356,305,335,143,342,392,307,136,406,326,390,203,292,419,186,341,
18-ago,274,11,,,,14,80,73,126,32,129,60,29,396,297,373,400,352,420,422,412,443,426,387,436,311,378,429,473,353,408,440,,289,440,380,446,354,302,332,141,340,391,304,132,405,320,389,201,289,418,186,340,
19-ago,273,13,,,,16,83,75,129,34,133,61,31,396,295,373,399,350,418,420,411,441,424,386,435,310,377,425,472,350,407,441,,288,439,378,443,353,299,328,138,337,390,302,128,403,318,388,201,286,417,185,340,
20-ago,272,16,,,,20,86,77,131,36,136,62,33,390,295,372,398,350,415,419,410,440,422,385,434,308,376,422,470,349,406,441,,286,436,376,442,351,297,324,136,334,389,300,126,401,316,386,201,283,417,182,339,
21-ago,271,18,,,,22,89,80,134,39,139,63,35,390,294,371,397,348,414,417,409,439,421,384,433,307,375,421,468,348,405,440,,284,434,374,441,349,291,319,134,330,387,299,123,400,311,385,198,280,416,180,339,
22-ago,270,19,,,,24,92,82,136,42,143,64,37,390,292,370,396,346,412,416,408,438,420,383,431,306,374,420,468,344,404,439,,282,433,372,440,348,288,313,132,327,386,297,120,399,309,382,197,278,416,178,338,
23-ago,269,20,,,,28,96,84,138,45,145,65,39,390,290,369,395,344,411,415,407,436,418,384,430,304,373,419,470,342,403,438,,280,432,370,439,347,284,309,129,324,385,295,116,399,307,381,197,276,415,175,338,
24-ago,268,22,,,,30,99,87,140,48,148,66,41,388,288,367,394,342,410,413,406,434,416,385,427,303,372,418,469,340,402,437,,278,430,368,438,346,281,304,125,319,383,293,113,399,305,380,197,274,415,173,339,
25-ago,267,24,,,,32,103,90,143,50,150,67,44,386,287,365,393,340,409,412,404,432,417,385,426,301,371,416,468,339,401,435,,276,428,366,436,345,279,299,122,316,381,291,109,396,302,378,196,270,413,172,339,
26-ago,266,26,,,,32,106,93,145,52,153,68,46,385,286,363,392,338,408,410,401,430,415,385,424,298,368,417,466,336,398,433,,273,425,363,435,343,274,297,117,312,379,288,106,395,297,375,194,265,410,171,341,
27-ago,265,28,,,,34,110,97,147,55,155,69,50,385,284,361,391,336,406,408,398,429,413,385,424,296,364,416,465,336,396,431,,270,424,360,433,339,270,294,110,308,377,285,104,394,291,373,192,265,409,168,341,
28-ago,264,30,,,,38,114,98,149,57,153,70,52,383,283,359,390,336,405,404,396,428,412,384,422,294,362,415,465,333,395,430,,267,423,357,432,337,267,289,107,303,375,282,102,393,286,371,190,255,406,165,343,
29-ago,261,32,,,,44,116,98,151,59,160,71,54,379,281,357,389,334,404,400,394,427,411,384,420,291,360,408,,331,395,428,,264,422,354,431,336,263,286,106,300,374,279,99,393,281,369,190,250,402,162,343,
30-ago,258,34,,,,47,118,102,153,61,162,72,55,377,280,355,388,332,401,398,392,426,410,384,418,291,360,406,,329,392,426,,261,420,,430,334,259,285,104,297,373,276,91,390,279,,190,245,401,160,344,
31-ago,254,36,,,,49,120,104,155,63,162,72,56,376,278,354,387,330,398,396,390,425,408,385,416,289,350,405,,327,390,426,,259,419,,428,331,254,282,101,294,372,272,88,388,271,367,184,240,400,158,344,
1-set,251,38,,,,51,122,100,157,66,163,73,61,375,277,353,387,326,396,394,389,423,406,382,414,287,350,404,,326,388,426,,257,418,,427,330,250,280,98,289,370,268,85,387,264,365,189,235,398,157,342,
2-set,248,40,,,,54,124,101,159,69,163,74,64,372,275,351,388,324,394,394,388,422,404,380,414,285,344,402,,325,386,425,,253,416,346,426,327,245,277,95,284,368,265,82,387,259,362,188,230,396,158,341,
3-set,244,42,,,,54,126,103,161,72,164,75,68,370,273,347,388,322,391,393,387,421,402,378,411,282,342,400,,323,384,424,,250,414,344,424,325,240,274,91,280,366,261,78,386,254,355,188,225,394,155,344,
4-set,241,43,,,,57,128,105,163,74,165,76,72,368,271,345,387,320,388,392,386,420,400,376,410,280,340,398,,320,382,422,,248,413,343,420,322,236,271,89,275,364,256,75,385,247,353,186,220,392,150,346,
5-set,234,45,,,,59,129,107,165,77,165,78,75,366,269,344,385,316,386,390,385,419,398,372,408,278,335,396,,318,380,421,,245,412,342,419,318,231,268,86,270,361,252,71,383,241,349,186,212,391,146,346,
6-set,227,47,,,,58,131,109,167,80,166,80,76,365,267,344,382,312,385,389,384,417,396,370,408,276,332,396,,315,379,422,,241,410,340,419,315,226,265,83,264,359,248,68,381,235,349,184,207,390,146,345,
7-set,220,49,,,,64,133,111,168,82,165,82,79,362,262,343,380,310,384,388,383,415,395,369,406,274,328,393,,314,378,421,,238,408,,418,314,221,262,80,259,357,244,64,379,229,347,183,202,389,142,345,
8-set,214,51,,,,66,134,113,169,85,163,84,81,361,259,342,378,306,383,386,382,412,395,369,403,273,326,393,,312,377,420,,233,405,,417,314,216,258,77,254,355,238,59,377,221,344,180,196,389,138,343,
9-set,207,53,,,,67,136,115,171,88,162,86,83,360,256,338,375,303,383,384,381,409,393,368,402,271,322,390,,308,376,418,,230,403,336,416,314,213,256,74,249,353,234,54,376,215,341,178,191,388,136,341,
10-set,200,54,,,,68,138,117,173,89,160,88,84,357,255,335,371,301,380,380,378,407,391,368,402,268,317,387,,306,376,417,,228,399,333,416,313,207,252,71,244,353,228,50,374,210,338,176,185,387,134,339,
11-set,193,56,,,,68,140,118,175,93,158,91,85,356,252,333,370,298,378,378,375,405,389,366,400,266,315,387,,304,374,419,,225,397,331,414,310,203,249,68,239,351,225,46,371,201,334,174,179,386,132,336,
12-set,187,58,,,,69,142,119,176,98,157,93,89,355,250,332,369,296,376,376,373,403,387,365,398,263,311,382,,302,373,419,,221,395,329,410,307,198,245,64,234,349,219,41,369,196,332,171,174,385,130,334,
13-set,181,60,,,,70,143,120,177,98,155,95,95,353,248,331,368,294,376,374,371,404,385,364,396,260,308,372,,301,371,418,,218,393,327,409,304,192,241,60,228,347,215,38,367,191,330,169,169,383,128,332,
14-set,175,62,,,,72,144,120,177,99,154,97,100,350,246,330,367,292,375,373,369,402,383,362,394,258,306,377,,298,369,419,,214,391,,408,300,187,237,55,223,344,210,36,365,180,327,168,166,381,127,330,
15-set,170,64,,,,74,145,121,176,101,153,99,103,350,245,329,366,292,374,373,367,399,383,359,392,256,302,375,,295,367,420,,211,389,,405,296,183,233,51,217,341,204,34,363,174,323,165,158,370,124,329,
16-set,164,66,,,,76,146,122,178,103,152,101,108,347,244,329,365,288,373,370,365,397,383,357,390,254,297,370,,293,363,419,,208,387,,403,294,178,228,46,212,339,199,30,360,169,319,161,153,369,120,328,
17-set,158,68,,,,78,147,123,180,105,151,103,109,341,242,328,361,284,371,368,363,396,382,355,388,252,293,367,,285,362,418,,204,385,314,401,290,174,225,42,206,337,194,27,358,161,314,159,147,368,118,329,
18-set,152,69,,,,80,148,125,180,107,150,105,109,340,237,328,359,282,368,366,360,395,380,353,384,248,287,366,,283,361,418,,200,383,312,399,287,169,217,39,200,335,188,22,355,151,310,156,143,368,113,330,
19-set,147,71,,,,81,149,127,180,108,149,105,122,338,231,328,358,280,364,364,358,392,378,351,383,244,282,365,,280,359,416,,198,380,310,397,286,165,212,36,194,332,182,16,353,144,307,154,137,365,108,332,
20-set,141,73,,,,84,150,128,181,109,148,106,123,335,226,328,356,278,361,362,356,391,376,349,381,241,280,364,,278,358,414,,193,378,306,396,283,161,204,32,189,329,178,11,350,140,304,152,129,362,103,333,
21-set,136,75,,,,87,152,129,181,110,148,107,125,332,223,329,353,276,360,360,353,389,373,346,379,238,276,363,,276,357,412,,190,375,,396,277,156,201,27,182,325,173,7,348,137,300,148,126,359,99,334,
22-set,130,77,,,,90,153,130,182,111,148,108,127,330,221,330,352,274,360,358,350,387,371,344,377,235,273,362,,274,356,411,,184,374,,395,274,152,191,23,177,321,168,4,346,129,294,144,120,357,95,334,
23-set,125,79,,,,94,154,131,182,112,148,108,130,327,219,330,350,274,359,356,346,386,369,340,377,231,270,361,,272,355,409,,182,372,296,393,271,149,186,20,172,318,164,2,343,122,290,142,115,355,90,335,
24-set,119,80,,,,97,155,131,183,113,148,109,133,325,214,329,347,272,358,354,342,384,367,338,375,228,267,360,,270,353,408,,178,370,293,391,265,144,181,18,168,315,159,0,340,113,285,137,110,353,79,336,
25-set,114,81,,,,100,157,131,184,114,148,109,135,324,210,329,345,268,355,353,338,382,365,336,374,224,264,359,,265,351,408,,175,368,291,389,262,138,176,17,164,311,154,-2,337,108,281,134,106,350,70,337,
26-set,109,83,,,,103,159,131,185,115,148,110,136,322,207,330,343,266,352,352,335,380,362,334,371,221,259,359,,260,350,408,,172,365,287,390,259,133,170,19,160,308,149,0,333,102,276,131,100,349,66,338,
27-set,104,84,,,,106,161,131,186,115,148,111,137,319,204,330,341,264,350,351,332,378,359,332,370,218,254,354,,258,347,407,,167,362,282,388,256,128,165,19,153,305,144,0,330,98,269,127,96,348,62,337,
28-set,98,86,,,,108,163,131,187,116,149,112,140,315,202,329,340,262,346,350,330,379,356,329,374,218,249,349,,256,343,405,,164,360,,386,253,123,158,18,148,302,139,0,327,91,264,124,91,346,60,337,
29-set,93,88,,,,111,165,131,188,116,149,113,141,313,199,327,339,258,349,348,327,378,354,326,374,218,243,346,,254,342,404,,160,358,,384,249,120,154,18,143,300,135,-3,325,86,256,119,86,345,59,337,
30-set,87,89,,,,113,167,132,187,116,150,114,142,308,195,325,337,254,346,346,324,375,351,322,373,214,237,341,,249,342,402,,157,356,272,382,245,116,149,18,138,297,131,-4,323,80,250,116,85,343,59,332,
1-out,82,90,,,,116,169,133,186,116,151,121,142,306,186,322,335,250,342,344,321,372,347,319,371,212,230,341,,242,339,,,154,350,266,378,241,112,142,17,133,293,126,-2,316,73,245,112,81,340,59,330,
2-out,76,91,,,,118,171,135,185,116,152,117,143,303,178,320,333,245,333,342,317,369,344,317,368,210,225,336,,240,337,,,149,348,261,377,239,108,134,18,129,289,121,-2,313,67,239,110,78,338,58,330,
3-out,71,93,,,,120,173,138,184,116,153,118,145,299,173,318,331,239,336,340,314,368,341,315,366,205,220,331,,238,337,,,147,346,257,375,235,101,128,18,126,285,117,-2,314,62,234,108,74,332,60,330,
4-out,66,94,,,,122,176,141,183,116,154,119,147,296,165,317,330,233,333,339,310,366,339,311,364,200,214,325,,236,335,,,145,344,252,373,231,98,124,18,121,281,113,0,312,57,230,105,70,327,61,329,
5-out,60,95,,,,123,178,143,182,116,157,123,148,294,163,315,329,228,330,337,306,364,337,309,360,199,207,317,,232,331,,,142,338,249,371,228,95,122,18,117,277,109,0,311,54,224,101,67,320,62,327,
6-out,55,97,,,,125,181,145,181,116,159,127,149,291,161,314,328,221,328,335,302,364,334,306,357,190,202,310,,230,330,,,137,334,244,366,226,90,117,17,113,271,105,0,309,49,219,98,64,319,62,326,
7-out,50,98,,,,126,183,147,180,117,162,129,148,286,154,313,326,214,324,334,298,362,330,301,354,187,197,305,,228,328,,,133,330,240,363,222,88,112,15,108,267,101,0,305,47,213,94,61,314,61,325,
8-out,45,97,,,,128,186,149,179,118,164,131,146,282,137,313,324,207,319,332,294,367,327,297,350,187,191,300,,226,326,,,128,328,236,361,219,81,108,14,104,261,97,0,302,45,207,92,59,310,61,324,
9-out,40,97,,,,129,189,151,178,119,167,133,144,278,132,312,321,200,314,330,289,365,323,293,348,186,186,294,,226,324,,,125,326,231,358,217,74,103,14,100,255,91,0,301,43,202,91,57,306,60,323,
10-out,36,97,,,,130,191,153,177,120,169,133,142,275,130,310,320,193,311,328,284,364,319,289,344,181,181,290,,220,321,,,122,324,225,354,213,72,100,13,96,249,87,-1,297,40,195,88,55,303,59,320,
11-out,32,97,,,,130,192,155,176,121,170,131,141,273,130,307,317,188,307,326,280,364,317,286,341,176,176,282,,213,319,,,118,320,220,352,210,67,97,12,91,244,83,-1,291,36,187,84,52,299,58,318,
12-out,28,96,,,,131,193,157,174,122,168,130,141,269,128,303,314,181,305,324,275,363,314,282,337,174,171,272,,208,318,,,115,316,214,347,208,63,91,11,87,239,79,2,289,31,180,80,50,293,54,315,
13-out,24,96,,,,132,194,159,172,122,166,129,140,266,123,300,311,176,301,322,270,359,310,278,334,170,166,270,,206,317,,,113,312,209,345,203,59,87,10,84,234,76,2,286,27,174,79,44,285,52,313,
14-out,20,97,,,,133,196,160,168,123,164,128,139,261,122,296,307,170,299,318,264,359,307,274,330,168,161,264,,205,316,,,110,310,204,343,199,56,83,10,80,229,72,0,280,23,168,77,42,279,49,311,
15-out,16,97,,,70,134,197,160,163,124,162,127,139,256,118,292,303,163,308,314,258,358,303,270,325,163,155,256,,203,314,,,108,308,199,340,197,52,80,8,75,222,70,0,279,18,162,73,40,274,45,307,
16-out,12,96,,,72,134,198,161,158,125,160,126,138,253,116,288,300,157,307,310,256,354,299,266,320,160,149,254,,202,309,,,105,306,194,335,195,48,76,6,72,216,68,-2,283,15,156,73,35,269,38,302,
17-out,5,96,,,71,135,198,161,154,126,158,126,137,249,110,284,297,154,305,306,250,353,296,262,315,156,144,250,,200,302,,,101,304,189,329,193,44,72,5,69,211,68,-3,282,13,149,72,32,265,35,296,
18-out,1,95,,,66,134,198,162,150,127,156,125,136,239,108,280,294,151,301,302,245,351,294,259,311,156,137,248,,198,298,,,98,300,181,324,191,41,65,4,66,205,68,-4,280,8,143,70,30,257,33,291,
19-out,8,95,,,65,132,198,162,146,128,153,124,135,233,106,276,289,149,296,298,240,348,291,256,307,154,131,246,,197,292,,,94,296,175,319,189,38,61,2,62,199,68,-7,278,5,132,67,27,250,23,289,
20-out,15,94,,,65,131,199,163,143,126,151,124,134,231,105,272,286,146,293,294,235,345,287,251,308,152,124,244,,196,287,,,90,290,169,315,187,35,57,2,59,195,70,-9,275,3,130,67,27,240,13,287,
21-out,21,94,,,66,129,199,163,143,124,149,123,133,229,103,268,283,143,289,290,230,343,283,246,304,149,118,242,,196,282,,,86,290,171,309,183,32,53,8,54,190,72,-10,271,2,122,63,26,228,5,282,
22-out,28,93,,,64,127,199,161,143,123,146,122,132,226,99,264,280,140,284,286,225,340,279,242,299,147,112,236,,196,277,,,82,287,165,304,177,30,47,9,51,186,71,-10,268,-2,112,60,23,217,4,276,
23-out,34,95,,,64,125,199,159,143,121,144,122,132,221,97,260,275,137,281,281,219,337,277,239,293,143,105,223,,190,273,,,77,284,159,300,175,26,44,9,49,183,70,-11,264,-2,107,58,22,209,4,271,
24-out,32,97,,,62,124,198,157,143,119,142,122,131,219,95,255,271,136,276,275,212,335,273,235,291,140,97,210,,185,266,,,74,279,155,295,175,25,46,7,45,178,70,-13,260,2,104,54,20,199,4,266,
25-out,30,99,,,62,123,197,155,143,118,141,121,131,218,86,251,267,134,271,269,205,333,269,231,287,136,90,198,,179,259,,,72,274,153,294,174,24,44,6,42,173,70,-15,256,2,97,52,20,190,4,260,
26-out,29,101,,,61,121,196,152,143,117,143,120,130,208,82,249,264,133,266,262,198,330,265,227,284,132,84,190,,178,253,,,68,271,150,289,175,22,41,4,38,168,70,-15,254,-1,92,52,17,181,3,257,
27-out,27,104,,,60,120,195,149,142,119,144,120,130,201,78,246,261,132,261,256,194,327,261,223,281,125,80,180,,177,244,,,65,266,147,287,171,20,39,4,36,166,70,-14,251,-4,85,51,14,170,3,255,
28-out,25,106,,,60,118,193,146,140,121,146,119,131,193,75,243,258,129,264,250,190,325,257,212,277,121,80,168,,176,237,,,64,263,145,283,170,18,40,3,34,170,70,-14,246,-7,79,51,10,161,2,251,
29-out,24,108,,,59,116,192,143,138,123,147,119,132,186,72,240,253,127,250,246,190,322,253,208,273,119,82,160,,176,228,,,63,263,139,276,169,16,38,3,32,167,70,-15,241,-10,73,51,7,151,1,246,
30-out,22,110,,,58,114,190,140,136,125,148,118,133,179,69,238,249,124,248,240,182,319,249,204,269,118,87,155,,179,221,,,62,260,135,271,167,15,35,5,31,164,70,-15,237,-10,72,50,5,141,1,242,
31-out,23,112,,,57,113,188,139,134,127,149,118,133,174,68,236,244,119,247,233,173,316,245,200,264,114,90,155,,174,215,,,61,254,132,267,166,13,33,5,30,160,68,-17,232,-13,66,48,3,131,1,237,
1-nov,24,115,,,57,113,186,138,131,129,150,118,131,169,67,235,243,115,255,225,171,313,240,196,260,111,90,154,,174,208,,,61,249,131,261,,11,31,5,28,158,69,-17,228,-14,66,48,0,122,1,233,
2-nov,26,118,,,57,112,183,137,129,131,150,118,127,163,65,235,241,110,271,217,168,309,236,194,256,108,89,154,,173,204,,,61,246,130,254,,10,28,4,26,156,68,-17,224,-16,62,47,-3,112,2,228,
3-nov,27,120,,,56,112,181,136,127,133,150,118,121,157,64,234,235,105,243,212,164,304,230,190,250,105,89,153,,172,200,,,62,241,130,250,,9,29,3,24,154,67,-18,220,-16,58,43,-6,102,2,225,
4-nov,28,123,,,55,111,179,135,126,135,151,117,117,153,62,233,223,103,229,207,160,301,225,194,245,102,87,152,,171,194,,,62,235,135,249,,8,28,3,21,152,64,-19,216,-16,54,41,-8,93,1,218,
5-nov,30,125,,,55,111,177,136,125,136,151,117,113,147,58,233,216,110,224,209,158,298,220,188,242,100,85,148,,170,193,,,62,229,135,244,,10,27,2,19,148,62,-19,211,-17,52,39,-11,85,1,210,
6-nov,32,122,,,54,111,174,137,124,137,151,117,110,146,56,234,212,115,219,207,156,295,215,182,237,98,84,140,,169,192,,,62,225,133,239,,12,27,1,16,145,60,-16,208,-17,50,36,-13,75,1,206,
7-nov,31,119,,,54,110,172,137,124,138,152,116,105,144,55,234,204,120,214,214,154,293,210,179,233,94,81,135,,168,187,,,61,219,131,230,,12,25,-3,14,141,60,-16,206,-19,50,34,-15,67,1,201,
8-nov,29,116,,,53,108,171,138,123,139,152,115,101,142,54,232,200,125,209,220,152,291,205,176,226,90,75,130,,167,177,,,60,213,131,224,,13,25,-3,12,138,59,-16,207,-21,50,34,-15,60,1,197,
9-nov,28,113,,,54,106,170,138,123,140,150,114,97,142,52,230,196,129,209,234,150,294,200,174,222,86,72,120,,166,174,,,59,207,137,216,,13,23,-3,10,134,56,-17,205,-24,50,33,-15,58,1,190,
10-nov,26,110,,,52,104,169,139,122,140,148,112,93,140,50,226,190,133,205,242,148,292,195,174,218,82,68,108,,165,179,,,58,202,142,211,,13,21,-4,9,131,55,-17,203,-26,53,33,-13,47,1,186,
11-nov,25,107,,,55,102,168,140,121,141,146,111,84,138,48,222,185,138,200,246,146,288,194,172,212,78,65,91,,163,195,,,56,198,153,205,,14,19,-6,8,128,60,-16,201,-27,55,32,-13,41,1,183,
12-nov,23,104,,,56,100,167,141,120,141,145,110,85,136,47,218,180,143,196,250,144,286,192,170,207,75,64,94,,162,202,,,55,193,156,199,,14,19,-6,6,124,67,-13,198,-27,57,30,-13,35,2,177,
13-nov,22,104,,,56,98,166,143,119,142,143,109,81,136,45,215,178,143,193,250,142,289,190,169,203,72,60,90,,160,208,,,54,189,154,192,,14,26,-6,6,121,72,-12,195,-26,58,30,-13,30,2,170,
14-nov,23,104,,,57,96,166,144,117,143,141,108,77,135,45,211,178,142,189,252,141,288,187,170,197,60,57,82,,159,216,,,53,184,152,185,,14,34,-4,6,118,72,-10,191,-26,58,30,-13,25,2,166,
15-nov,24,105,,,57,94,165,146,115,144,139,106,73,135,43,208,177,141,185,250,140,287,184,170,193,62,58,75,,158,220,,,52,180,150,179,,13,39,-4,5,117,71,-9,187,-26,56,30,-11,20,1,160,
16-nov,25,105,,,58,93,164,147,113,145,138,106,73,131,41,204,175,139,182,248,140,286,182,170,186,59,60,74,,157,214,,,50,176,151,174,,12,39,-1,4,115,70,-6,184,-23,54,29,-10,17,0,153,
17-nov,26,105,,,59,91,164,148,111,146,137,104,75,123,39,201,175,140,180,246,138,284,181,167,182,56,60,72,,156,214,,,48,173,151,169,,12,37,0,4,112,74,-4,179,-23,51,28,-10,15,-1,148,
18-nov,27,105,,,60,90,163,149,107,146,136,100,74,118,43,199,175,138,175,243,138,281,181,169,175,54,58,68,,155,210,,,47,170,151,166,147,8,35,6,4,109,76,-2,175,-23,52,28,-10,12,-2,140,
19-nov,28,106,,,62,88,162,149,103,146,135,98,72,115,42,196,178,136,175,240,138,278,183,170,170,52,57,67,,154,207,,,45,170,151,161,147,7,33,9,3,108,79,0,171,-23,52,27,-10,10,-2,135,
20-nov,28,107,,,63,87,161,150,98,147,134,96,70,109,40,191,181,134,170,235,136,276,185,170,164,50,57,65,,152,204,,,45,182,152,156,147,6,30,12,1,107,80,2,166,-20,52,24,-10,8,-3,130,
21-nov,28,108,,,64,86,158,151,94,147,133,94,71,102,39,188,182,131,167,231,135,274,187,171,159,48,57,63,,151,200,,,45,180,152,150,147,5,31,15,1,105,82,5,161,-18,51,23,-10,6,-3,124,
22-nov,28,109,,,66,86,155,151,89,147,132,91,72,85,38,185,181,131,163,226,134,270,185,172,152,45,56,62,,150,196,,,45,178,154,145,147,4,33,16,-2,102,82,7,157,-18,50,22,-8,5,-3,117,
23-nov,27,110,,,67,86,152,152,84,148,132,88,72,79,38,181,182,129,158,223,133,268,184,173,148,44,56,61,,149,193,,,43,181,156,139,145,3,35,17,-4,100,81,11,152,-14,50,20,-8,5,-4,112,
24-nov,27,111,,,68,87,149,152,80,148,131,85,70,71,39,179,181,128,154,220,132,266,183,175,142,41,56,58,,148,190,,,43,180,155,135,144,2,35,18,-4,98,79,13,148,-10,48,17,-9,4,-4,109,
25-nov,27,112,,,68,87,146,153,79,149,130,83,67,64,38,177,181,128,154,218,131,264,183,175,142,39,55,57,,148,189,,,43,180,153,132,143,3,35,19,-4,96,79,15,145,-4,46,15,-10,4,-4,105,
26-nov,26,112,,,69,87,143,152,77,149,129,81,61,56,37,175,180,126,155,216,128,262,183,175,139,37,64,55,,147,186,,,43,180,151,130,144,7,35,18,-4,94,79,17,140,-2,44,14,-10,4,-4,99,
27-nov,26,112,,,69,88,140,151,75,150,128,79,57,49,38,173,178,124,153,214,126,260,182,176,139,35,66,53,,146,186,,,46,180,153,129,142,9,35,18,-5,92,77,18,135,4,41,14,-10,2,-5,94,
28-nov,27,112,,,70,88,139,151,74,151,127,75,52,43,38,172,176,125,151,210,124,258,182,176,136,32,68,50,,145,182,,,56,179,146,129,141,9,38,19,-6,90,77,20,135,6,37,14,-11,2,-5,90,
29-nov,28,113,,,70,89,139,150,72,152,125,73,47,38,39,172,176,124,148,207,122,255,181,176,132,30,66,49,,144,179,,,61,179,142,129,140,9,47,19,-7,88,77,23,135,8,32,15,-7,1,-5,90,
30-nov,29,113,,,70,90,139,150,71,153,124,69,37,34,39,170,175,123,145,210,120,251,181,177,130,35,65,49,,142,176,,,67,175,138,128,137,9,55,25,-7,88,76,24,135,10,27,15,-7,1,-6,88,
1-dez,31,113,,,69,90,139,149,71,152,121,63,26,32,41,167,173,122,142,210,118,248,180,179,126,35,64,48,,140,176,,,67,175,135,128,135,7,65,26,-7,89,75,26,134,17,22,16,-7,1,-6,85,
2-dez,32,114,,,69,91,139,149,70,151,119,54,18,30,46,164,171,121,141,209,116,245,179,177,123,36,64,47,,136,175,,,69,175,133,130,132,7,68,26,-8,88,75,27,134,24,16,16,-5,1,-6,83,
3-dez,33,114,,,68,91,139,148,68,150,117,51,12,30,48,161,171,117,140,209,115,241,181,177,120,37,58,45,,130,173,,,70,171,129,132,135,10,69,26,-8,87,75,28,135,30,5,16,-2,-1,-5,81,
4-dez,34,114,,,68,92,139,147,68,149,115,47,8,30,49,158,172,115,140,211,113,239,182,179,117,38,56,44,,125,171,,,69,170,126,137,138,10,73,29,-8,88,75,27,136,37,4,18,-2,-4,-5,78,
5-dez,34,113,,,68,92,137,146,67,148,113,42,3,31,49,155,172,114,142,212,112,236,182,181,114,37,55,44,,120,168,,,70,169,122,145,144,11,70,36,-8,90,75,27,137,43,4,19,-1,-18,-6,70,
6-dez,35,113,,,68,92,135,145,70,147,111,36,1,31,49,151,170,115,142,213,110,232,182,184,109,36,55,44,,115,167,,,76,168,119,155,147,17,70,37,-8,99,75,28,138,46,3,21,-1,-13,-6,65,
7-dez,37,112,,,66,93,132,144,70,146,109,30,0,32,49,148,167,116,141,213,110,232,181,190,106,36,58,44,,112,165,,,85,164,116,165,148,18,70,37,-9,104,75,30,141,47,0,27,-1,-20,-5,60,
8-dez,39,112,,,64,93,130,143,71,145,108,23,1,33,48,145,167,117,141,212,110,231,181,196,103,37,61,44,,109,164,,,92,160,113,175,149,21,70,37,-9,107,79,30,144,47,-5,28,-1,-26,-5,55,
9-dez,41,111,,,64,94,127,142,71,145,106,15,2,34,48,143,167,116,139,210,113,229,179,198,100,36,63,44,,107,163,,,98,159,112,190,149,38,68,37,-6,114,84,30,149,48,-9,29,-1,-30,-5,50,
10-dez,43,110,,,62,94,124,140,71,144,105,6,2,35,48,141,167,120,138,208,116,227,178,203,98,36,63,44,,106,161,,,103,158,111,199,158,37,68,37,-6,114,86,30,164,49,-14,30,-1,-34,-5,44,
11-dez,45,110,,,62,95,122,138,71,144,103,2,3,35,48,138,166,124,136,206,118,227,176,208,93,36,66,44,,105,159,,,107,158,109,206,162,35,65,38,-6,117,86,31,180,54,-14,33,-1,-37,-5,40,
12-dez,47,109,,,60,95,121,136,70,143,101,12,4,36,48,135,165,129,133,202,120,226,174,213,90,36,68,44,,104,158,,,111,161,109,209,168,35,64,38,-6,119,86,32,193,61,-12,36,-1,-40,-5,35,
13-dez,48,109,,,60,94,121,134,70,142,100,21,5,37,48,131,163,132,130,199,123,226,172,218,88,35,70,44,,104,158,,,114,162,109,211,171,35,63,45,-6,120,86,32,196,71,-11,38,-1,-43,-4,28,
14-dez,50,108,,,59,94,120,133,70,141,97,31,6,38,48,128,162,133,128,196,124,225,172,222,86,34,72,44,,102,159,,,115,162,108,214,173,35,64,49,-6,121,86,33,198,77,-11,42,-1,-46,-3,20,
15-dez,51,107,,,56,93,120,132,65,142,95,41,8,42,47,125,161,134,126,194,126,226,171,226,84,34,70,43,,102,159,,,116,162,106,215,172,36,70,53,-6,121,84,33,198,87,-11,44,-1,-48,-3,15,
16-dez,53,106,,,54,93,120,131,67,142,92,46,11,43,47,124,159,134,124,191,129,225,171,231,85,36,70,43,,101,159,,,116,158,104,215,172,41,78,56,-6,119,83,34,198,88,-11,45,-1,-50,-2,10,
17-dez,55,105,,,52,93,119,129,66,143,89,53,14,45,47,124,157,134,129,189,132,225,168,235,83,36,74,43,,100,159,,,116,157,102,215,171,44,83,59,-6,119,82,35,198,94,-10,46,-3,-52,-2,5,
18-dez,56,102,,,52,92,119,127,66,144,86,62,17,65,46,123,156,133,123,185,136,225,166,240,82,41,78,43,,100,159,,,116,154,101,217,170,47,83,62,-7,119,84,36,198,97,-11,46,-3,-54,-2,2,
19-dez,55,99,,,52,92,119,124,65,144,83,73,20,95,46,120,154,132,122,181,140,225,166,243,80,44,80,43,,100,160,,,113,153,100,217,170,49,83,65,-7,118,84,37,198,100,-11,47,-3,-54,-1,0,
20-dez,54,96,,,52,92,119,120,65,145,81,83,21,117,46,118,154,131,121,181,142,233,166,243,78,47,80,43,,100,160,,,113,150,98,217,168,52,83,67,-8,117,84,39,195,104,-10,50,-2,-56,-1,3,
21-dez,53,93,,,44,91,119,117,64,146,81,95,23,132,46,117,160,130,120,184,144,235,165,238,76,49,81,43,,100,160,,,116,148,98,213,168,55,80,70,-9,113,85,41,192,106,-9,51,-2,-56,-2,4,
22-dez,52,90,,,32,90,118,114,62,148,81,103,25,140,48,116,164,129,122,190,146,237,166,236,78,51,84,44,,100,160,,,120,146,98,210,169,55,76,72,-10,110,85,41,191,108,-9,53,-2,-56,-2,0,
23-dez,51,87,,,31,89,118,111,60,149,81,115,28,144,52,117,166,128,123,194,149,244,167,236,76,54,87,44,,100,160,,,125,145,98,206,168,58,74,75,-10,111,85,41,189,109,-6,55,-5,-55,-1,6,
24-dez,50,83,,,28,87,117,108,57,150,80,121,31,146,55,125,169,127,133,198,152,247,166,236,75,57,90,44,,100,158,,,129,143,97,203,167,57,73,81,-10,111,85,42,186,110,-3,56,-7,-54,-1,2,
25-dez,50,80,,,28,86,117,104,54,151,80,124,35,146,57,132,170,128,140,198,154,250,166,238,75,65,93,44,,100,157,,,133,142,95,200,167,56,70,85,-11,111,87,43,184,110,-2,57,-7,-54,-1,3,
26-dez,49,78,,,28,86,119,100,53,152,80,124,39,146,58,140,170,135,146,200,157,251,165,240,74,68,96,44,,100,155,,,137,139,94,197,166,51,69,90,-12,110,98,49,184,111,-1,57,-6,-54,-2,3,
27-dez,49,76,,,24,85,121,96,53,153,80,124,43,145,57,145,170,138,153,200,158,252,165,241,72,72,99,45,,100,155,,,141,138,94,195,165,48,68,94,-12,108,109,51,185,110,-1,58,-5,-53,-2,3,
28-dez,48,74,,,20,85,123,92,53,154,81,124,53,144,62,152,170,137,159,200,158,253,165,242,70,74,99,48,,100,155,,,143,136,94,193,164,47,67,101,-12,106,115,52,186,107,-1,59,-4,-52,-3,4,
29-dez,48,72,,,18,84,125,88,53,152,81,124,69,144,72,159,169,137,164,200,157,254,165,243,69,77,105,51,,100,155,,,147,135,94,187,162,46,67,107,-12,107,115,53,186,107,-3,60,-1,-52,-4,3,
30-dez,47,70,,,15,83,127,84,54,150,82,125,80,145,79,165,168,137,167,198,160,255,166,244,88,77,106,53,,100,157,,,152,135,94,185,165,44,67,113,-12,107,114,54,185,106,-3,60,-4,-51,-5,3,
31-dez,47,68,,,11,82,129,79,54,149,82,126,88,145,81,171,167,145,172,193,161,256,167,246,85,79,106,56,,101,156,,,155,132,94,183,165,44,67,121,-14,107,112,54,183,106,-5,61,-4,-50,-5,3,
