DIA,1967,1968,1969,1970,1971,1972,1973,1974,1975,1976,1977,1978,1979,1980,1981,1982,1983,1984,1985,1986,1987,1988,1989,1990,1991,1992,1993,1994,1995,1996,1997,1998,1999,2000,2001,2002,2003,2004,2005,2006,2007,2008,2009,2010,2011,2012,2013,2014
1-jan,,388,475,426,342,413,478,493,493,530,551,535,529,505,525,541,527,583,549,435,483,517,499,,519,516,554,507,550,530,524,532,522,468,496,543,485,514,483,518,546,507,475,529,405,454,499,493
2-jan,,390,480,429,344,413,479,495,496,532,553,535,531,506,526,543,527,584,550,437,488,520,500,,519,518,554,514,551,531,526,534,523,470,498,545,488,515,485,520,548,507,477,531,405,455,505,496
3-jan,,395,484,431,343,412,482,496,498,533,555,536,534,507,528,547,528,586,551,441,492,522,502,,520,520,555,514,553,533,528,534,524,471,499,545,495,515,487,522,549,507,479,534,406,455,505,498
4-jan,,398,487,434,342,411,484,498,499,534,557,537,535,510,530,549,530,587,551,445,497,523,507,,522,522,555,519,555,534,530,535,526,469,500,545,488,515,490,526,550,507,481,534,408,455,500,501
5-jan,,400,489,436,344,409,486,500,501,535,559,538,537,512,532,550,535,589,552,449,502,525,510,,525,524,555,521,556,536,532,536,530,466,501,547,499,515,495,530,551,507,482,536,411,455,500,504
6-jan,,400,492,438,347,409,486,502,503,535,561,540,539,515,534,550,536,589,552,456,507,532,511,,525,526,555,522,558,538,534,536,531,463,502,549,500,514,498,532,552,507,484,536,414,457,500,506
7-jan,,400,494,439,351,410,487,502,505,536,562,543,543,519,536,551,536,588,554,461,511,536,512,,526,528,556,523,560,540,536,537,531,463,503,551,501,513,500,534,553,507,488,538,418,458,499,508
8-jan,,399,495,439,354,410,487,504,506,538,567,545,546,522,538,553,536,587,556,463,515,539,515,,526,529,556,525,561,542,538,539,531,466,504,552,502,513,503,536,554,509,490,539,423,459,497,511
9-jan,,397,497,439,359,410,488,505,506,539,569,546,548,524,540,555,536,587,557,467,517,541,516,,526,530,557,530,562,544,541,539,531,466,505,553,503,513,504,538,555,510,492,541,426,460,496,513
10-jan,,396,499,440,361,410,489,506,507,539,570,549,550,526,542,561,537,588,557,469,519,541,518,,532,532,558,531,564,545,544,537,533,467,506,554,505,513,506,540,555,510,494,545,436,462,494,514
11-jan,,399,501,440,363,409,489,507,509,540,571,550,553,528,544,563,538,587,557,470,521,543,520,,,533,559,532,565,545,546,536,534,470,506,556,506,513,510,543,555,512,497,547,440,464,494,515
12-jan,,401,503,440,365,408,489,508,510,540,571,552,556,529,546,566,538,586,558,474,523,544,522,,,533,560,533,566,546,547,540,536,470,506,561,508,513,512,547,556,513,499,548,444,469,494,516
13-jan,,405,505,441,366,406,489,510,511,541,571,554,557,533,548,567,538,586,558,479,525,545,524,,,533,561,533,567,547,548,541,538,471,507,562,509,513,514,548,556,514,501,547,449,473,493,518
14-jan,,406,507,442,366,405,489,512,512,541,571,557,559,536,549,568,539,585,558,479,527,550,526,,,534,561,535,567,551,549,539,540,472,507,563,510,513,516,549,557,516,504,549,460,476,495,519
15-jan,,407,509,447,366,405,489,514,512,540,573,561,563,537,550,569,544,585,560,481,529,549,528,,,534,560,535,568,552,551,539,541,472,506,566,512,516,518,550,557,517,506,549,464,477,495,520
16-jan,,406,510,446,366,406,492,516,514,541,573,562,567,539,551,571,544,584,566,485,530,549,530,,,536,560,535,569,552,553,538,543,472,504,566,514,517,519,551,556,518,509,550,470,478,495,521
17-jan,,406,512,444,367,408,492,517,515,542,576,563,571,541,552,572,544,584,566,485,532,550,532,,,539,560,536,573,554,555,536,544,471,503,566,516,518,521,553,556,518,511,550,476,481,495,522
18-jan,,407,513,444,368,409,492,519,516,542,580,566,572,543,556,575,545,583,566,487,534,550,532,,,539,561,537,576,558,556,538,545,471,502,568,518,519,523,553,556,519,513,550,480,484,496,522
19-jan,,412,514,444,372,411,494,521,517,542,583,566,574,544,558,576,546,584,566,488,535,550,533,,,540,561,538,581,559,558,536,546,470,501,569,521,520,525,554,565,520,517,551,485,486,496,521
20-jan,,417,518,445,375,412,505,523,518,542,587,576,578,546,559,577,547,583,567,489,536,551,534,,,540,562,539,585,561,560,534,547,469,500,570,523,521,528,555,,521,518,552,492,487,497,520
21-jan,,421,524,445,376,412,503,527,520,543,591,596,585,548,560,578,548,583,568,492,539,552,535,,,541,562,540,590,561,561,534,548,469,499,572,524,522,533,556,,525,519,553,499,489,498,520
22-jan,,425,525,444,379,413,502,528,521,544,594,613,594,550,562,579,550,583,576,497,540,555,536,,,542,562,541,596,561,561,533,550,468,502,574,525,523,535,556,,527,519,553,501,491,498,520
23-jan,,427,526,445,379,414,501,529,523,544,599,621,600,551,564,581,557,583,580,498,542,558,537,,,543,562,541,602,562,561,532,551,467,503,577,527,524,538,556,,528,520,554,505,493,498,521
24-jan,,431,527,444,380,412,500,530,524,545,599,624,604,554,566,583,555,583,586,500,547,558,539,,,543,562,543,604,563,561,531,552,466,504,580,531,524,540,557,,528,521,555,508,496,498,522
25-jan,,431,527,445,381,412,501,534,525,545,599,626,608,557,571,586,554,584,597,502,548,558,542,,,543,562,545,605,563,562,530,553,466,505,583,533,525,542,557,,528,521,555,512,498,498,522
26-jan,,433,528,446,381,414,509,535,527,544,599,626,612,561,578,589,554,585,597,503,549,558,545,,,543,562,547,605,563,563,529,554,467,507,587,534,526,544,557,,529,522,556,516,501,503,527
27-jan,,435,528,447,382,416,507,536,529,546,599,627,616,566,586,592,555,585,600,504,550,559,550,,,544,562,550,607,564,567,527,555,465,510,589,535,526,546,557,,535,520,556,518,504,503,528
28-jan,,437,528,449,383,416,507,537,530,550,599,627,621,570,591,593,555,586,603,506,557,559,556,,,544,562,552,609,564,572,525,556,464,511,590,536,527,547,558,,536,520,557,521,506,503,528
29-jan,,439,529,451,385,419,507,538,530,549,599,627,626,575,594,594,555,586,605,507,559,560,562,,,544,563,552,615,564,579,524,558,463,512,590,537,527,548,559,579,537,519,557,525,509,505,528
30-jan,,441,530,455,387,419,507,540,533,549,598,627,630,579,596,595,555,588,606,510,562,565,567,,,545,564,553,613,564,586,524,560,465,513,591,538,528,548,559,581,538,518,558,529,510,507,528
31-jan,,442,531,457,388,420,509,542,534,549,599,629,632,581,597,600,556,589,607,512,562,569,573,,,545,564,554,611,565,591,525,561,465,514,593,539,530,550,560,583,540,517,558,531,512,509,530
1-fev,,444,532,467,388,422,510,544,535,550,598,628,632,584,597,601,557,588,608,516,569,573,580,,,545,564,554,611,565,594,528,561,466,515,594,541,533,552,560,585,542,516,558,534,514,513,532
2-fev,,446,533,471,389,427,512,548,539,551,599,627,632,586,597,602,557,588,610,517,567,576,583,,548,545,564,555,611,565,597,528,562,467,515,594,542,535,553,561,588,544,516,559,536,516,518,532
3-fev,,447,535,474,389,437,513,548,540,551,602,625,632,588,596,605,557,587,612,520,564,580,587,,548,545,564,555,610,565,600,528,562,469,514,596,542,538,553,562,588,545,516,560,540,518,521,532
4-fev,,450,536,477,389,441,514,548,541,553,606,623,631,589,596,606,557,586,614,521,564,582,591,,,545,564,556,608,565,601,529,563,471,514,598,542,540,554,562,587,546,515,560,542,519,524,534
5-fev,,452,537,479,388,445,515,549,542,553,607,621,631,590,596,606,557,586,617,522,564,583,595,,,545,566,557,606,566,602,529,563,473,513,599,543,542,555,562,587,548,515,561,544,520,526,535
6-fev,,454,539,484,386,449,516,550,543,555,607,619,630,592,596,606,558,585,620,523,565,584,598,,,547,569,559,605,568,604,529,563,476,511,598,545,544,555,562,588,550,514,562,546,521,527,535
7-fev,,456,540,487,387,453,519,551,544,554,608,617,630,595,595,605,560,584,622,524,566,587,601,,549,547,571,559,610,568,607,530,564,481,510,598,547,546,556,562,588,551,513,562,549,522,530,536
8-fev,,458,541,487,391,456,520,552,546,554,608,616,629,598,594,605,563,583,624,525,569,591,604,,,547,573,559,613,568,608,532,565,485,509,598,553,549,556,561,589,552,513,563,552,522,533,536
9-fev,,460,542,487,395,459,521,553,546,555,609,616,628,599,594,605,564,584,626,526,573,589,606,,551,547,573,559,612,568,606,533,566,491,507,597,554,550,557,565,589,554,514,564,553,523,537,536
10-fev,,462,543,490,398,461,522,554,546,555,609,613,627,602,595,605,567,583,627,527,580,587,608,,537,548,573,559,613,568,610,534,567,496,505,596,555,551,557,567,590,556,515,565,555,525,539,536
11-fev,,464,545,492,399,464,523,555,546,555,612,610,629,604,594,605,569,583,628,530,588,585,606,,,548,573,559,612,568,611,539,567,500,506,595,555,552,558,567,590,558,517,567,558,528,542,537
12-fev,,466,547,493,404,467,523,556,547,556,618,608,628,606,594,604,572,583,629,529,594,583,605,,,548,573,559,610,568,613,539,568,505,507,595,556,554,559,566,591,560,519,568,560,529,545,538
13-fev,,469,550,494,402,472,524,557,547,556,625,606,628,607,595,604,575,581,629,529,600,581,605,,,548,573,560,612,568,615,539,568,508,509,595,557,556,559,564,592,561,520,569,560,529,546,539
14-fev,,471,551,495,401,473,526,558,549,557,631,605,629,608,596,604,577,580,630,530,602,580,604,,,548,574,560,613,570,618,540,569,512,507,594,559,558,559,562,593,562,521,569,562,530,548,540
15-fev,,474,552,496,399,475,527,559,550,559,637,604,633,609,596,603,578,580,629,530,603,581,604,,,548,574,560,610,570,622,541,569,516,505,593,560,559,559,562,594,563,522,569,563,532,550,541
16-fev,,476,552,497,398,477,527,561,550,561,642,602,632,609,597,603,581,579,628,529,603,581,603,,,548,574,560,608,570,624,542,570,520,504,595,561,560,559,563,596,564,532,569,563,534,551,541
17-fev,,479,553,499,398,482,529,562,550,561,644,601,631,608,596,603,583,578,630,529,602,580,602,,,550,573,560,607,571,625,543,570,523,502,594,562,562,560,564,598,565,533,569,564,535,552,543
18-fev,,481,553,501,398,486,530,563,550,562,645,600,628,608,595,605,585,578,627,530,601,578,602,,,550,573,560,609,571,627,543,571,525,501,593,563,564,560,564,600,563,533,570,564,535,554,544
19-fev,,484,554,503,400,490,530,563,551,563,644,599,626,608,595,605,587,578,624,530,600,583,601,,,551,573,560,611,571,627,544,571,527,502,593,564,565,561,564,602,567,533,570,565,536,556,547
20-fev,,487,555,504,401,496,530,563,551,563,643,598,623,608,595,606,588,582,622,531,600,586,601,,,551,575,560,613,571,626,546,571,529,501,593,564,566,561,564,602,568,534,572,566,536,558,545
21-fev,,490,555,507,401,502,530,564,552,565,639,597,621,608,595,606,589,582,620,532,599,585,601,,,551,577,561,615,571,625,547,573,531,501,592,565,566,562,564,603,569,534,572,567,538,559,547
22-fev,,492,555,509,403,506,530,564,553,567,635,596,619,608,595,607,590,581,617,533,598,584,602,,,554,577,563,617,572,623,550,573,533,501,593,565,567,562,564,604,570,535,572,568,540,561,548
23-fev,,495,555,511,413,514,531,565,554,567,630,595,616,608,594,607,591,580,615,535,597,584,604,,,554,576,563,619,572,621,551,573,534,503,592,565,568,563,564,605,571,536,572,569,540,565,553
24-fev,,498,555,512,414,517,531,565,554,566,632,594,614,608,594,607,591,579,612,536,595,583,607,,,554,575,563,620,572,619,553,573,535,504,591,565,569,563,564,606,571,537,571,569,540,565,554
25-fev,,501,555,513,417,520,532,566,558,565,623,594,612,612,593,609,591,579,611,537,593,583,608,,,555,574,563,621,572,617,554,575,536,506,589,566,569,564,564,607,572,539,571,570,540,567,554
26-fev,,506,554,515,420,521,532,566,560,564,619,593,611,615,593,610,591,579,611,539,591,582,609,,,556,574,563,622,572,614,554,575,537,507,588,567,571,564,564,607,574,540,571,572,540,568,554
27-fev,,509,555,517,424,524,533,566,560,564,617,592,610,615,592,611,591,579,611,540,590,582,610,,,556,573,563,622,572,614,554,574,538,508,588,567,572,565,563,608,576,541,571,574,542,568,558
28-fev,,512,554,519,429,526,533,567,559,564,615,594,609,617,591,612,590,579,611,541,588,587,610,,,556,573,564,622,572,613,554,574,539,509,589,567,573,566,563,608,578,542,576,575,542,569,558
29-fev,,513,,,,527,,,,563,,,,620,,,,579,,,,591,,,,556,,,,572,,,,541,,,,575,,,,579,543,,,544,,558
1-mar,,515,554,519,435,529,533,567,558,563,613,598,607,623,590,614,590,578,609,542,587,593,,,,558,573,565,621,572,612,556,573,543,509,592,568,576,566,563,609,580,544,576,575,544,571,559
2-mar,,518,553,520,440,530,534,568,558,563,612,598,607,625,590,613,590,578,611,544,586,596,,,,560,572,567,620,573,610,557,572,544,510,594,568,579,567,563,608,581,545,576,576,544,572,560
3-mar,,522,552,520,446,531,534,569,558,563,609,596,607,627,589,616,590,577,610,546,585,598,,,,560,574,566,620,574,609,557,572,546,511,596,569,582,567,564,609,582,545,575,576,545,573,562
4-mar,,525,551,520,451,533,534,571,558,564,608,595,607,629,589,619,589,577,609,548,583,599,,,592,560,576,566,619,575,607,558,572,548,511,598,569,585,567,564,610,583,546,575,577,545,573,563
5-mar,,529,550,521,455,534,535,572,558,565,607,593,607,630,589,623,590,577,608,550,583,599,,,,560,578,566,618,574,606,558,571,551,513,599,569,588,566,565,610,585,548,576,579,545,573,563
6-mar,,532,549,521,458,535,535,575,562,566,605,592,607,631,590,625,590,577,607,551,582,600,,,,560,577,566,617,574,605,559,570,553,518,599,569,590,566,565,609,587,549,576,580,545,574,564
7-mar,,536,548,522,460,537,537,575,562,569,604,591,607,632,589,625,589,577,607,552,583,600,,,,560,576,565,616,574,603,560,569,554,519,600,569,591,566,566,609,588,549,576,581,547,575,565
8-mar,,540,547,522,463,539,537,578,565,575,604,590,606,633,588,626,589,576,606,553,585,601,,,,562,576,564,615,575,603,561,570,555,522,600,570,591,565,566,607,590,549,576,581,547,575,566
9-mar,,544,547,523,468,539,538,579,563,580,602,589,606,633,588,629,591,576,606,555,585,601,,,,562,577,564,615,576,602,561,571,556,523,600,570,591,565,567,606,592,550,576,581,547,576,566
10-mar,,546,547,523,470,541,540,581,562,584,601,587,606,633,589,628,592,577,605,555,585,602,,,,562,578,564,615,576,603,561,570,558,523,600,570,591,565,567,605,594,551,576,581,547,576,567
11-mar,,550,546,524,473,542,541,581,562,587,599,586,606,633,590,628,592,578,605,556,584,602,,,,562,579,564,614,576,602,563,569,559,523,600,570,591,565,567,605,595,553,576,581,547,577,567
12-mar,,553,545,525,475,543,541,583,561,589,598,585,606,633,589,629,591,577,604,556,583,604,,,,563,580,564,613,577,602,565,568,560,525,600,573,591,564,567,604,596,556,576,581,547,577,568
13-mar,,556,544,526,476,546,541,584,560,590,597,585,606,631,588,628,590,578,604,557,583,604,,,,564,582,564,612,578,602,565,567,561,527,600,573,591,563,567,603,597,557,577,581,547,579,568
14-mar,,558,543,528,478,547,542,585,560,591,596,585,606,631,587,626,589,578,603,557,582,605,,,,564,582,564,611,578,602,565,567,563,527,600,574,591,563,567,603,598,557,578,581,547,579,568
15-mar,,561,542,529,479,547,542,585,560,592,595,587,605,629,587,625,589,578,602,557,582,607,,,,566,583,564,610,579,602,565,566,565,528,600,574,591,562,567,603,598,557,578,581,547,580,569
16-mar,,563,542,531,479,547,543,585,560,592,595,591,604,629,588,625,588,578,600,557,582,608,,,,567,584,564,609,579,601,565,567,565,529,599,575,591,561,567,602,598,557,578,582,547,581,569
17-mar,,565,542,532,479,547,543,586,561,592,595,598,604,630,589,625,586,577,604,557,582,608,,,,567,584,564,608,581,601,565,567,566,529,598,576,591,560,568,603,598,559,578,582,547,583,570
18-mar,,566,541,532,480,548,543,586,561,592,594,604,603,629,588,625,585,577,603,557,581,608,,,,567,585,565,606,582,600,565,567,568,529,598,577,592,559,569,604,597,560,578,582,547,583,570
19-mar,,567,541,533,481,548,543,586,562,592,596,609,603,627,593,626,588,577,601,557,581,608,,,,567,585,565,605,586,600,566,568,569,530,599,577,593,559,570,604,595,561,578,584,547,583,571
20-mar,,568,540,534,481,548,543,586,561,592,596,610,603,625,592,628,587,577,600,560,581,608,,,,567,586,566,604,589,599,567,570,571,530,599,577,593,558,572,604,593,561,577,585,547,583,572
21-mar,,569,540,535,481,548,543,586,561,592,593,612,602,624,592,629,586,577,600,561,581,611,,,,567,586,566,603,591,599,568,571,572,530,599,578,593,558,574,604,594,561,577,585,547,583,572
22-mar,,570,539,536,482,548,542,586,561,593,592,613,602,622,592,630,585,577,599,563,581,611,,,,568,586,566,602,593,599,570,572,577,531,598,581,593,557,575,604,593,561,577,585,547,582,574
23-mar,,571,538,537,484,547,544,585,560,593,591,612,601,620,591,632,584,577,599,563,582,611,,,,571,586,568,601,594,598,570,572,580,531,597,581,593,557,575,603,592,562,577,585,549,582,574
24-mar,,571,537,538,484,547,544,585,560,592,590,610,602,618,591,631,584,577,598,564,582,611,,,,572,587,570,600,596,600,572,572,585,532,596,581,593,556,575,603,591,563,577,586,549,582,574
25-mar,,572,536,539,486,546,544,584,559,593,589,608,603,616,590,630,584,578,598,564,583,611,,,,574,588,571,599,597,599,574,574,587,533,596,582,592,556,575,602,590,564,577,587,549,582,574
26-mar,,572,535,541,486,545,545,584,559,594,588,607,601,615,590,629,583,578,597,564,583,612,,,,574,588,570,599,599,598,576,573,589,533,596,583,592,555,576,601,590,565,578,587,549,581,577
27-mar,,573,535,542,487,543,544,583,560,593,587,606,600,613,590,636,583,579,596,565,585,612,,,,574,588,570,598,600,597,578,572,590,534,595,584,591,555,577,601,589,566,580,588,550,581,577
28-mar,,573,534,542,488,543,543,583,563,593,586,604,600,611,590,634,583,579,595,565,586,614,,,,574,588,570,597,601,599,579,572,591,535,595,585,590,555,579,600,589,566,580,589,550,581,577
29-mar,,573,534,543,488,541,542,583,563,593,586,604,599,610,590,631,583,580,594,565,587,615,,,,575,588,569,596,602,598,580,571,592,536,594,586,589,554,581,599,588,566,580,591,551,580,577
30-mar,,574,534,543,487,538,541,584,565,593,587,603,599,608,591,629,582,582,593,564,587,616,,,,575,588,569,595,603,597,581,571,593,537,593,588,588,553,582,598,590,566,579,593,552,580,576
31-mar,,574,534,543,487,536,540,584,564,593,589,603,599,606,592,627,582,582,593,564,588,616,,,,575,587,571,595,604,596,582,572,594,538,592,589,588,552,583,597,590,567,579,594,551,580,575
1-abr,,574,533,544,487,533,540,584,564,593,588,604,594,605,593,624,581,583,595,564,587,616,,,,575,587,571,596,605,595,582,572,595,539,591,591,587,552,584,597,591,567,580,596,550,581,575
2-abr,,574,532,544,487,531,539,585,564,592,587,601,594,604,594,623,581,584,594,564,588,616,,,,574,587,571,595,605,594,582,572,595,540,590,593,586,551,585,596,593,567,581,598,549,580,575
3-abr,,574,532,548,487,529,538,585,564,592,586,598,595,606,596,621,580,585,593,564,588,615,,,,574,587,571,595,605,594,583,573,596,541,589,594,585,550,586,594,594,567,579,603,549,580,575
4-abr,,574,531,549,487,530,537,586,564,592,585,597,596,605,597,619,579,585,592,564,588,614,,,592,574,585,571,594,605,593,583,573,597,542,588,596,584,554,587,593,595,568,580,604,548,581,577
5-abr,,573,531,549,487,529,536,588,564,592,585,596,596,605,598,617,579,585,591,564,587,613,,,,574,585,571,593,604,592,584,574,598,543,588,599,583,554,592,592,594,569,580,606,547,580,578
6-abr,,573,530,550,487,527,535,589,564,591,584,595,597,604,600,616,580,585,590,564,585,611,,,,574,584,572,593,603,591,584,576,599,545,587,600,582,553,597,591,594,569,580,609,547,580,578
7-abr,,572,530,549,487,526,534,590,564,591,584,595,597,603,600,615,580,585,590,564,584,609,,,,574,583,573,592,602,590,584,578,599,546,587,599,580,553,597,590,594,569,579,608,547,580,578
8-abr,,571,529,550,487,524,534,591,565,591,583,595,598,602,602,613,579,585,589,564,583,608,,,,575,582,573,591,601,589,584,579,600,547,586,597,580,553,598,589,594,569,579,607,547,580,578
9-abr,,571,528,549,487,523,533,592,567,591,582,594,597,601,603,611,579,585,591,565,581,610,,,,574,583,573,590,600,589,584,580,600,548,585,596,578,553,599,589,593,569,579,607,547,579,578
10-abr,,570,527,549,490,523,532,594,568,595,581,592,597,600,604,609,579,585,591,566,581,607,,,,573,583,573,589,601,589,583,581,600,549,584,595,577,552,601,588,593,569,580,607,547,579,
11-abr,,569,526,548,489,521,531,594,574,595,580,590,597,599,605,607,578,586,590,566,579,607,,,,573,582,573,588,600,590,582,582,599,549,583,595,576,552,601,587,593,569,579,607,547,579,
12-abr,,569,524,548,488,520,530,592,572,595,580,589,597,598,605,607,578,587,590,567,578,605,,,,573,581,573,588,598,589,582,583,598,549,583,595,575,552,601,586,593,569,577,607,547,579,
13-abr,,568,523,547,487,518,528,595,571,594,579,588,596,597,605,607,578,587,590,567,577,604,,,,573,580,575,587,597,589,582,583,599,550,582,594,573,552,601,585,592,568,577,607,549,582,
14-abr,,566,522,546,486,516,527,595,570,594,579,588,597,596,606,607,578,588,590,568,575,603,,,,573,580,575,586,596,588,581,583,599,551,582,594,572,553,601,583,592,570,576,607,551,582,
15-abr,,565,520,546,484,515,526,595,570,594,578,586,597,595,606,606,577,588,590,568,574,602,,,,572,579,575,585,595,587,581,584,598,551,582,595,571,553,602,582,592,570,575,607,552,582,
16-abr,,563,519,544,483,514,525,595,570,593,578,585,594,594,605,605,577,589,590,572,573,601,,,,572,578,575,585,595,590,581,584,597,551,581,596,569,552,603,581,591,570,575,606,552,581,
17-abr,,562,518,544,482,512,524,594,569,593,577,584,596,593,604,602,576,588,589,572,572,600,,,,571,577,574,585,595,589,582,585,596,552,581,598,567,553,604,579,591,571,575,606,552,579,
18-abr,,561,517,542,480,512,524,594,569,592,576,583,596,592,603,602,576,588,589,573,571,599,,,,571,576,574,586,594,587,584,585,595,552,581,600,565,554,604,578,591,571,574,605,550,579,
19-abr,,559,516,541,478,511,525,595,570,591,576,582,595,591,602,602,576,588,588,573,572,598,,,,570,575,574,585,593,586,584,585,594,552,582,602,565,554,604,577,590,571,574,605,549,580,
20-abr,,558,515,540,476,510,524,594,569,590,576,585,595,590,601,603,575,587,588,574,571,597,,,,570,574,574,586,591,585,584,584,593,551,583,604,564,555,604,575,590,572,574,606,549,580,
21-abr,,556,514,538,475,509,522,593,569,589,577,585,594,589,600,601,574,587,587,575,571,596,,,,571,573,575,587,590,586,584,584,592,551,583,605,563,555,604,573,590,572,573,606,549,580,
22-abr,,554,513,536,477,507,520,593,569,588,578,585,593,588,599,600,573,588,586,574,570,595,,,,571,573,575,586,589,586,584,584,591,551,584,603,563,555,604,572,590,573,573,606,549,580,
23-abr,,553,512,534,478,505,518,592,569,587,578,584,592,587,598,602,572,587,585,572,569,593,,,,570,573,576,585,587,585,584,584,591,552,584,607,563,555,604,571,590,573,572,605,549,581,
24-abr,,551,510,531,476,503,517,593,569,587,577,582,591,586,597,601,571,586,585,571,568,592,,,,570,572,576,585,586,585,583,584,590,552,584,607,563,555,604,570,590,573,572,605,548,581,
25-abr,,549,509,529,473,500,515,594,570,586,576,580,589,585,597,600,570,586,584,570,568,591,,,,569,572,575,585,586,585,583,583,589,552,583,607,562,555,604,,589,574,572,604,548,581,
26-abr,,548,507,526,471,497,514,593,570,585,575,579,589,584,596,599,575,585,583,570,569,590,,,,575,571,575,585,585,584,582,583,588,551,583,607,560,556,604,,589,574,571,603,547,581,
27-abr,,546,505,524,469,493,513,593,570,584,574,578,588,583,594,597,574,585,583,571,570,589,,,,573,570,575,585,584,583,582,583,587,551,582,606,559,556,603,,589,574,570,602,545,581,
28-abr,,543,506,521,467,490,511,592,570,584,574,577,587,582,594,595,573,584,583,570,571,589,,,,572,570,575,585,584,582,581,582,586,550,581,606,559,556,603,,588,574,570,601,544,581,
29-abr,,541,504,519,466,487,510,591,574,583,574,578,587,582,593,593,572,584,582,570,571,589,,,,571,569,575,585,583,581,580,581,586,549,581,605,558,555,602,,588,574,569,600,544,581,
30-abr,,540,502,517,464,483,509,590,574,582,572,580,586,581,592,591,571,586,582,569,572,588,,,,570,569,575,585,582,580,579,581,585,547,582,605,558,555,601,,589,574,569,600,544,581,
1-mai,,538,501,514,461,480,508,589,574,581,571,579,590,582,591,590,570,585,581,568,572,588,,,,570,569,575,584,581,579,578,579,584,546,581,604,559,554,601,559,589,574,569,600,543,581,
2-mai,,536,500,512,458,476,507,587,574,580,570,577,589,582,590,589,569,585,580,567,575,587,,,,570,569,575,584,580,579,577,579,582,545,580,604,559,553,599,557,589,574,569,599,543,580,
3-mai,,534,498,508,456,472,507,587,574,579,570,576,588,581,589,588,569,585,580,566,575,587,,,,570,568,575,584,579,578,575,578,580,543,579,602,558,552,598,555,589,574,569,598,543,579,
4-mai,,532,497,505,455,468,506,586,575,579,569,574,587,581,587,587,568,584,579,565,575,587,,,,571,568,575,584,578,577,574,576,578,541,577,601,557,550,597,553,589,575,569,596,542,579,
5-mai,,530,495,501,451,464,505,586,576,578,569,573,586,580,586,586,567,584,579,564,574,586,,,,571,568,575,585,577,577,573,575,576,540,575,601,556,549,596,551,589,575,568,592,541,579,
6-mai,,528,493,500,448,460,504,585,577,577,572,571,586,580,585,585,566,584,578,563,573,585,,,,571,567,574,588,576,576,573,573,575,538,574,600,556,548,595,549,589,575,567,591,539,579,
7-mai,,526,492,502,445,456,504,584,577,576,570,570,585,580,584,584,565,583,578,562,573,585,,,,571,567,573,588,575,576,572,572,574,536,574,599,558,547,594,547,589,575,566,591,538,579,
8-mai,,523,490,502,442,453,502,584,578,576,571,568,584,580,584,583,564,583,578,561,572,585,,,,571,566,574,588,574,575,571,572,572,535,573,599,559,546,593,545,589,575,565,591,537,578,
9-mai,,521,489,500,439,449,501,583,578,575,572,568,583,580,582,583,563,582,578,560,573,584,,,,571,566,573,588,573,575,571,571,570,533,572,597,558,545,593,543,589,574,564,590,536,578,
10-mai,,519,487,498,437,445,499,582,578,574,571,568,582,580,581,582,562,582,579,557,572,583,,,,571,565,572,587,573,575,570,569,568,531,571,597,557,543,592,541,589,573,563,589,535,577,
11-mai,,516,486,496,434,442,495,582,578,573,571,567,580,579,580,582,561,581,578,557,571,583,,,,571,565,572,587,573,575,569,567,566,529,569,596,556,542,591,539,589,572,562,588,534,577,
12-mai,,512,484,493,431,437,494,584,578,573,570,566,580,577,579,581,560,581,578,557,571,582,,,,571,564,571,586,572,575,568,566,564,527,568,595,555,540,590,538,589,571,561,587,533,576,
13-mai,,508,482,489,429,433,490,583,578,572,570,566,580,577,578,581,559,583,577,555,570,582,,,,571,563,571,585,571,575,567,565,563,525,566,594,554,539,588,537,588,571,560,586,532,576,
14-mai,,505,481,486,427,429,485,583,578,571,569,565,579,575,576,580,558,582,577,553,569,581,,,,574,563,570,585,570,581,566,563,561,522,565,593,552,537,587,535,587,571,559,584,531,575,
15-mai,,502,479,483,424,424,482,582,578,571,569,564,578,574,575,579,557,581,576,552,569,581,,,,574,563,569,584,569,579,565,561,559,518,564,593,550,535,587,533,587,569,558,581,531,574,
16-mai,,498,477,481,422,420,479,581,578,570,572,563,577,573,574,579,555,580,577,549,568,581,,,,573,563,568,583,568,579,565,559,557,514,562,592,549,532,585,532,587,568,556,578,530,573,
17-mai,,495,476,479,418,415,477,581,577,569,571,562,576,572,573,579,553,580,577,547,568,580,,,,573,562,567,582,567,579,564,557,555,510,560,591,548,529,584,530,588,567,555,576,528,572,
18-mai,,492,474,476,414,410,474,581,577,573,570,562,575,570,572,578,551,579,576,545,567,580,,,,573,561,566,581,566,578,563,555,553,504,558,590,547,527,583,528,586,566,554,574,526,571,
19-mai,,488,472,474,408,405,472,580,577,571,569,561,574,569,570,578,549,579,575,543,567,579,,,,572,560,565,580,565,577,563,553,551,498,556,590,545,524,582,526,586,565,552,572,524,570,
20-mai,,485,470,474,402,399,469,580,576,574,568,560,573,568,569,577,547,578,575,541,566,579,,,,572,559,564,579,564,576,562,551,549,491,554,588,544,520,580,524,585,564,550,569,520,569,
21-mai,,482,468,471,396,392,468,579,576,573,568,559,572,569,568,576,546,578,575,543,565,579,,,,572,558,563,578,563,575,561,550,547,484,553,587,542,516,579,521,583,563,549,567,517,567,
22-mai,,477,466,469,390,386,468,578,575,572,567,558,571,568,566,575,545,577,574,541,565,577,,,,571,557,561,579,562,575,560,549,543,478,556,586,540,512,578,521,581,562,547,565,513,566,
23-mai,,474,463,465,384,385,466,578,574,571,566,558,570,566,565,576,545,576,573,539,565,577,,,,571,556,560,579,561,576,559,546,536,474,555,585,540,508,577,524,580,561,545,563,512,564,
24-mai,,471,459,462,380,379,465,577,574,570,566,558,570,564,564,579,544,576,571,537,564,576,,,,570,554,558,579,559,575,558,544,531,473,554,585,540,505,576,524,578,560,544,561,510,562,
25-mai,,467,455,459,375,375,463,576,573,570,565,557,570,563,562,577,540,575,571,535,564,575,,,,570,553,557,579,557,574,556,542,525,470,552,583,538,503,574,523,576,558,542,559,513,561,
26-mai,,464,450,456,372,370,463,579,572,569,564,556,569,562,561,575,538,575,569,535,564,574,,,,570,552,556,579,555,573,555,540,519,466,549,581,537,499,573,521,576,557,540,557,513,559,
27-mai,,461,445,454,370,365,462,578,572,569,563,554,568,560,559,573,536,574,568,532,563,573,,,,569,550,555,579,554,572,554,537,513,464,547,579,535,495,572,520,575,557,538,553,512,557,
28-mai,,457,440,451,369,361,460,577,570,568,562,554,567,559,557,572,535,573,567,530,562,571,,,,568,548,554,579,553,570,552,535,507,463,545,577,533,492,571,518,574,555,536,551,511,555,
29-mai,,453,434,449,367,359,458,576,570,568,562,552,566,558,555,571,534,572,566,528,562,570,,,,568,547,555,579,552,569,550,533,501,461,543,576,531,486,569,516,573,553,534,548,510,552,
30-mai,,451,429,447,364,356,455,575,569,567,562,551,565,556,553,570,533,571,565,529,561,569,,,,568,545,554,579,550,568,549,530,496,462,543,575,529,482,567,514,572,552,529,545,509,549,
31-mai,,448,423,445,362,355,454,574,567,567,561,550,563,555,551,569,532,570,564,529,560,567,,,,567,543,552,579,548,566,548,527,489,462,542,574,527,478,565,512,571,551,525,541,509,546,
1-jun,,444,418,442,361,356,451,573,566,567,561,553,562,553,549,568,531,569,562,528,560,566,,,,567,541,551,579,546,565,545,523,485,463,540,573,524,474,564,510,569,549,522,537,508,544,
2-jun,,436,413,440,361,359,448,573,565,565,560,553,561,552,547,567,530,568,561,527,559,565,,,,567,539,550,580,545,564,543,519,479,464,538,571,522,471,561,515,568,547,519,533,508,542,
3-jun,,428,406,437,363,363,445,572,563,564,560,552,560,551,548,565,529,567,560,525,558,563,,,282,566,537,549,581,544,563,541,515,474,465,536,568,520,468,559,508,567,545,516,528,508,540,
4-jun,,421,399,433,365,364,441,573,561,563,559,552,559,549,546,564,528,566,559,523,557,561,,,,565,534,548,581,542,561,539,507,470,465,535,567,517,465,556,506,566,543,514,524,510,537,
5-jun,,419,392,429,367,364,438,572,560,562,559,552,558,548,545,563,527,565,557,521,555,560,,,,565,532,547,581,541,560,537,502,466,466,533,567,515,463,553,504,566,541,512,521,512,535,
6-jun,,412,385,426,368,360,435,570,557,565,558,551,557,547,545,562,527,564,555,519,557,559,,,,564,529,546,581,539,559,533,497,462,466,531,565,513,461,552,503,564,539,510,517,514,533,
7-jun,,407,379,420,367,354,432,570,556,564,558,550,556,546,544,560,526,564,554,517,556,557,,,,563,527,544,580,537,559,531,494,458,466,529,563,511,459,551,501,563,537,507,514,515,530,
8-jun,,402,374,416,366,348,427,568,555,562,558,550,554,544,542,559,525,563,553,513,554,555,,,,563,523,543,580,536,560,528,489,455,466,527,561,509,457,549,500,562,535,503,509,516,527,
9-jun,,397,369,412,362,342,424,567,553,561,557,550,552,543,540,557,524,562,551,511,552,554,,,,562,521,542,579,535,559,524,484,453,465,525,559,505,454,547,498,561,533,499,504,517,523,
10-jun,,394,363,407,355,337,417,566,550,560,556,550,552,542,539,555,524,561,548,507,549,552,,,,561,519,541,578,533,558,520,480,449,463,522,557,502,451,545,495,560,531,495,500,518,520,
11-jun,,386,359,402,349,333,411,564,546,559,555,549,551,541,538,554,523,559,547,503,546,551,,,,560,517,539,576,532,557,516,475,446,462,520,555,502,448,543,493,556,529,489,496,519,518,
12-jun,,380,356,397,344,330,404,562,543,559,554,549,550,540,536,553,522,558,546,500,544,549,,,,559,515,537,575,531,557,512,471,443,462,517,553,502,444,541,491,555,527,485,493,519,517,
13-jun,,378,352,392,340,326,399,560,540,558,553,548,549,538,534,551,522,557,544,496,542,549,,,,558,513,535,574,529,556,508,468,441,461,515,551,500,440,544,488,554,526,481,490,519,516,
14-jun,,374,349,386,337,323,392,558,538,557,552,548,548,537,532,550,521,555,542,493,542,548,,,,557,511,533,572,527,557,504,465,439,460,512,549,498,438,535,486,552,524,479,489,519,515,
15-jun,,371,346,381,335,320,386,556,534,556,552,548,547,536,530,549,520,554,540,489,540,547,,,,555,509,531,570,525,557,500,461,437,458,508,547,497,436,532,484,550,522,475,487,518,514,
16-jun,,368,343,376,334,317,380,554,531,555,550,548,546,534,528,548,520,552,537,485,537,545,,,,553,507,528,568,523,556,496,459,435,456,505,545,495,434,528,481,548,520,472,483,518,513,
17-jun,,367,339,371,333,317,375,553,527,554,549,548,545,533,527,547,519,550,534,482,535,543,,,,551,506,525,566,521,555,493,457,433,456,502,543,493,432,525,476,545,518,469,479,517,512,
18-jun,,365,339,367,329,320,371,550,523,553,548,547,543,531,525,545,519,548,532,479,532,541,,,,548,505,522,564,519,554,488,455,431,450,498,539,491,430,521,472,544,516,467,475,517,510,
19-jun,,361,335,363,327,320,367,547,519,551,547,547,540,530,524,544,519,546,529,475,530,539,,,,546,505,518,563,517,553,485,453,430,443,494,534,489,428,518,470,542,514,465,474,517,508,
20-jun,,358,333,359,324,317,363,544,514,550,546,547,539,528,524,542,518,544,526,471,528,537,,,,544,504,516,561,514,551,481,451,429,439,492,533,487,426,514,468,540,512,463,473,517,507,
21-jun,,354,331,355,323,314,361,541,510,550,544,546,537,526,524,541,517,542,521,467,525,534,,,,541,503,512,560,512,550,477,450,428,433,489,531,485,423,510,465,539,510,456,471,516,505,
22-jun,,353,329,353,320,311,360,539,505,548,545,546,535,523,524,539,516,539,519,463,523,531,,,,539,502,509,559,509,550,475,448,427,429,485,529,483,421,506,463,537,507,457,469,519,503,
23-jun,,351,328,350,318,309,358,534,501,546,544,546,533,520,524,537,515,537,515,458,520,529,,,,535,502,505,558,506,549,472,446,425,425,481,527,481,420,503,459,533,506,453,467,518,500,
24-jun,,349,327,349,314,307,357,532,497,544,543,545,531,518,522,535,514,534,511,454,516,527,,,,532,501,502,557,503,548,469,444,423,422,478,527,477,419,500,456,530,502,451,465,518,498,
25-jun,,346,325,346,312,305,356,527,493,540,542,544,529,515,521,532,513,531,507,450,515,524,,,,528,501,499,555,501,547,465,442,421,420,475,525,475,418,496,454,528,502,449,463,517,496,
26-jun,,344,324,344,310,303,355,523,489,538,541,542,527,512,520,529,512,529,503,445,512,521,,,,523,500,497,554,497,546,463,441,419,418,472,523,473,417,493,452,526,499,447,460,516,494,
27-jun,,342,322,342,307,301,355,520,485,535,540,541,525,509,520,527,511,525,499,441,510,519,,,,519,499,494,552,494,546,460,439,418,416,470,520,470,416,489,451,523,497,445,459,514,486,
28-jun,,340,321,340,305,301,356,515,479,532,539,540,522,506,518,523,509,522,495,437,508,516,,,,514,496,491,551,491,545,457,438,417,414,468,517,468,416,487,449,520,495,443,457,511,487,
29-jun,,339,321,337,303,300,356,510,474,529,538,539,520,503,514,520,508,518,491,433,505,513,,,,509,494,487,549,488,544,455,438,416,414,466,514,466,415,484,447,518,494,441,456,508,485,
30-jun,,337,320,335,300,299,356,505,469,525,537,536,518,500,512,517,506,515,487,430,502,511,,,,503,491,484,547,484,544,452,439,415,412,464,511,465,415,481,445,515,492,440,454,506,480,
1-jul,,335,317,335,298,299,353,500,464,521,536,535,516,498,510,513,505,512,484,427,500,507,,,,498,488,481,545,485,544,450,437,414,410,462,508,463,414,483,443,512,490,439,454,503,478,
2-jul,,333,316,332,296,299,351,495,459,517,534,532,512,495,508,510,503,508,483,424,498,505,,,,495,484,478,543,483,544,448,436,412,410,460,505,461,414,477,441,510,488,438,453,501,476,
3-jul,,331,314,331,295,299,348,489,456,512,533,530,509,491,505,506,501,504,481,421,496,501,,,,491,480,476,541,481,544,446,433,410,408,457,503,457,413,476,440,508,487,437,452,499,474,
4-jul,,329,312,330,295,299,345,485,454,507,531,526,506,489,502,502,500,500,479,419,494,498,,,,485,478,474,539,478,544,444,434,408,406,455,499,454,412,474,439,505,485,436,451,498,473,
5-jul,,328,310,329,297,296,343,480,452,501,529,521,502,487,498,498,499,497,476,417,493,495,,,,475,475,473,537,476,543,442,436,407,404,453,497,451,411,472,439,501,484,434,450,496,471,
6-jul,,326,309,327,299,294,341,476,449,495,527,517,499,484,494,494,497,494,475,415,490,493,,,,477,473,473,535,473,543,439,437,406,402,452,493,448,410,471,437,498,483,433,450,494,469,
7-jul,,324,308,326,297,294,339,472,446,489,525,512,497,483,490,491,495,488,474,413,487,489,,,,472,469,472,533,471,543,437,437,404,401,451,492,446,409,468,435,496,482,431,450,490,468,
8-jul,,322,307,325,296,293,337,468,441,483,524,508,495,481,487,488,492,484,472,411,484,487,,,,469,466,471,532,469,543,435,437,402,398,449,488,446,408,467,433,494,481,431,450,488,467,
9-jul,,320,305,322,295,293,335,464,439,475,521,502,490,479,483,484,489,481,470,408,481,484,,,,466,463,470,530,466,543,434,436,400,396,447,486,452,407,464,431,492,479,430,449,486,466,
10-jul,,319,304,321,294,291,334,460,435,470,519,497,487,478,479,481,484,476,468,406,478,482,,,,464,461,469,528,466,543,432,433,398,394,445,484,454,406,462,429,489,476,429,449,483,465,
11-jul,,317,302,320,293,291,331,456,432,464,516,490,484,477,475,478,480,471,466,404,476,479,,,,461,459,468,526,464,542,430,431,397,392,444,482,455,405,462,427,488,475,427,449,480,462,
12-jul,,316,301,319,293,291,329,452,429,459,514,485,482,476,472,475,475,466,464,401,474,476,,,,458,456,467,525,463,542,429,429,396,392,442,480,454,404,461,427,485,474,425,448,477,460,
13-jul,,314,300,316,293,291,327,449,427,456,511,479,479,475,468,473,470,462,462,400,472,473,,,,454,454,466,523,461,541,428,427,395,390,441,478,454,403,461,425,476,472,423,445,474,456,
14-jul,,312,299,315,293,292,324,444,425,453,507,475,479,475,464,470,465,459,460,398,469,471,,,,451,452,464,522,459,540,426,425,394,388,440,476,454,402,460,424,477,470,421,444,470,451,
15-jul,,310,298,313,293,293,322,441,423,448,504,469,478,473,461,467,460,455,457,396,466,468,,,,449,450,461,520,458,538,424,423,394,385,440,474,454,401,460,423,473,468,420,442,466,449,
16-jul,,309,297,312,293,296,319,439,419,445,499,465,477,471,458,465,455,452,454,395,461,465,,,,448,448,457,518,456,536,422,421,393,384,438,472,456,400,458,423,470,466,420,440,464,445,
17-jul,,307,296,309,290,297,317,433,417,443,495,460,475,470,456,462,450,450,452,394,456,463,,,,447,447,454,516,454,533,421,419,392,381,437,470,458,399,455,421,468,463,419,438,460,443,
18-jul,,305,296,308,286,299,314,431,414,440,491,457,473,468,452,459,445,448,449,392,452,461,,,,445,445,451,513,451,531,420,418,392,380,436,468,459,397,453,421,466,460,419,436,457,439,
19-jul,,304,295,306,282,301,312,429,412,437,485,453,471,466,450,456,447,446,447,391,448,458,,,,444,443,448,510,449,527,419,416,392,378,436,466,460,395,451,422,465,458,418,434,453,436,
20-jul,,303,295,305,279,301,310,425,409,433,479,449,469,463,448,453,450,443,446,389,444,456,,,,442,441,444,507,446,521,417,415,393,378,435,464,461,393,450,422,463,455,417,431,448,434,
21-jul,,301,294,303,277,299,310,421,407,430,473,445,467,461,447,451,457,439,444,387,441,454,,,,441,440,441,503,444,517,416,414,394,378,434,462,462,391,448,420,462,454,416,429,440,432,
22-jul,,300,293,302,275,298,307,418,403,428,467,442,465,458,446,449,458,436,443,386,439,452,,,,440,438,439,499,442,513,415,413,393,376,434,460,462,390,446,419,460,453,415,427,438,430,
23-jul,,298,292,300,272,296,307,414,398,425,462,439,463,456,445,448,457,434,440,385,436,450,,,,439,436,439,495,440,509,413,410,392,376,436,459,461,389,444,419,458,451,414,425,436,429,
24-jul,,296,290,299,271,296,305,409,393,422,457,436,462,454,443,447,455,433,439,384,433,448,,,,438,435,439,492,437,504,411,406,391,374,436,458,458,388,443,418,456,449,413,423,431,428,
25-jul,,295,288,296,269,295,304,407,391,420,452,434,462,451,438,445,453,432,437,382,431,447,,,,436,433,436,488,436,499,410,404,389,372,435,456,452,387,442,417,455,447,413,421,428,427,
26-jul,,293,286,294,268,292,304,408,389,417,448,432,462,448,436,444,448,431,435,381,428,444,,,,434,431,434,484,434,496,409,402,389,370,433,455,448,386,440,416,453,447,415,419,426,425,
27-jul,,291,284,292,267,288,303,406,386,414,444,430,461,446,434,443,444,429,433,376,425,443,,,,433,429,432,480,432,493,407,401,388,369,432,454,444,385,438,416,450,447,415,417,423,424,
28-jul,,290,283,290,256,285,301,404,384,410,440,428,460,443,432,441,442,428,431,376,422,441,,,,432,428,430,476,430,488,406,399,388,368,432,452,441,384,437,416,447,447,413,415,421,423,
29-jul,,290,283,288,255,282,299,401,381,408,437,427,458,441,430,440,441,427,428,377,420,438,,,,431,427,429,473,429,484,405,398,388,368,431,450,439,383,437,416,445,445,413,414,419,422,
30-jul,,288,279,287,255,280,298,399,379,404,433,426,456,439,428,439,440,426,425,377,418,436,,,,429,426,429,470,427,480,403,397,387,367,432,448,437,382,435,416,443,443,412,412,417,421,
31-jul,,287,278,286,254,278,297,396,378,402,430,425,455,437,427,437,440,423,423,376,416,434,,,,427,424,429,466,425,476,401,395,387,366,433,446,434,381,434,415,,441,411,410,415,421,
1-ago,,285,279,284,252,275,296,394,376,398,427,425,454,434,425,435,440,422,422,372,415,433,,,,,423,429,463,423,472,399,394,388,366,434,444,432,381,433,415,436,440,410,408,413,420,
2-ago,,284,276,282,252,273,294,392,374,395,425,424,453,432,423,434,439,420,421,375,413,431,,,,,422,429,461,421,470,397,393,388,365,435,442,430,381,432,415,435,438,409,406,410,418,
3-ago,,282,274,281,251,271,293,390,372,393,421,424,452,430,421,432,438,419,420,377,411,430,,,,,421,429,458,419,468,395,391,388,365,436,440,428,381,430,414,434,436,407,405,408,416,
4-ago,,282,273,279,250,271,292,389,370,390,419,424,451,429,419,430,437,418,419,377,408,428,,,,,420,429,456,417,465,393,389,388,364,436,438,428,379,429,413,434,434,406,404,405,414,
5-ago,,280,272,277,249,269,291,386,368,388,417,423,450,428,418,427,435,416,418,375,405,427,,,,,419,428,454,416,463,395,387,387,363,435,437,427,378,428,412,434,433,405,402,401,413,
6-ago,,280,271,276,248,267,289,384,366,384,414,422,449,426,417,424,432,414,417,371,407,426,,,,,417,427,452,414,463,398,385,385,362,435,436,425,376,427,410,434,431,404,401,393,412,
7-ago,,279,271,274,247,266,288,382,364,383,412,421,447,422,416,422,430,413,415,369,405,425,,,,,415,426,450,413,463,398,383,383,361,435,437,425,376,425,408,433,429,403,400,392,410,
8-ago,,278,270,273,246,266,287,380,361,381,410,419,445,419,415,420,428,412,413,368,404,424,,,,,413,425,448,412,462,398,381,381,360,435,436,424,375,421,405,431,426,403,399,390,409,
9-ago,,278,269,271,245,265,286,378,360,380,407,416,443,418,413,422,424,410,411,368,404,422,,,,,412,423,444,411,458,397,379,379,359,435,435,422,374,417,404,429,424,402,398,390,407,
10-ago,,278,268,270,244,265,285,376,358,378,404,413,441,416,412,422,420,408,410,368,402,421,,,,,410,419,442,409,456,399,377,377,358,434,434,420,373,414,403,428,422,402,396,388,405,
11-ago,,277,268,268,243,264,286,374,355,375,402,410,438,414,411,421,418,407,406,368,400,419,,,,,409,416,440,407,454,398,376,375,356,433,433,419,372,412,401,426,421,400,394,385,403,
12-ago,,276,267,266,242,263,284,372,354,374,400,408,436,412,410,419,416,406,406,371,398,417,,,,,408,413,438,405,452,398,375,373,354,433,432,416,371,410,399,426,419,398,394,383,401,
13-ago,,276,267,265,241,267,283,369,352,372,398,404,432,411,409,417,412,404,405,374,397,415,,,,,407,411,436,404,450,397,374,373,351,432,431,413,370,408,397,425,417,397,394,381,401,
14-ago,,275,267,264,240,267,283,368,354,369,395,400,428,410,408,417,412,402,404,375,396,413,,,,,407,409,434,402,448,397,373,371,349,431,429,408,369,406,394,424,415,396,394,378,,
15-ago,,274,267,263,240,268,281,366,353,366,392,396,425,408,407,416,410,400,403,375,395,412,,,,,405,407,434,401,446,399,372,369,347,430,428,404,368,404,393,422,412,395,394,374,,
16-ago,,274,266,262,240,267,279,366,352,365,390,394,420,407,405,415,408,398,402,371,393,410,,,,,405,405,433,399,445,400,371,367,345,430,427,401,367,402,392,420,410,394,393,372,,
17-ago,,274,266,261,240,265,278,364,348,364,387,393,417,405,403,416,406,397,402,369,392,408,,,,,404,404,431,397,443,400,369,366,343,429,426,398,365,400,390,418,408,393,390,371,,
18-ago,,274,264,260,240,263,277,364,347,365,384,391,414,404,402,416,404,396,400,368,391,407,,,,,402,402,430,395,442,400,367,365,342,426,424,396,363,398,388,416,406,392,388,370,,
19-ago,,274,264,260,240,263,276,363,345,365,382,390,411,402,401,416,403,395,399,367,390,405,,,,,400,400,429,393,440,399,366,364,342,423,423,394,361,396,387,414,404,391,386,368,,
20-ago,,276,263,258,240,264,275,361,344,365,380,388,409,401,399,415,402,395,398,367,389,403,,,,,399,398,428,393,438,398,365,363,341,419,421,393,359,394,386,412,402,388,384,367,,
21-ago,,275,262,256,239,268,273,360,343,363,378,386,407,399,398,415,400,396,397,367,389,402,,,,,399,396,426,392,436,397,364,362,339,417,420,392,358,392,385,410,399,384,382,366,,
22-ago,,273,262,255,237,271,273,358,341,362,377,384,405,398,397,414,394,397,397,367,388,400,,,,,398,395,424,390,434,398,363,362,338,415,419,391,357,390,384,408,397,382,380,364,,
23-ago,,271,261,254,236,274,272,358,339,360,375,384,403,396,395,416,393,398,397,367,388,399,,,,,397,393,422,388,432,398,362,362,337,412,417,390,356,388,383,406,397,377,379,364,,
24-ago,,271,260,254,235,275,271,357,338,360,376,382,401,395,394,416,391,399,396,369,387,396,,,,,396,391,420,387,430,397,361,362,336,409,415,389,356,392,382,403,396,374,377,363,,
25-ago,,269,260,253,234,272,270,357,336,359,376,381,399,394,394,414,390,400,395,371,386,394,,,,,397,389,418,387,429,396,360,361,335,407,415,388,357,392,381,401,394,371,375,361,,
26-ago,,272,259,252,235,268,270,357,335,358,377,380,397,393,392,411,388,404,394,375,388,392,,,,,397,385,416,387,427,394,359,361,334,405,414,387,357,391,380,399,392,369,374,360,,
27-ago,,280,258,252,239,263,269,356,333,357,376,380,395,391,392,408,387,405,393,376,388,391,,,,,397,384,414,387,425,392,358,360,334,403,413,388,357,390,379,398,390,367,374,359,,
28-ago,,288,258,251,238,259,266,354,332,356,375,379,393,390,391,404,387,406,392,376,386,389,,,,,397,382,412,388,423,389,357,358,333,401,411,389,357,390,379,397,388,366,373,358,,
29-ago,,290,257,250,237,254,265,352,330,354,374,378,391,390,390,401,385,406,391,377,386,387,,,,,396,380,410,389,421,386,356,356,333,399,410,389,356,389,379,396,389,365,372,356,,
30-ago,,285,256,249,236,253,264,350,330,354,374,378,389,390,390,400,385,407,389,377,385,386,,,,,395,378,409,389,418,383,355,354,333,397,409,388,355,388,383,395,389,364,371,354,,
31-ago,,279,256,248,237,252,263,348,329,353,374,376,387,390,388,400,384,408,386,376,384,385,,,,,395,376,408,390,416,380,354,351,333,398,408,388,353,387,376,394,394,362,370,352,,
1-set,,275,255,248,235,252,262,347,328,353,375,375,386,390,387,401,383,411,385,376,382,383,,,,,394,374,406,388,414,378,353,349,332,397,407,386,351,386,376,393,394,362,369,351,,
2-set,,273,256,247,235,252,261,344,326,351,379,374,385,391,386,401,381,413,385,379,381,382,,,,,394,374,404,386,411,376,352,350,333,397,405,385,354,386,374,392,395,362,365,351,,
3-set,,270,255,246,234,251,261,342,325,350,384,375,382,392,384,402,379,416,384,381,380,381,,,,,394,373,402,384,410,374,351,350,335,397,404,384,349,387,372,394,397,361,363,351,,
4-set,,269,253,246,233,250,261,341,324,348,387,373,383,393,383,402,378,421,383,387,379,379,,,,,394,371,400,383,409,372,350,352,338,396,403,383,349,387,370,388,399,360,361,351,,
5-set,,268,252,245,233,250,260,339,323,347,387,371,384,393,382,402,377,425,383,395,378,378,,,,,393,369,398,385,407,372,349,354,341,397,402,381,348,388,369,387,400,360,359,350,,
6-set,,268,252,244,233,250,260,338,322,346,388,370,385,391,381,402,376,427,380,405,377,377,,,,,393,367,396,386,406,371,348,357,341,399,401,379,347,390,368,385,398,361,357,349,,
7-set,,268,251,244,233,248,259,336,321,344,386,369,386,390,380,401,374,432,377,410,376,376,,,,,392,366,394,387,404,371,347,361,339,402,399,377,348,391,367,385,396,364,355,348,,
8-set,,275,250,244,233,247,258,335,319,343,384,368,387,389,379,399,372,433,377,412,374,375,,,,,391,365,392,387,403,372,346,364,337,402,398,376,349,391,365,385,394,364,353,346,,
9-set,,277,250,243,233,246,257,333,318,342,384,367,388,388,378,398,371,437,377,413,373,373,,,,,390,364,391,388,401,373,345,365,335,403,399,375,350,390,364,382,392,364,352,344,,
10-set,,281,249,243,233,245,257,332,318,341,383,366,392,386,377,395,370,437,377,414,372,372,,,,,391,364,390,391,398,372,344,365,333,404,399,372,351,391,363,381,390,362,351,343,369,
11-set,,286,248,242,232,244,256,332,318,340,383,366,406,386,376,393,370,437,377,415,371,371,,,,,389,364,389,392,396,372,343,364,331,405,397,368,353,391,361,380,388,359,350,342,369,
12-set,,288,248,242,231,244,256,332,316,339,384,365,413,386,375,392,370,435,377,415,370,369,,,,,388,363,387,394,394,370,344,363,329,406,396,365,354,391,359,379,387,357,350,340,368,
13-set,,287,247,242,230,244,255,332,314,338,384,364,417,387,375,392,370,432,377,415,369,369,,,,,387,363,385,398,393,369,345,361,328,408,395,362,355,390,357,377,386,357,350,338,370,
14-set,,285,246,244,229,244,255,331,314,337,383,365,419,389,374,391,373,427,376,413,368,368,,,,,387,362,384,399,391,368,346,359,329,412,394,360,356,390,356,376,385,355,349,338,373,
15-set,,284,245,244,229,245,255,330,313,336,382,366,421,394,372,394,374,423,375,409,368,368,,,,,386,361,382,400,390,369,348,361,332,415,393,358,356,390,355,376,386,353,347,337,374,
16-set,,283,244,244,229,245,256,328,311,336,381,370,423,395,371,398,378,419,374,406,367,368,,,,,386,360,380,401,389,372,350,367,330,416,393,357,356,392,354,376,386,352,345,336,372,
17-set,,282,244,245,229,246,258,326,310,336,381,375,427,398,370,400,379,418,373,400,366,369,,,,,385,363,379,402,388,375,352,371,328,417,392,355,355,394,353,375,387,352,343,334,370,
18-set,,285,243,246,230,247,257,326,310,336,382,379,429,402,370,404,378,416,372,396,365,367,,,,,385,366,378,402,387,380,354,375,328,417,393,353,356,394,352,373,387,352,344,333,368,
19-set,,292,243,248,231,247,259,325,309,337,384,380,433,405,370,404,380,413,370,389,364,365,,,383,,385,365,377,402,387,386,355,375,330,416,394,352,358,393,351,372,387,350,344,333,366,
20-set,,302,244,252,233,247,260,324,308,338,384,381,439,409,370,408,381,411,369,382,363,364,,,381,,384,364,376,402,388,386,355,375,331,416,393,352,359,391,349,371,388,348,345,332,364,
21-set,,302,245,256,235,248,260,322,307,339,383,382,443,416,370,412,382,407,369,376,362,362,,,381,,386,363,375,402,389,383,356,376,332,415,392,352,359,389,348,370,386,346,345,334,361,
22-set,,301,246,259,238,253,258,321,306,341,382,382,446,414,370,415,381,403,370,371,361,361,,,381,,388,362,374,401,391,380,357,377,334,415,391,353,357,389,347,369,385,344,346,336,359,
23-set,,292,247,261,237,255,257,319,306,345,385,383,449,412,370,417,380,399,378,367,360,360,,,382,,389,362,374,399,393,378,358,377,335,416,390,353,355,387,346,369,384,342,349,338,357,
24-set,,288,249,263,235,257,255,319,304,348,386,385,452,411,370,420,379,397,384,366,359,359,,,383,,390,361,375,396,394,376,359,377,337,416,389,353,353,385,346,370,384,341,350,339,355,
25-set,,282,251,263,233,258,253,319,302,352,386,388,455,411,370,423,379,394,388,367,358,358,,,385,,389,363,375,395,394,375,359,377,339,416,389,352,361,381,346,371,385,340,346,341,353,
26-set,,280,254,264,230,260,252,320,302,357,386,392,458,411,367,427,379,390,390,370,357,359,,,387,,388,366,376,393,399,373,359,375,341,416,387,351,363,379,348,372,386,339,344,345,350,
27-set,,277,255,264,234,262,247,320,301,365,385,397,460,411,365,433,384,388,392,371,356,360,,,392,,388,367,378,390,398,372,360,375,344,416,387,351,365,379,348,373,389,337,344,349,348,
28-set,,279,256,266,236,264,246,321,301,371,384,401,462,414,364,439,386,387,393,371,355,363,,,394,,388,365,381,385,398,376,362,374,346,416,388,350,364,378,348,376,392,336,344,350,346,
29-set,,280,255,266,237,261,245,323,301,374,383,405,465,416,364,442,388,389,394,368,354,364,,,395,,386,363,386,384,398,378,363,374,347,416,388,352,363,379,348,377,394,335,343,352,344,
30-set,,282,255,265,238,260,246,325,301,377,384,409,466,419,365,446,389,390,395,367,353,365,,,398,,383,361,388,382,398,379,364,374,346,416,388,352,363,379,348,378,396,335,341,354,343,
1-out,,280,254,265,242,260,247,325,302,379,386,412,468,423,370,450,388,391,396,365,352,363,,,401,,380,359,391,382,399,380,365,371,347,415,388,353,365,381,347,377,397,335,341,354,343,
2-out,,278,251,266,245,260,247,325,303,380,390,414,468,427,378,452,386,392,395,362,351,361,,,406,,381,358,396,383,401,381,364,368,349,415,387,353,367,382,347,375,397,339,343,355,343,
3-out,,276,251,269,252,261,250,326,304,380,393,414,469,429,383,455,383,397,394,362,351,359,,,407,,383,358,398,383,403,381,363,362,351,414,388,354,370,381,345,374,396,344,345,359,343,
4-out,,277,251,271,262,262,250,327,306,380,397,412,469,430,385,456,379,399,394,364,350,355,,,405,,385,357,399,383,406,381,361,359,354,413,391,354,374,382,345,374,396,346,342,365,343,
5-out,,276,251,273,268,262,252,332,309,381,397,409,468,429,385,458,376,403,395,366,349,355,,,405,,387,359,399,381,409,381,358,359,358,413,395,353,379,386,346,373,393,349,342,366,343,
6-out,,276,254,272,271,262,252,334,310,383,397,407,467,429,385,459,374,404,396,367,352,353,,,404,,390,363,398,380,410,384,356,359,359,411,399,352,381,394,346,372,391,351,343,364,348,
7-out,,275,256,268,278,263,255,334,310,386,396,404,465,428,386,461,375,402,398,367,350,351,,,404,,393,369,397,378,412,387,354,359,360,409,401,352,384,398,346,372,389,353,344,362,351,
8-out,,273,255,267,288,264,259,333,309,388,396,402,460,429,388,464,378,399,400,366,348,350,,,404,,394,377,396,378,413,389,352,359,359,408,402,352,386,403,346,373,387,354,346,359,353,
9-out,,271,259,269,294,265,266,330,308,389,397,400,457,430,391,467,377,396,398,368,348,350,,,406,,394,381,396,379,413,390,349,360,357,407,402,351,386,407,345,376,386,355,349,358,354,
10-out,,270,266,277,298,265,268,327,308,391,398,400,454,431,393,466,375,390,397,371,347,353,,,410,,394,385,396,381,412,392,347,362,356,408,404,356,382,408,342,380,385,359,348,358,359,
11-out,,270,276,286,303,264,269,325,310,391,400,395,452,432,395,466,374,384,395,375,347,356,,,417,,393,387,396,383,411,393,345,363,354,409,407,364,380,409,341,384,383,362,347,359,364,
12-out,,270,284,290,305,265,270,323,309,392,401,391,449,434,399,466,373,381,393,376,348,361,,,421,,393,387,394,385,409,395,345,363,354,410,409,370,380,413,342,386,382,364,350,359,365,
13-out,,271,288,293,303,265,272,320,309,393,404,390,448,438,403,466,376,378,390,379,350,365,,,425,,392,387,394,386,407,397,346,363,353,410,410,373,380,416,345,387,382,365,357,360,367,
14-out,,273,291,300,301,266,272,318,311,394,407,388,450,440,405,465,379,377,386,382,352,365,,,427,,393,388,394,386,403,397,348,362,353,410,409,373,380,420,347,386,381,365,361,359,368,
15-out,,274,289,306,301,268,273,318,311,393,410,387,450,439,409,465,382,379,385,384,353,366,,,428,,392,386,396,387,400,395,350,360,354,411,410,373,379,422,349,383,380,364,365,358,368,
16-out,,274,285,308,303,269,276,320,310,391,411,388,449,435,412,465,385,377,385,386,353,366,,,429,,391,382,399,388,400,394,352,360,357,412,411,374,379,425,350,382,378,362,369,359,368,
17-out,,272,288,305,304,270,279,321,311,389,412,390,447,431,417,465,387,376,384,388,353,367,,,430,,390,377,402,389,398,394,354,359,363,413,411,375,377,425,348,381,376,361,373,365,367,
18-out,,275,285,302,303,277,285,319,315,387,412,392,445,426,421,464,393,374,386,390,353,371,,,429,,386,373,405,390,399,394,358,357,366,415,411,381,378,426,348,381,375,360,377,372,367,
19-out,,287,284,302,301,285,289,317,319,384,410,396,443,422,423,464,397,377,388,391,354,375,,,429,,382,368,408,390,399,396,361,355,367,416,409,394,379,426,350,382,375,359,381,375,367,
20-out,,297,282,302,298,296,292,317,324,380,406,410,439,419,427,466,405,386,396,388,355,379,,,429,,381,365,410,389,397,398,359,353,370,417,407,398,377,428,352,380,377,358,382,375,369,
21-out,,307,280,304,297,305,293,317,328,376,401,412,437,416,431,467,411,388,404,386,353,381,,,428,,381,364,414,389,394,400,358,351,379,417,405,400,376,431,355,379,379,357,385,374,371,
22-out,,313,282,306,295,311,293,319,331,369,396,414,436,415,435,468,416,392,406,383,353,384,,,426,,387,365,415,390,392,400,357,349,384,419,403,401,377,432,357,380,380,357,389,372,373,
23-out,,315,291,306,293,316,294,322,333,361,389,417,437,414,438,468,424,398,408,379,353,387,,,424,,395,367,418,390,391,401,356,347,388,419,403,402,382,433,362,381,381,360,390,373,376,
24-out,,319,299,307,289,319,294,324,337,355,388,419,438,414,440,469,426,406,410,376,355,387,,,427,,401,375,422,390,392,403,355,349,393,420,402,403,386,435,370,383,384,363,393,376,379,
25-out,,324,304,308,283,321,299,329,341,352,386,422,438,411,441,470,428,409,412,373,359,384,,,425,,405,376,426,389,398,405,353,352,399,420,399,403,387,436,374,386,386,367,397,377,383,
26-out,,332,307,305,279,320,305,341,344,357,385,423,439,405,442,471,432,413,414,371,362,381,,,424,,409,376,429,388,403,407,351,352,402,421,397,404,389,437,377,391,388,371,399,377,385,
27-out,,336,309,297,274,316,314,350,344,363,386,425,440,398,442,472,433,418,415,372,368,375,,,423,,410,380,430,386,405,407,350,352,402,423,396,406,390,437,378,394,391,375,401,378,386,
28-out,,341,311,290,271,311,319,356,342,370,389,426,440,393,442,473,435,422,416,376,367,370,,,422,,409,382,430,384,409,408,352,354,401,424,399,407,391,437,379,396,401,376,401,379,387,
29-out,,345,314,287,273,306,323,360,342,377,390,428,438,389,442,473,437,428,417,378,366,366,,,420,,406,392,430,385,412,409,357,356,400,425,403,408,392,436,379,398,403,377,401,378,386,
30-out,,344,317,288,281,303,324,359,343,382,392,430,433,386,443,473,442,430,418,377,365,361,,,422,,407,398,434,387,414,407,362,359,399,431,406,409,391,435,379,400,406,379,402,377,382,
31-out,,339,317,293,289,296,320,356,344,385,393,432,428,385,445,474,443,436,421,374,364,359,,,425,,410,402,436,389,414,405,364,365,396,433,410,411,392,436,381,401,410,380,403,373,379,
1-nov,,333,317,299,299,288,321,354,344,390,395,435,419,383,446,474,443,440,424,371,376,364,,,427,,414,408,436,391,415,403,366,371,397,434,414,412,393,438,385,401,414,383,403,371,378,
2-nov,,327,311,301,306,283,320,354,341,393,398,437,413,382,447,474,445,444,427,369,383,363,,,430,,418,412,435,402,420,401,369,373,391,434,416,414,394,438,388,400,415,385,403,366,379,
3-nov,,323,309,302,309,289,320,357,339,395,399,441,409,382,448,473,450,447,431,365,390,362,,,435,,420,417,433,405,422,400,377,388,384,434,417,416,393,440,391,398,415,381,403,364,380,
4-nov,,320,301,304,310,295,324,361,338,398,403,445,402,385,449,473,451,453,433,362,394,365,,,436,,422,423,429,409,424,402,385,397,383,435,422,417,394,441,396,398,416,379,403,363,380,
5-nov,,319,294,304,313,296,329,367,338,402,405,447,396,390,452,474,452,455,435,358,397,368,,,437,,423,428,425,413,425,404,392,402,382,435,426,419,395,442,401,398,417,379,403,362,382,
6-nov,,323,290,301,320,295,334,374,340,407,408,446,389,395,453,479,453,457,438,354,399,371,,,435,,423,433,421,416,426,406,395,403,383,436,430,422,398,445,402,399,419,381,404,367,384,
7-nov,,326,292,296,327,296,336,377,344,412,410,446,385,407,452,480,453,458,440,353,403,373,,,435,,423,437,418,419,427,408,396,407,385,437,432,423,402,448,401,400,420,386,404,370,386,
8-nov,,328,300,295,332,303,338,380,349,418,412,445,385,415,451,480,452,460,442,351,406,375,,,435,,424,439,415,422,429,410,399,409,388,437,433,423,409,450,398,400,422,390,406,374,388,
9-nov,,324,309,291,337,305,341,382,357,423,416,446,390,426,451,480,450,464,443,350,410,379,,,435,,425,440,413,426,429,411,407,411,388,438,434,421,414,451,397,398,424,396,407,375,391,
10-nov,,316,316,290,341,310,351,383,362,427,420,442,396,435,451,478,450,466,445,351,412,383,,,435,,428,442,411,430,429,412,414,412,396,438,435,419,417,452,397,398,425,402,404,376,392,
11-nov,,303,323,290,344,313,356,384,368,430,423,442,402,441,452,476,453,468,447,351,416,386,,,444,,431,444,409,436,428,413,418,413,405,439,435,420,419,452,398,401,425,407,399,378,393,
12-nov,,291,330,292,347,319,364,390,375,434,426,442,409,445,453,475,456,470,449,352,419,389,,,450,,434,446,407,439,427,415,420,414,407,440,435,420,420,454,400,404,426,410,397,383,395,
13-nov,,281,333,294,349,325,375,392,377,439,431,443,415,450,455,472,464,471,450,354,419,391,,,455,,439,448,405,442,426,418,422,416,406,441,437,419,420,457,404,403,427,415,395,387,397,
14-nov,,275,333,297,349,329,381,395,380,443,436,446,420,454,460,469,466,472,451,356,420,392,,,457,,443,449,405,445,424,419,425,422,405,442,437,419,420,459,408,405,428,419,395,394,401,
15-nov,,276,333,298,347,331,386,396,383,447,439,449,425,458,461,467,467,472,453,356,420,394,,,459,,444,451,406,451,422,418,428,427,405,443,436,419,420,460,414,410,430,417,396,398,404,
16-nov,,281,334,299,345,335,391,394,386,450,444,451,429,460,462,471,472,473,453,356,421,395,,,461,,445,454,409,456,419,415,430,429,407,444,432,421,420,462,417,413,433,419,395,398,405,
17-nov,,285,339,303,343,338,394,392,392,453,449,455,434,463,463,472,474,472,453,359,423,395,,,463,,446,452,412,457,418,413,432,429,408,444,428,430,421,463,422,418,436,420,391,403,407,
18-nov,,290,336,311,342,341,398,387,398,458,452,459,437,465,464,471,476,470,455,367,423,396,,,463,,446,455,419,458,419,413,433,426,409,444,425,438,425,464,424,421,438,420,388,408,409,
19-nov,,297,336,310,343,343,404,381,401,460,455,462,441,468,466,471,477,470,455,378,423,394,,,465,,446,455,423,462,422,413,433,422,409,443,425,440,427,,426,424,440,419,387,411,411,
20-nov,311,304,336,306,345,345,410,375,407,463,458,468,442,470,467,471,481,469,454,388,424,391,,,466,,447,452,425,468,425,414,434,419,409,443,424,441,428,,429,425,442,418,384,416,413,
21-nov,318,309,339,297,345,351,413,370,412,466,461,470,443,472,468,471,482,468,452,392,426,389,,,467,,447,452,428,474,426,416,435,419,408,442,422,441,427,,432,427,444,417,385,420,416,
22-nov,328,315,348,290,345,354,416,369,417,468,464,474,443,476,470,473,486,472,448,398,426,391,,,469,,447,450,431,480,428,421,437,419,409,442,420,442,425,,434,430,446,418,395,425,418,
23-nov,336,319,356,283,345,357,418,367,421,469,466,477,443,481,471,475,487,474,445,402,427,391,,,469,,447,447,443,483,432,426,440,419,412,442,420,444,423,,436,432,448,418,399,429,419,
24-nov,343,321,362,282,343,368,422,366,426,469,470,480,442,483,473,478,489,474,442,407,430,392,,,470,,446,445,453,487,436,429,441,422,416,443,421,446,422,,438,432,449,423,403,437,420,
25-nov,348,322,366,286,343,373,429,365,431,471,472,482,444,485,476,479,491,475,439,410,434,393,,,472,,445,443,460,494,441,430,443,431,420,443,422,450,425,,440,434,451,425,410,441,421,
26-nov,350,324,368,290,343,378,431,361,438,472,475,485,446,487,478,480,494,478,438,410,437,395,,,475,,445,441,462,494,445,430,445,436,424,442,424,452,426,,441,434,452,426,411,443,419,
27-nov,350,326,371,295,344,385,434,356,443,476,477,487,446,487,479,482,496,484,436,410,439,399,,,478,,444,442,464,496,450,428,446,438,429,440,426,457,428,,443,436,453,425,410,445,418,
28-nov,349,326,374,303,347,389,438,360,447,475,480,490,445,487,481,483,499,486,436,408,442,405,,,479,,445,445,469,498,454,426,444,438,435,440,428,461,430,,447,436,454,424,409,447,417,
29-nov,347,328,375,306,351,394,441,362,451,478,481,491,445,487,483,484,502,486,433,406,444,411,,,480,,447,454,471,500,458,428,441,437,441,440,432,464,435,,453,438,454,424,408,451,418,
30-nov,344,328,377,310,354,399,446,367,457,482,483,493,444,487,485,485,505,487,430,402,446,418,,,482,,448,463,474,502,461,431,438,434,448,438,435,465,438,,453,440,455,426,408,454,419,
1-dez,342,326,380,314,357,404,449,373,461,488,486,494,443,485,486,486,508,489,429,400,448,424,,503,484,,448,466,475,504,465,434,434,430,452,436,436,465,442,484,453,441,454,428,408,456,421,
2-dez,344,323,383,318,359,409,452,379,465,490,488,496,442,483,488,489,512,491,428,397,448,431,,,483,,449,469,477,507,468,437,432,429,454,434,437,466,451,485,453,441,453,429,409,458,422,
3-dez,347,324,385,324,358,412,455,388,469,494,490,497,443,482,489,490,515,495,428,394,448,437,,503,483,,449,473,479,510,471,441,431,428,455,432,438,466,457,487,453,441,456,429,411,459,422,
4-dez,352,325,387,325,360,413,458,396,473,496,491,498,445,482,491,491,518,498,428,391,453,441,,,483,,450,478,481,512,474,445,428,428,459,433,438,465,455,490,455,441,453,431,411,461,422,
5-dez,356,329,388,325,361,416,461,406,476,499,493,499,446,482,493,493,521,500,428,389,456,446,,,484,,451,484,483,514,477,447,425,430,460,435,439,465,456,491,458,439,466,432,410,462,423,
6-dez,361,337,388,324,362,421,464,410,478,499,495,501,447,483,497,496,523,502,428,388,456,449,,,485,,452,486,486,516,479,448,427,432,462,437,443,466,458,494,460,437,467,433,408,463,425,
7-dez,364,348,388,325,365,426,465,413,480,500,496,502,450,484,500,498,525,504,430,391,460,451,,,485,,452,489,489,519,484,451,431,434,465,438,452,467,463,497,462,436,469,434,407,464,428,
8-dez,365,361,387,329,371,430,467,415,482,501,500,503,451,485,501,499,527,507,432,396,460,454,,,486,,451,492,490,522,489,454,433,436,469,438,456,468,466,494,464,437,471,435,409,466,433,
9-dez,363,370,385,333,377,435,468,417,484,503,500,504,453,486,504,499,530,510,436,401,462,457,,,486,,450,497,492,523,489,458,433,440,474,438,459,470,468,503,465,437,473,436,413,468,434,
10-dez,361,376,387,337,388,440,471,418,486,506,501,504,455,487,506,499,532,512,440,406,464,459,,,485,,450,500,494,524,492,466,429,443,479,439,464,471,472,507,466,437,475,437,415,470,434,
11-dez,354,381,387,338,389,444,474,419,488,509,502,501,454,487,509,500,534,515,444,413,465,461,,,484,,453,504,498,524,493,467,424,448,490,439,467,472,475,510,468,440,478,438,415,471,437,
12-dez,348,386,387,338,389,449,475,422,489,511,503,503,455,488,511,500,536,518,447,418,467,463,,,483,,455,507,504,525,495,470,418,450,492,439,470,472,479,511,471,441,482,439,412,472,438,
13-dez,341,390,390,336,391,454,475,423,490,513,505,504,456,489,512,502,538,520,449,421,469,464,,,484,,459,509,509,526,496,474,419,452,495,440,472,473,480,513,474,442,488,440,410,477,439,
14-dez,338,393,394,330,394,457,476,424,492,514,508,505,457,489,514,504,540,524,449,425,472,467,,,486,,460,511,510,526,498,476,424,455,497,444,476,474,481,517,476,444,488,443,411,484,441,
15-dez,337,395,396,320,397,458,475,429,494,516,510,507,460,490,517,505,541,529,450,429,474,470,,,487,,461,513,511,527,500,478,429,457,499,448,478,475,481,520,478,442,490,444,409,486,443,
16-dez,335,398,395,307,400,458,474,436,496,519,511,509,463,491,519,506,542,531,449,433,476,473,,511,488,,463,515,511,528,503,481,434,460,503,450,480,475,483,521,480,442,491,444,407,488,446,
17-dez,332,402,394,298,403,459,473,441,498,522,512,511,463,492,520,508,544,532,449,438,478,475,,511,490,,466,517,512,530,505,484,438,462,506,452,482,475,485,521,483,441,497,444,410,493,448,
18-dez,332,403,396,292,405,463,472,445,500,523,513,511,464,493,523,509,546,533,444,441,481,478,,511,492,,468,519,513,533,507,486,442,466,509,453,484,475,486,522,484,441,499,444,413,493,450,
19-dez,337,405,398,288,406,463,471,450,502,526,516,511,465,496,524,510,548,534,439,445,483,480,,511,494,,470,521,514,531,510,488,446,468,513,454,486,476,490,523,486,442,500,443,416,494,453,
20-dez,344,405,400,284,408,465,471,457,504,528,519,511,466,500,526,511,550,536,433,445,486,481,,,496,,472,523,515,530,512,490,448,470,515,456,488,478,492,525,488,443,501,443,419,494,455,
21-dez,353,409,402,284,408,469,471,462,507,530,521,511,469,502,527,512,552,537,426,446,489,482,,,498,,478,529,516,528,514,493,451,472,519,458,491,479,495,527,490,445,502,442,424,495,461,
22-dez,359,412,404,286,410,471,472,468,510,532,522,512,473,505,528,513,555,540,421,447,491,483,,,499,,482,531,516,526,516,498,453,474,522,460,495,479,497,530,492,447,505,442,427,497,465,
23-dez,364,421,406,290,411,472,472,472,511,535,522,511,477,507,530,517,557,541,417,447,493,484,,,499,,483,532,518,524,518,500,457,477,524,462,497,479,499,532,493,449,506,440,430,496,467,
24-dez,366,430,411,295,411,474,476,475,516,541,523,512,482,509,533,519,558,541,412,453,496,485,,,500,,484,533,519,522,520,502,460,477,526,464,498,477,501,535,494,450,509,437,433,495,470,
25-dez,366,438,415,298,412,475,477,477,518,542,524,513,486,513,534,520,561,542,409,456,498,487,,,502,,486,534,520,520,522,504,461,477,528,467,500,475,502,536,495,452,511,432,436,496,473,
26-dez,366,443,419,301,413,475,480,478,519,544,528,510,492,516,534,521,563,543,411,463,501,489,,,503,,489,536,521,518,524,506,461,478,531,469,502,476,504,537,496,457,514,427,437,496,475,
27-dez,368,448,422,307,413,475,481,480,522,546,528,521,496,519,535,521,565,544,417,463,504,491,,,506,,492,538,522,516,526,510,461,478,535,472,504,477,506,539,498,458,516,421,438,496,477,
28-dez,373,455,423,315,414,476,487,480,526,547,528,521,495,520,536,523,569,545,423,466,507,492,,,509,,494,543,523,515,526,511,461,479,535,477,506,477,508,541,499,,518,414,439,497,479,
29-dez,380,461,425,324,414,477,488,483,527,548,530,522,496,521,538,524,573,546,425,473,509,493,,,510,,497,547,524,516,528,515,463,481,537,479,509,477,510,543,500,,520,412,440,497,485,
30-dez,383,466,426,332,414,479,492,485,528,549,530,523,499,522,540,525,578,547,429,475,511,494,,520,512,,501,547,525,519,529,518,465,489,539,481,511,479,514,545,501,,524,408,441,497,489,
31-dez,387,471,426,339,414,478,491,491,530,550,531,524,503,523,544,526,581,548,431,480,514,497,,,514,,504,549,527,522,530,520,467,494,541,483,513,481,516,546,505,,527,405,447,498,491,
