DIA,1969,1970,1971,1972,1973,1974,1975,1976,1977,1978,1979,1980,1981,1982,1983,1984,1985,1986,1987,1988,1989,1990,1991,1992,1993,1994,1995,1996,1997,1998,1999,2000,2001,2002,2003,2004,2005,2006,2007,2008,2009,2010,2011,2012,2013,2014
1-jan,,215,166,182,219,241,245,326,404,323,335,291,350,348,330,481,404,252,,,,,310,338,,307,381,366,328,392,,276,301,406,262,290,,,,,249,309,203,232,235,254
2-jan,,217,163,180,227,242,247,324,407,339,339,295,364,353,332,485,411,253,,,,,311,344,,313,394,368,351,388,,276,305,424,261,285,,,,,250,311,204,230,235,259
3-jan,,219,161,178,227,244,250,320,410,362,346,306,382,358,334,488,418,254,,,,,313,350,,319,407,370,370,382,,273,307,440,265,265,,,,,253,313,204,230,234,261
4-jan,,221,162,178,226,245,250,316,413,384,351,312,398,362,337,489,425,257,,,,,319,355,,325,418,371,387,375,,271,310,452,261,275,,,,,254,316,206,230,230,263
5-jan,,222,166,178,226,247,250,313,417,405,357,318,411,366,340,490,433,259,,,,,323,357,,331,429,374,398,365,,269,311,478,261,277,,,,,256,317,208,230,225,265
6-jan,,220,168,179,228,250,250,309,420,419,377,325,421,370,344,488,440,260,,,,,328,358,,337,440,376,410,356,,268,311,496,252,273,,,,,257,318,210,231,221,268
7-jan,,217,168,179,229,254,250,305,428,431,393,339,430,374,350,488,448,263,,,,,331,358,,344,449,376,418,346,,266,307,502,254,269,,,,,260,317,213,231,219,271
8-jan,,213,168,177,230,257,251,303,442,449,419,362,437,378,352,486,456,264,,,,,332,356,,347,458,376,424,337,,265,302,505,253,269,,,,,262,318,214,231,217,271
9-jan,,211,168,174,230,260,251,302,449,467,438,372,444,386,359,485,461,264,,,,,339,350,,352,469,376,428,328,,264,298,508,252,268,,,,,266,314,216,231,216,271
10-jan,,209,168,173,232,264,251,301,455,487,457,383,452,395,364,486,470,267,,,,,342,344,,356,483,376,430,321,,263,293,513,253,268,,,,,269,310,217,234,216,270
11-jan,,208,171,170,232,269,252,301,460,503,488,398,461,405,373,487,478,268,,,,,342,342,,355,498,377,436,315,,262,288,514,255,270,,,,,271,314,218,237,217,271
12-jan,,207,171,170,231,275,253,303,465,515,507,412,468,415,381,487,486,269,,,,,340,344,,354,508,379,443,312,,260,285,515,256,271,,,,,273,310,222,242,218,270
13-jan,,205,171,171,230,281,257,304,470,521,513,434,471,425,389,484,494,270,,,,,341,336,,354,518,383,449,311,,259,288,515,259,272,,,,,275,307,227,245,220,262
14-jan,,202,171,174,230,288,262,306,475,530,517,447,475,433,396,483,499,272,,,,,341,339,,354,523,388,460,309,,260,284,515,263,277,,,,,277,305,236,249,223,260
15-jan,,200,172,178,230,296,266,308,478,539,518,455,480,440,402,483,506,272,,,,,342,338,,354,528,392,473,307,,260,281,516,269,282,,,,,279,303,238,250,224,256
16-jan,,199,173,180,232,303,271,311,481,546,518,460,488,449,408,482,512,273,,,,,344,339,,356,533,397,485,303,,262,279,515,272,284,,,,,282,308,240,252,226,258
17-jan,,202,176,182,232,311,275,312,476,551,518,464,496,451,415,480,516,274,,,,,344,340,,356,534,404,499,301,,265,276,514,277,285,,,,,284,310,244,253,227,256
18-jan,294,203,182,184,232,319,279,313,473,552,520,466,502,452,421,480,516,275,,,,,343,342,,356,534,413,507,301,,266,275,512,283,286,,,,,285,303,246,254,228,253
19-jan,294,203,181,186,232,328,283,314,470,550,522,467,505,461,424,479,518,277,,,,,350,345,,356,534,420,511,301,,269,277,510,285,285,,,,,286,303,251,254,229,251
20-jan,291,203,182,186,234,334,288,314,469,549,525,467,504,466,427,477,526,279,,,,,366,347,,360,534,425,512,300,,271,278,508,286,285,,,,,286,305,258,255,229,250
21-jan,289,203,182,187,233,342,292,316,469,548,529,469,503,473,430,474,530,282,,,,,379,351,,360,534,427,513,298,,273,280,506,289,284,,,,,284,307,260,256,230,251
22-jan,286,204,184,189,232,347,300,322,469,549,535,473,502,479,435,472,534,282,,,,,391,358,,357,532,431,511,296,,273,281,509,291,285,,,,,281,306,263,258,231,252
23-jan,282,206,184,186,231,351,307,329,477,549,543,474,500,485,439,471,536,284,,,,,392,364,,355,532,435,509,294,,274,284,518,293,284,,,,,278,307,267,260,232,254
24-jan,282,208,184,189,231,355,312,337,477,549,549,477,500,490,443,470,538,286,,,,,393,371,,352,530,439,505,296,,272,286,524,294,285,,,,,273,309,274,263,233,254
25-jan,281,210,184,190,231,356,315,347,480,551,549,483,499,499,451,470,540,286,,,,,395,375,,350,527,443,502,297,,274,296,526,294,288,,,,,269,312,279,266,234,254
26-jan,281,212,186,189,229,358,318,357,482,552,548,488,499,503,453,469,546,288,,,,,397,379,,351,523,447,501,297,,269,298,526,295,290,,,,,269,314,288,269,236,254
27-jan,284,215,187,188,229,357,319,362,484,551,544,490,500,507,457,469,548,292,,,,,399,382,,352,520,452,502,295,,264,301,524,298,292,,,,,266,316,294,273,238,262
28-jan,290,213,189,187,231,355,323,365,484,550,541,491,498,506,460,467,548,296,,,,,413,385,,,517,457,503,294,,261,301,523,300,295,,,,,261,321,302,275,241,264
29-jan,297,211,190,190,234,355,331,365,483,547,539,492,496,506,466,470,550,298,,,,,442,389,,,514,461,516,294,,256,300,519,303,298,,,,,258,327,312,276,244,264
30-jan,304,213,190,191,236,359,335,364,482,542,550,494,495,508,469,472,552,304,,,,,444,395,,,508,465,521,296,,257,299,516,305,301,,,,,257,333,320,277,254,266
31-jan,314,217,189,190,236,366,336,363,484,538,549,499,494,514,471,471,556,308,,,,,454,402,,,503,468,526,303,,256,296,512,307,305,,,,,257,340,327,279,258,268
1-fev,320,221,188,190,234,375,334,360,482,534,547,507,494,515,481,459,560,,,,,,480,407,,,498,470,531,308,,256,292,508,310,314,,,,305,256,343,334,283,261,268
2-fev,328,222,186,192,234,385,333,358,484,530,546,513,493,515,484,457,563,,,,,,506,412,,,495,470,536,311,,257,288,505,315,320,,,,317,256,349,340,284,260,268
3-fev,335,221,183,200,235,396,332,354,485,527,546,517,491,516,488,455,565,,,,,,504,418,,,491,472,545,316,,259,284,502,321,323,,,,333,255,353,343,285,261,269
4-fev,342,221,179,203,239,407,332,350,493,525,545,519,490,517,491,454,567,,,,,,504,423,,,487,472,547,325,,260,282,500,330,328,,,,349,254,355,344,285,267,270
5-fev,351,222,176,204,245,416,333,348,502,523,544,520,490,519,493,454,566,,,,,,508,425,,,486,470,550,332,,262,278,499,342,340,,,,372,254,358,345,285,272,271
6-fev,357,224,173,204,248,422,332,354,523,519,542,522,490,512,495,454,564,,,,,,508,429,,,486,469,555,339,,265,276,497,357,362,,,,387,253,360,347,285,279,271
7-fev,362,228,174,203,251,428,331,358,543,516,542,522,493,522,495,454,562,,,,,,509,431,,,487,467,563,345,,273,274,493,373,385,,,,402,253,360,351,285,283,270
8-fev,365,231,175,202,252,436,330,369,560,513,544,523,495,522,494,454,560,,,,,,509,433,,,496,463,571,352,,278,272,489,391,411,,,,418,254,360,352,284,301,270
9-fev,368,234,180,203,253,443,329,383,570,514,545,523,497,523,494,454,560,,,,,,508,434,,,502,459,577,357,,283,273,484,406,430,,,,430,256,362,352,283,314,270
10-fev,373,236,182,205,255,449,328,393,578,512,545,522,500,526,495,454,558,,,,,,510,434,,,514,454,581,364,,287,275,479,421,443,,,,441,261,364,354,283,325,270
11-fev,374,236,184,208,256,455,329,399,586,509,546,523,501,528,497,455,556,,,,,,511,433,,,524,449,580,373,,294,275,475,432,449,,,,449,263,366,349,284,339,270
12-fev,373,236,186,207,258,458,330,409,592,506,547,522,502,529,501,454,557,,,,,,513,433,,,532,445,577,380,,301,275,471,440,455,,,,458,263,368,346,284,355,271
13-fev,375,236,186,207,260,462,331,416,591,503,545,523,503,530,507,459,551,,,,,,513,434,,,541,441,572,390,,307,274,466,445,463,,,,470,263,370,342,282,372,272
14-fev,371,235,184,209,263,462,333,420,587,499,542,524,502,532,510,460,552,,,,,,513,432,,,545,442,569,400,,315,274,461,447,469,,,,482,265,375,338,282,382,272
15-fev,364,234,182,211,264,462,335,423,580,495,539,526,501,533,511,459,550,,,,,,514,431,,,551,439,564,411,,323,273,458,449,474,,,,488,268,378,336,284,393,273
16-fev,354,235,181,215,265,462,336,426,572,491,536,525,500,534,510,464,548,,,,,,519,427,,,555,437,559,417,,327,271,460,453,474,,,,492,272,382,336,284,409,274
17-fev,344,237,181,219,266,462,336,431,566,486,533,525,498,534,509,461,545,,,,,,520,422,,,559,438,555,422,,328,270,463,457,475,,,,494,275,384,342,286,427,274
18-fev,335,238,183,225,266,464,344,436,559,481,531,525,495,533,507,460,541,,,,,,520,420,,,563,437,551,424,,330,279,473,458,482,,,,494,278,385,348,287,440,274
19-fev,327,240,182,235,265,464,347,441,553,479,529,525,492,534,506,454,540,,,,,,521,409,,,566,436,547,426,,329,275,491,457,485,,,,493,279,386,355,289,448,274
20-fev,320,245,181,241,264,464,350,446,548,477,526,526,490,534,504,453,538,,,,,,523,403,,,566,436,544,426,,329,277,507,456,486,,,,491,281,383,363,288,463,278
21-fev,315,247,181,250,264,464,353,453,543,471,525,528,491,533,506,448,535,,,,,,523,399,,,563,438,541,428,,330,283,518,458,487,,,,487,284,381,364,287,478,285
22-fev,311,248,181,260,263,464,359,461,539,467,523,531,490,534,504,446,533,,,,,,523,399,,,560,438,538,427,,335,287,525,455,488,,,,483,286,375,363,286,491,289
23-fev,308,249,180,270,262,468,366,469,536,464,522,538,489,534,502,447,530,,,,,,520,397,,,559,438,535,426,,340,291,527,451,490,,,,481,287,377,361,286,497,305
24-fev,305,251,180,276,261,467,376,476,533,463,522,547,489,534,501,446,528,,,,,,521,393,,,555,438,532,426,,346,295,527,447,492,,,,479,290,373,360,286,499,323
25-fev,301,251,187,280,261,464,388,482,531,462,523,555,489,534,500,445,525,,,,,,517,403,,,554,438,534,424,,353,297,527,443,494,,,,479,291,371,361,287,500,333
26-fev,297,250,185,284,262,462,399,490,528,460,524,559,488,534,499,446,523,,,,,,516,405,,,554,438,527,422,,364,298,525,439,495,,,,479,296,374,367,287,499,345
27-fev,293,251,183,289,264,461,408,497,526,461,526,560,487,534,499,445,518,,,,,,514,410,,,554,440,528,423,,376,299,524,432,494,,,,479,298,375,375,288,496,348
28-fev,288,251,186,294,265,463,414,505,524,467,526,560,485,534,497,444,518,,,,,,511,415,,,556,440,525,426,,387,302,523,426,494,,,,477,,374,385,287,493,348
29-fev,,,,301,,,,508,,,,559,,,,446,,,,,,,,419,,,,440,,,,400,,,,492,,,,477,,,,288,,350
1-mar,283,250,190,310,265,460,418,509,522,468,528,557,483,534,496,446,520,,,,,,510,430,,,556,443,523,431,,419,302,521,421,489,,,,475,,374,397,290,489,350
2-mar,280,249,192,316,268,455,421,512,520,468,526,556,480,534,493,445,518,,,,,,518,437,,,556,446,523,439,,428,302,520,414,486,,,,473,,374,408,291,484,351
3-mar,278,248,194,322,271,451,423,512,518,468,524,558,478,534,492,443,516,,,,,,518,443,,,554,450,522,443,,436,305,519,409,484,,,,471,,374,418,289,479,353
4-mar,279,248,199,327,276,448,426,512,515,469,522,557,476,534,488,443,516,,,,,,520,451,,,552,456,522,445,,443,306,517,407,483,,,,468,,376,424,286,473,358
5-mar,282,248,197,330,283,444,427,512,513,471,520,556,475,535,487,440,512,,,,,,521,458,,,550,463,522,448,,452,307,517,408,482,,,,466,,378,428,284,469,363
6-mar,284,252,199,338,284,445,431,512,511,476,519,554,474,536,481,439,512,,,,,,521,463,,,548,476,521,451,,460,308,517,413,483,,,,463,,385,432,283,464,374
7-mar,284,253,197,347,293,442,432,512,508,486,518,554,474,538,478,436,510,,,,,,523,469,,,545,484,521,455,,468,311,518,420,489,,,,461,,393,436,283,459,380
8-mar,282,254,198,352,296,442,434,511,507,502,518,554,474,538,475,435,506,,,,,,525,470,,,541,493,520,457,,,313,518,429,496,,,,456,,398,440,284,453,385
9-mar,280,258,197,355,298,444,436,511,505,518,514,554,473,540,478,433,506,,,,,,527,473,,,538,499,520,461,,,315,518,436,502,,,,453,,403,444,285,449,392
10-mar,278,260,200,358,301,447,438,510,501,527,513,553,472,545,475,,504,,,,,,529,474,,,536,504,520,465,,,316,518,442,506,,,,452,,408,449,287,442,409
11-mar,274,261,204,359,303,449,439,508,495,533,512,551,471,548,477,,502,,,,,,531,473,,,533,507,519,469,,,317,518,447,506,,,,451,,411,456,286,434,417
12-mar,266,262,206,358,306,450,438,507,493,539,510,548,473,551,480,,490,,,,,,534,473,,,529,512,516,473,,,316,517,459,504,,,,450,,411,462,285,427,423
13-mar,259,264,206,358,308,454,436,505,491,544,508,545,476,554,484,,490,,,,,,536,465,,,525,516,515,478,,,317,516,463,500,,,,451,,411,470,285,421,426
14-mar,253,265,208,356,307,457,434,502,489,546,509,543,478,558,486,,492,,,,,,538,465,,,523,520,515,482,,,318,514,466,495,,,,460,,410,477,286,413,428
15-mar,248,269,208,353,305,458,430,499,487,547,509,540,478,561,484,,490,,,,,,539,468,,,520,522,516,485,,,317,511,467,490,,,,460,,409,483,286,404,428
16-mar,244,272,209,348,303,459,426,497,484,546,506,538,476,563,483,,490,,,,,,541,466,,468,517,524,514,487,,,315,508,470,485,,,,460,,411,486,286,398,426
17-mar,243,275,210,342,299,458,424,496,483,543,507,536,474,564,480,,490,,,,,,543,467,,474,514,526,513,489,,,314,505,473,481,,,,461,,410,490,287,393,424
18-mar,241,278,211,333,294,458,420,496,482,540,506,534,472,565,479,,490,,,,,,545,468,,478,511,528,512,490,,,314,502,477,473,,,,463,,410,495,287,394,420
19-mar,246,278,212,322,290,458,416,496,483,537,506,532,475,564,477,,492,,,,,,546,469,,476,508,530,509,490,,,316,498,480,468,,,,466,,410,500,288,394,412
20-mar,244,278,213,311,286,460,411,496,482,534,506,531,477,564,474,,492,,,,,,547,457,,476,507,534,507,492,,,317,493,479,462,,,,470,327,410,503,287,395,408
21-mar,242,281,215,302,283,463,406,495,480,530,508,529,481,563,471,,494,,,,,,548,455,,474,504,536,505,492,,,319,489,478,455,,,,474,323,409,506,287,397,404
22-mar,242,285,218,292,282,465,400,496,478,527,510,527,488,562,469,,496,,,,,,550,454,,474,502,538,501,492,,,321,486,480,450,,,,477,318,408,508,286,399,404
23-mar,245,289,220,283,281,467,395,494,477,526,512,524,496,561,469,,496,,,,,,552,452,,474,502,540,497,490,,,325,482,479,445,,,,479,315,405,511,285,400,404
24-mar,249,292,221,274,279,467,390,492,474,524,513,521,504,560,470,,498,,,,,,550,440,,474,502,539,494,489,,,328,478,478,440,,,,479,312,403,511,285,400,404
25-mar,252,293,223,268,278,468,386,491,471,522,514,518,514,558,469,,498,,,,,,549,443,,474,502,537,491,487,,,334,475,478,434,,,,478,311,399,511,283,402,404
26-mar,253,292,223,264,276,469,382,502,469,520,518,515,519,556,471,,497,,,,,,548,448,,472,498,535,487,486,479,,337,473,480,429,,,,478,313,395,511,282,403,405
27-mar,255,290,222,255,273,472,379,501,467,517,525,513,524,555,471,,496,,,,,,544,444,,469,497,532,485,484,480,,343,473,478,418,,,,477,313,389,510,281,404,408
28-mar,258,287,219,247,269,477,376,501,465,514,528,510,526,552,471,,496,,,,,,542,441,,466,495,529,487,482,477,,349,473,476,413,,,,476,,385,509,284,405,
29-mar,259,286,216,242,265,485,372,498,462,512,529,510,528,550,470,,496,,,,,,544,440,,463,492,527,486,481,474,,355,474,475,407,,,,478,,382,509,281,406,
30-mar,259,284,214,238,260,493,373,498,460,508,528,509,530,547,467,,496,,,,,,533,438,,460,490,522,486,480,469,,361,475,474,403,,,,476,,380,510,279,407,
31-mar,260,282,214,238,255,499,376,499,460,505,526,508,533,544,463,,492,,,,,,538,438,,459,488,520,485,478,466,,365,477,474,397,,,,475,,377,510,276,408,
1-abr,260,277,211,239,252,504,382,500,457,505,523,508,536,542,461,,,,,,,,536,438,,455,488,517,485,479,463,505,371,477,476,393,,,,473,,375,510,274,409,
2-abr,260,272,210,237,250,506,388,501,455,498,521,506,540,539,458,,,,,,,,533,437,,452,486,511,484,479,460,507,376,478,477,388,,,,473,,372,511,273,410,
3-abr,260,271,210,235,249,507,392,501,453,494,518,505,541,537,454,,,,,,,,532,436,,450,484,506,484,480,458,507,380,478,478,385,,,,472,336,372,512,273,413,
4-abr,260,266,210,237,247,507,394,500,451,489,515,502,542,534,451,,,,,,,,530,434,,448,482,502,483,483,456,505,382,478,479,381,,,,472,338,372,511,274,415,
5-abr,259,264,210,238,245,506,396,499,449,485,515,499,541,531,449,,,,,,,,528,432,,447,480,498,482,485,454,501,383,478,481,379,,,,472,340,371,511,275,418,
6-abr,257,263,211,240,243,505,397,499,447,482,514,497,540,528,449,,,,,,,,527,430,,446,479,494,479,487,476,499,383,479,486,375,,,,471,345,369,511,277,422,
7-abr,255,262,211,241,244,503,398,498,444,478,511,494,538,524,446,,,,,,,,525,428,,450,478,489,477,488,481,497,382,482,490,372,,,,471,347,367,511,278,424,
8-abr,252,261,211,243,242,500,399,498,442,473,508,489,536,521,444,,,,,,,,524,423,,450,476,485,475,488,483,494,383,485,498,372,,,,470,355,365,511,280,436,
9-abr,248,261,210,245,241,499,406,498,440,469,506,485,534,519,441,,,,,,,,524,417,,452,476,479,472,486,483,492,383,489,510,368,,,,468,359,363,511,281,443,
10-abr,243,260,209,246,240,499,409,498,438,465,502,480,532,516,437,,,,,,,,524,415,,454,476,476,470,485,480,488,379,491,520,358,,,,467,363,359,510,283,445,
11-abr,239,260,209,246,239,498,414,498,435,459,498,476,529,514,431,,,,,,,,522,417,,456,474,473,469,484,478,483,372,491,527,348,,,,465,368,356,510,284,448,
12-abr,237,259,207,247,239,494,417,494,432,454,494,472,526,511,426,,,,,,,,522,422,,460,472,466,468,481,475,479,363,489,529,339,,,,462,372,353,509,286,449,
13-abr,236,258,205,247,237,493,419,491,429,448,490,469,522,508,419,,,,,,,,520,423,,463,472,459,466,476,472,473,357,487,529,329,,,,460,377,350,508,287,450,
14-abr,236,257,201,248,236,489,423,488,425,442,492,468,517,504,412,,,,,,,,518,421,,466,473,456,464,474,470,467,354,483,528,319,,,,459,382,348,506,288,450,
15-abr,236,255,196,249,236,485,430,484,423,437,491,467,512,500,404,,,,,,,,508,419,,468,475,454,461,466,462,461,350,479,526,313,,,,459,389,346,503,292,446,
16-abr,238,252,192,249,235,482,433,482,421,432,491,466,507,496,396,,,,,,,,,417,,468,478,449,459,459,459,455,346,475,525,310,,,,459,394,344,499,292,443,
17-abr,239,250,189,249,234,479,438,478,420,427,493,466,502,493,388,,,,,,,,,415,,468,480,453,457,457,457,449,342,470,523,310,,,,460,400,,494,289,440,
18-abr,238,243,188,249,233,475,443,474,419,423,496,469,495,489,379,,,,,,,,,414,,468,484,449,455,453,455,444,337,467,521,310,,,,464,405,,491,287,436,
19-abr,238,235,188,249,234,479,448,470,419,423,498,472,488,485,373,,,,,,,,,413,,470,484,447,453,448,453,439,333,464,519,308,,,,468,408,,486,285,432,
20-abr,237,226,188,246,232,475,451,466,419,426,496,475,482,481,366,,,,,,,,,412,,470,482,445,454,444,450,433,328,457,515,309,,,,473,412,,482,281,427,
21-abr,236,220,188,244,230,471,455,460,419,424,494,476,476,477,361,,,,,,,,,410,,470,477,443,454,441,448,427,324,451,512,311,,,,477,415,,476,278,423,
22-abr,235,213,189,240,230,469,458,455,419,422,491,477,470,474,356,,,,,,,,,410,,470,475,441,452,438,446,421,325,445,509,313,,,,480,417,,473,277,419,
23-abr,233,208,188,236,230,467,460,450,420,420,488,476,464,472,354,,,,,,,,,409,,470,471,438,452,438,444,415,329,438,506,315,,,,481,419,,468,274,416,
24-abr,231,205,185,231,230,466,462,447,422,418,485,475,458,471,354,,,,,,,,,407,,468,467,436,453,436,442,409,328,430,506,314,,,,481,420,,464,270,413,
25-abr,227,203,182,224,230,466,464,445,422,416,481,473,456,468,355,,,,,,,,,407,,465,463,433,457,435,439,402,324,423,506,313,,,,479,421,,457,267,408,
26-abr,222,202,182,218,230,464,464,444,423,414,478,471,452,470,367,,,,,,,,,406,,462,457,429,461,434,437,393,320,,506,310,,,,476,421,,452,265,403,
27-abr,218,202,182,213,230,462,465,443,423,411,473,468,448,470,374,,,,,,,,,404,,457,451,425,466,433,435,385,315,,505,308,,,,472,419,,446,263,401,
28-abr,216,201,182,211,229,461,465,442,424,407,469,464,445,470,378,,,,,,,,,403,,452,446,421,469,430,433,377,310,,503,306,,,,467,415,,436,261,398,
29-abr,213,198,182,208,229,460,465,441,423,403,463,461,445,470,380,,,,,,,,,402,,447,438,417,471,427,426,368,305,,501,303,,,,463,410,,426,260,398,
30-abr,212,195,181,205,228,458,465,441,422,402,457,456,441,470,381,,,,,,,,,401,,443,431,414,474,424,422,366,301,,497,301,,,,457,401,316,417,260,397,
1-mai,212,192,178,201,228,457,466,439,420,398,451,453,437,468,380,,,,,,,,,404,,435,424,411,476,419,,360,295,,493,300,,,263,451,392,309,406,259,396,
2-mai,211,190,176,198,227,455,464,437,418,395,446,449,434,466,379,,,,,,,,,405,,429,417,407,476,415,,355,284,,488,296,,,261,445,381,302,395,258,395,
3-mai,211,188,173,197,225,453,463,435,417,394,439,445,432,466,376,,,,,,,,,404,,421,413,403,476,412,,351,281,,484,294,,,260,438,371,297,385,258,392,
4-mai,211,188,172,196,223,451,461,432,412,393,436,441,430,464,371,,,,,,,,,403,,414,410,398,474,410,,347,279,,480,294,,,258,433,359,295,376,258,387,
5-mai,212,188,171,195,222,449,459,427,408,392,432,437,427,464,364,,,,,,,,,404,,408,415,394,472,408,,344,278,,476,294,,,257,428,349,293,366,258,382,
6-mai,213,191,169,194,220,447,456,421,404,391,428,433,423,461,357,,,,,,,,,405,,401,421,389,469,406,,341,276,,473,296,,,256,424,339,287,359,258,379,
7-mai,214,196,168,193,218,445,453,413,396,391,426,428,417,457,351,,,,,,,,,406,,393,434,383,465,404,,338,275,,470,293,,,255,421,329,282,350,258,373,
8-mai,217,197,168,192,216,443,450,403,393,390,429,424,411,451,344,,,,,,,,,407,,388,443,376,459,401,,334,275,369,466,292,,,254,418,319,277,343,259,364,
9-mai,219,196,168,190,213,441,445,394,392,390,428,419,405,447,337,,,,,,,,,408,,381,448,371,453,397,,331,274,365,462,294,,,253,414,309,274,337,260,355,
10-mai,221,193,169,188,210,441,440,382,390,388,427,413,398,441,331,,,,,,,,,409,,374,455,362,445,393,,327,273,359,458,292,,,253,410,300,274,329,260,348,
11-mai,222,191,171,186,208,439,433,369,386,386,425,407,391,434,325,,,,,,,,,411,,369,463,356,438,390,,325,271,355,453,292,,,252,407,293,265,322,259,339,
12-mai,224,190,173,185,207,440,426,359,383,384,423,399,384,428,321,,,,,,,,,412,,364,467,350,430,387,,322,268,351,448,293,,,251,399,287,260,315,258,332,
13-mai,225,190,176,183,206,439,417,349,379,380,421,392,379,420,316,,,,,,,,,411,,359,470,344,422,382,,320,266,345,442,293,,,251,393,281,257,310,257,325,
14-mai,225,191,178,182,206,437,407,341,371,375,417,385,371,412,311,,,,,,,,,421,,353,470,339,417,373,,320,263,341,439,293,,,250,385,275,255,304,256,318,
15-mai,224,192,180,180,206,434,396,334,366,369,414,379,366,406,306,,,,,,,,,425,,347,468,334,411,369,,319,261,334,426,292,,,249,377,275,252,300,254,311,
16-mai,223,193,178,179,206,432,389,327,363,363,410,372,359,398,299,,,,,,,,,427,,341,466,330,406,363,,318,259,330,417,292,,,247,372,274,249,297,250,304,
17-mai,221,194,175,178,206,429,383,326,361,357,406,367,353,390,292,,,,,,,,,429,,333,464,325,400,359,,319,256,328,421,291,,,245,369,271,247,295,246,297,
18-mai,220,194,173,177,207,425,377,318,358,352,403,361,348,383,288,,,,,,,,,431,,327,464,320,394,355,,317,254,326,394,292,,,243,364,273,246,293,240,292,
19-mai,218,192,170,175,207,421,371,320,355,346,400,356,342,379,283,,,,,,,,,431,,323,467,316,388,353,,315,252,323,385,292,,,240,359,268,246,291,236,287,
20-mai,216,190,168,174,207,415,366,327,354,341,397,352,338,374,280,,,,,,,,,431,,319,471,313,381,349,,313,250,321,375,290,,,239,355,266,245,289,233,282,
21-mai,213,187,166,173,207,409,360,332,352,337,394,350,332,368,279,,,,,,,,,430,,315,478,310,374,345,,310,248,326,365,289,,,238,353,265,244,287,231,278,
22-mai,210,183,165,172,207,401,355,335,350,333,392,350,328,363,280,,,,,,,,,427,,311,483,308,370,342,,308,248,326,355,285,,,238,347,264,243,285,231,274,
23-mai,207,181,164,174,205,391,349,339,349,328,389,350,319,363,280,,,,,,,,,425,,307,487,306,369,339,,305,247,326,347,283,,,243,340,262,242,281,231,271,
24-mai,203,180,164,174,204,381,344,344,347,324,385,350,315,364,279,,,,,,,,,422,,303,488,305,367,336,,302,248,326,339,283,,,244,,259,240,278,242,270,
25-mai,199,179,163,172,207,369,337,347,346,320,382,349,310,364,279,352,,,,,,,,417,,302,486,303,366,332,,299,248,326,335,282,,,245,,256,240,275,243,267,
26-mai,196,178,163,171,202,366,330,349,346,316,379,347,306,363,277,352,,,,,,,,404,,302,483,302,365,329,,295,248,326,329,281,,,245,,253,239,271,244,265,
27-mai,194,178,166,171,200,360,323,349,344,314,374,345,301,361,276,351,,,,,,,,394,,298,477,300,364,325,,292,250,325,325,279,,,246,,251,237,268,244,263,
28-mai,191,178,165,171,198,356,314,347,343,312,369,343,297,356,276,340,,,,,,,,386,,298,472,299,364,322,,289,251,324,321,275,,,246,,249,237,,244,261,
29-mai,189,178,165,171,197,351,305,344,342,311,365,341,294,353,277,338,,,,,,,,386,,298,466,298,364,319,,286,252,321,317,273,,,246,,247,236,,245,260,
30-mai,189,179,165,172,195,347,297,340,341,316,361,338,290,349,277,334,,,,,,,,381,,298,459,296,367,317,,283,252,318,314,272,,,247,,244,235,,245,258,
31-mai,188,178,166,174,195,344,290,337,341,329,354,335,287,348,280,332,,,,,,,,377,,296,450,295,369,316,,281,253,315,311,270,,,247,,242,233,,246,257,
1-jun,187,177,169,177,194,340,283,336,341,334,349,332,285,345,283,331,,,,,,,,370,286,296,442,293,371,314,,279,257,313,307,269,,,248,,240,232,,247,255,
2-jun,186,176,172,180,194,335,278,336,341,336,343,329,282,343,284,329,,,,,,,,364,286,294,433,292,372,311,,277,260,311,305,267,,,249,,239,231,,247,254,
3-jun,184,175,176,182,195,331,272,337,341,338,339,328,285,341,286,325,,,,,,,,356,286,294,422,291,373,309,,275,261,309,303,265,,,249,,238,231,251,248,255,
4-jun,184,173,178,182,196,326,267,337,342,340,334,327,289,341,287,321,,,,,,,,349,284,296,412,290,372,308,,273,264,307,302,264,,,250,,237,230,250,249,255,
5-jun,183,172,181,180,196,321,263,338,342,342,329,327,289,340,288,319,,,,,,,,345,282,296,401,290,370,306,,271,268,306,303,262,,,251,,236,230,248,252,254,
6-jun,182,171,181,177,196,316,258,345,340,344,325,327,287,340,289,314,,,,,,,,349,280,295,392,290,371,304,,269,271,305,302,260,,,252,,,229,246,252,254,
7-jun,181,170,179,173,196,312,254,347,338,346,321,328,287,340,290,314,,,,,,,,,280,294,383,290,376,302,,267,274,304,301,258,,,252,,,229,245,254,254,
8-jun,181,169,176,171,194,309,250,346,334,349,318,328,286,340,290,307,,,,,,,,,280,293,374,290,376,298,,266,277,303,299,256,,,253,,,228,244,254,253,
9-jun,180,168,172,170,192,305,246,345,330,353,314,328,285,341,290,304,,,,,,,,,278,292,366,290,375,296,,264,281,302,297,256,,,254,,,228,242,254,253,
10-jun,180,168,170,169,189,301,243,345,325,357,312,327,284,341,289,303,,,,,,,,,278,291,358,289,373,294,,262,285,299,296,253,,,252,,,227,242,254,253,
11-jun,179,167,168,168,187,298,241,340,321,363,310,326,283,342,289,294,,,,,,,,,278,290,351,288,372,292,,261,287,296,294,250,,,250,,,226,242,253,258,
12-jun,179,166,167,167,185,295,239,336,316,369,308,323,282,342,288,287,,,,,,,,,280,287,344,287,371,291,,260,290,293,292,255,,,247,,,225,241,253,256,
13-jun,178,166,166,168,183,291,237,332,312,374,308,320,282,340,287,283,,,,,,,,,282,283,338,285,369,290,,259,290,290,290,253,,,244,,,224,241,251,256,
14-jun,178,165,165,165,182,288,235,327,310,380,307,314,281,337,287,279,,,,,,,,,282,278,333,283,368,289,,257,290,287,288,252,,,242,,,222,239,250,257,
15-jun,177,165,165,164,180,285,232,322,307,383,306,309,281,334,287,276,,,,,,,,,284,275,329,281,366,288,,255,287,283,286,251,,,240,,,221,238,249,258,
16-jun,176,164,164,164,179,281,230,318,306,384,304,306,281,329,286,274,,,,,,,,,284,274,323,279,365,287,,254,283,281,284,250,,,,,,220,237,248,259,
17-jun,176,163,164,164,179,278,228,313,306,384,303,303,287,325,286,273,,,,,,,,,286,273,321,276,363,286,,253,275,279,282,249,,,,,,219,236,248,260,
18-jun,175,162,164,163,179,275,226,308,306,382,302,300,289,321,285,272,,,,,,,,,286,272,326,274,363,285,,252,268,277,280,248,,,,,,218,235,248,259,
19-jun,174,162,164,162,179,272,224,303,306,379,299,297,291,317,285,272,,,,,,,,,288,271,328,272,364,282,,250,259,275,278,247,,,,,234,218,234,248,259,
20-jun,174,161,164,162,178,269,222,298,306,374,297,294,292,312,283,269,,,,,,,,,288,270,326,270,365,279,,249,253,273,276,246,,,,,232,217,233,248,258,
21-jun,173,161,163,162,178,267,220,293,306,367,295,292,293,309,281,268,,,,,,,,,288,269,326,268,369,277,,248,247,271,275,245,,,,,232,216,232,247,255,
22-jun,173,160,162,161,177,264,218,287,306,361,293,289,293,307,277,268,,,,,,,,,288,266,326,267,373,276,,248,243,269,273,244,,,,,231,215,230,246,252,
23-jun,173,160,162,161,177,262,218,282,306,356,290,287,292,303,269,268,,,,,,,,,288,266,326,265,379,273,,247,240,268,272,242,,,,,230,214,228,243,247,
24-jun,173,160,161,161,177,260,217,277,305,347,289,285,291,299,265,265,,,,,,,,,286,266,324,264,387,271,,247,238,267,270,241,,,,,228,214,226,243,248,
25-jun,173,159,160,161,178,257,216,274,304,340,287,284,289,297,263,264,,,,,,,,,285,264,322,263,396,270,244,243,237,266,268,240,,,,,226,213,225,240,245,
26-jun,173,159,160,161,178,255,213,270,302,333,285,283,287,293,261,262,,,,,,,,,282,264,320,262,403,268,243,245,235,265,266,238,,,,,226,212,224,238,245,
27-jun,173,159,158,160,179,252,212,266,301,328,284,282,285,292,261,259,,,,,,,,,280,264,319,261,409,267,243,245,234,264,264,236,,,,,215,211,223,236,243,
28-jun,173,159,158,160,180,246,211,262,299,322,282,281,283,290,261,255,,,,,,,,,278,262,317,261,413,266,243,245,234,264,262,233,,,,,215,210,222,233,240,
29-jun,172,159,157,159,180,243,211,259,297,317,281,280,280,287,257,254,,,,,,,,,275,262,316,260,418,265,242,244,233,263,260,232,,,,,215,210,221,231,239,
30-jun,172,159,156,159,178,240,210,256,295,311,280,279,279,285,253,252,,,,,,,,,272,262,316,260,421,264,242,244,232,262,260,234,,,,,215,210,220,230,238,
1-jul,171,160,156,159,178,238,210,253,292,307,277,278,277,283,252,250,264,,,,,,,,270,262,316,259,427,262,242,244,232,261,258,232,,228,220,256,214,210,219,230,236,
2-jul,171,160,156,158,177,236,210,251,290,302,276,277,276,282,250,248,264,,,,,,,,268,262,316,259,430,260,242,243,230,260,256,229,,227,219,255,213,209,219,230,235,
3-jul,171,160,155,158,176,234,212,248,289,298,276,275,274,282,248,248,263,,,,,,,,266,262,316,259,432,260,243,243,230,260,255,225,,227,219,254,212,209,219,229,235,
4-jul,170,160,157,158,176,232,212,246,287,294,275,274,273,280,247,247,260,,,,,,,,264,264,316,259,433,260,242,242,229,259,254,223,,226,219,254,212,208,219,228,234,
5-jul,170,160,157,159,177,231,211,244,285,291,274,274,271,278,245,246,258,,,,,,,,262,266,316,259,431,259,243,241,228,258,253,219,,226,219,253,213,208,220,228,234,
6-jul,169,159,156,158,178,230,209,242,284,289,272,274,269,276,245,246,256,,,,,,,,260,266,316,259,427,258,238,240,228,257,252,217,,225,218,253,214,207,221,226,233,
7-jul,169,159,156,157,178,228,208,241,282,286,271,274,267,276,244,246,255,,,,,,,,258,267,318,259,422,256,238,239,227,256,251,213,,225,217,252,214,207,222,223,233,
8-jul,168,159,156,159,179,227,207,240,280,284,271,274,264,275,243,245,254,,,,,,,,256,268,318,259,415,254,237,239,226,255,250,219,,223,216,250,214,206,223,221,233,
9-jul,168,158,157,158,178,226,207,238,279,282,270,274,263,273,241,244,253,,,,,,,,256,266,318,262,406,254,236,238,225,254,249,221,,223,215,249,213,205,223,220,232,
10-jul,167,158,158,158,177,224,206,237,276,279,268,274,261,272,240,242,253,,,,,,,,255,266,318,261,399,253,238,237,224,253,248,222,,223,215,248,212,204,223,219,232,
11-jul,167,158,161,159,176,223,206,236,275,279,267,275,259,272,239,242,253,,,,,,,,255,266,320,260,386,251,238,236,224,252,248,224,,224,214,245,211,204,223,218,231,
12-jul,167,158,163,159,175,221,206,235,273,277,267,276,258,271,238,240,252,,,,,,,,254,262,320,259,376,250,238,235,224,252,246,224,,224,213,242,211,203,222,217,230,
13-jul,167,157,166,160,173,219,206,234,271,276,266,276,257,270,238,238,251,,,,,,,,254,262,319,258,365,249,237,234,223,251,245,222,,224,213,240,210,202,222,216,229,
14-jul,168,157,167,161,172,218,207,235,268,276,267,277,256,268,238,236,250,,,,,,,,254,260,318,257,356,249,236,234,222,250,244,227,,222,213,237,209,201,221,214,228,
15-jul,168,157,166,164,171,217,206,231,266,275,268,276,255,268,236,236,248,,,,,,,,252,259,316,256,346,248,236,233,220,249,244,231,,221,213,235,209,198,221,213,226,
16-jul,168,157,163,166,170,218,206,230,263,273,267,275,255,267,234,236,248,,,,,,,,252,256,313,255,339,247,236,232,220,249,243,233,,219,213,233,208,196,220,213,224,
17-jul,168,157,160,168,169,217,203,230,260,273,266,274,255,266,233,236,250,,,,,,,,252,254,309,254,333,247,232,232,219,248,242,235,,219,212,232,207,195,219,212,222,
18-jul,168,156,158,170,168,216,201,229,258,271,265,273,254,265,232,235,252,,,,,,,,252,252,303,252,328,246,233,232,218,248,242,237,,218,214,230,204,194,219,211,221,
19-jul,168,156,156,171,168,214,199,228,256,271,265,271,253,264,235,234,251,,,,,,,,250,252,298,251,323,246,233,231,218,247,242,238,,217,214,229,200,193,218,210,220,
20-jul,167,156,155,171,168,213,198,227,254,270,263,270,252,264,238,233,252,,,,,,,,250,250,293,250,319,245,232,231,218,247,242,240,,215,214,229,198,193,217,208,220,
21-jul,167,156,154,170,167,213,197,226,252,269,263,269,250,264,240,232,250,,,,,,,,250,250,289,249,314,245,231,231,218,246,241,241,,214,214,229,195,193,216,208,219,
22-jul,166,155,154,170,166,212,197,225,251,268,262,267,248,264,241,232,247,,,,,,,,248,248,286,248,311,244,230,231,217,246,240,240,196,212,214,228,195,193,215,208,218,
23-jul,166,154,154,169,166,211,197,223,249,267,262,266,246,264,241,230,246,,,,,,,,248,250,284,247,307,244,230,232,216,245,240,237,196,211,214,227,194,193,215,208,217,
24-jul,165,154,153,169,166,210,197,222,247,266,263,265,244,264,241,229,246,,,,,,,,246,250,282,246,304,243,229,233,216,245,240,232,196,211,213,226,193,193,214,207,216,
25-jul,164,153,152,168,166,209,196,221,246,265,263,264,242,264,240,230,246,,,,,,,,246,250,279,245,300,243,228,234,215,245,239,233,196,210,213,224,193,194,213,206,216,
26-jul,164,153,152,166,166,209,195,220,245,264,263,262,241,264,240,230,244,,,,,,,,246,248,277,244,297,243,227,235,214,244,238,230,196,210,212,223,193,195,212,206,216,
27-jul,163,152,151,166,166,208,195,219,244,263,263,261,241,264,241,230,243,,,,,,,,244,248,275,244,293,242,228,235,214,244,237,223,196,210,212,222,194,198,211,206,215,
28-jul,163,152,151,165,166,208,195,218,243,262,263,260,240,264,243,230,243,,,,,,,,244,246,273,243,291,241,228,235,213,243,236,220,196,209,212,222,195,199,210,205,215,
29-jul,162,152,150,164,166,207,195,216,242,261,263,259,240,264,245,230,241,,,,,,,,242,246,271,242,289,240,226,235,212,243,236,218,196,209,212,221,196,199,210,204,215,
30-jul,162,151,150,164,165,204,194,215,241,261,263,258,240,264,246,230,240,,,,,,,,242,246,270,241,287,239,226,236,212,243,235,215,196,209,212,220,196,199,209,203,215,
31-jul,161,151,150,164,165,203,194,211,240,260,263,257,240,264,248,229,238,,,,,,,,242,247,270,240,285,239,225,237,212,244,234,214,196,209,211,219,198,199,209,202,215,
1-ago,160,151,150,163,165,204,193,213,239,259,263,256,239,263,249,229,237,,,,,,,,240,248,268,240,283,238,224,238,213,249,234,216,196,209,210,218,200,198,208,201,215,
2-ago,160,150,149,162,165,204,193,212,238,258,263,255,239,262,250,229,236,,,,,,,,240,250,267,239,281,237,224,238,214,249,233,219,196,209,209,218,202,197,208,201,214,
3-ago,160,150,149,162,165,203,192,211,238,257,263,254,239,262,249,228,236,,,,,,,,240,250,266,239,281,236,223,239,214,248,232,219,196,210,208,219,203,196,208,201,214,
4-ago,160,149,149,162,164,202,191,210,237,257,265,252,238,260,248,228,235,,,,,,,,240,252,266,238,280,236,222,240,214,248,232,222,196,210,207,219,204,196,207,199,213,
5-ago,160,149,151,162,164,201,191,208,236,256,265,251,238,258,246,227,235,,,,,,,,238,252,265,237,279,237,222,240,213,249,231,223,196,208,206,219,203,195,207,197,213,
6-ago,160,149,153,162,164,200,190,207,235,256,267,250,239,255,244,227,234,,,,,,,,238,250,263,237,278,239,221,240,212,249,230,223,191,205,205,220,202,195,208,195,212,
7-ago,160,148,154,162,164,200,189,207,234,255,267,250,240,254,241,226,233,,,,,,,,238,250,262,236,277,238,220,239,211,249,230,223,185,203,205,220,202,196,208,194,211,
8-ago,160,147,154,162,163,197,189,206,232,254,268,249,238,252,239,226,233,,,,,,,,236,248,262,236,276,238,219,237,211,249,230,222,185,201,204,220,199,196,208,192,211,
9-ago,160,147,154,162,163,197,188,206,231,254,267,248,238,252,238,226,232,,,,,,,,236,248,260,236,274,238,219,235,209,249,229,220,185,201,203,220,196,196,207,191,210,
10-ago,161,147,153,162,163,197,187,205,230,252,266,248,237,250,236,225,232,,,,,,,,234,244,260,235,272,238,218,233,208,249,229,220,193,199,202,220,195,196,207,190,209,
11-ago,161,147,151,162,163,196,186,205,230,251,264,246,236,249,235,224,232,,,,,,,,234,240,260,234,272,237,218,232,206,250,228,217,193,199,201,220,196,195,206,190,208,
12-ago,161,146,149,162,162,196,186,204,229,249,262,246,236,248,234,224,231,,,,,,,,234,240,258,234,270,237,218,230,206,250,227,210,193,199,201,220,195,195,206,189,206,
13-ago,161,146,149,164,162,195,186,203,227,247,259,245,235,248,232,224,231,,,,,,,,234,238,258,233,270,238,217,229,204,251,226,207,193,198,201,221,197,194,207,189,205,
14-ago,160,146,149,165,162,194,186,202,226,245,256,245,235,248,230,222,230,,,,,,,,234,238,257,233,270,240,217,228,204,251,226,204,193,198,202,221,199,195,207,188,203,
15-ago,160,147,148,166,161,194,185,202,226,243,254,244,234,248,230,222,229,,,,,,,,234,236,256,234,269,241,216,228,204,251,226,202,193,198,200,220,199,193,206,188,203,
16-ago,160,146,147,166,161,194,185,201,225,242,252,244,234,248,231,222,229,,,,,,,,234,234,256,233,269,242,215,227,203,250,226,201,190,198,199,220,199,193,205,187,203,
17-ago,159,146,146,165,161,195,184,200,224,241,250,243,233,248,228,222,228,,,,,,,,234,232,255,232,269,244,215,226,202,248,226,199,187,198,199,219,199,193,205,187,203,
18-ago,158,146,146,164,160,194,184,201,223,240,247,243,232,249,227,222,228,,,,,,,,234,232,254,232,268,244,214,225,202,246,224,199,187,198,199,217,198,193,204,186,203,
19-ago,158,146,145,164,160,193,184,202,222,240,246,242,232,250,226,222,227,,,,,,,,232,231,254,231,267,245,215,224,199,244,224,199,184,,199,217,198,192,203,185,203,
20-ago,157,145,145,164,160,193,184,202,221,239,245,242,231,249,226,222,226,,,,,,,,232,230,252,230,267,246,214,225,199,242,224,198,184,,199,215,198,192,201,185,203,
21-ago,157,145,145,166,160,193,184,201,220,239,244,242,231,249,225,220,226,,,,,,,,232,230,252,229,266,247,214,224,198,239,223,197,184,,199,214,198,188,199,185,203,
22-ago,156,145,145,169,160,194,183,201,220,238,244,242,230,250,224,221,226,,,,,,,,232,230,250,228,265,246,213,223,198,237,222,198,188,,199,213,198,185,199,185,203,
23-ago,157,144,144,172,159,194,183,201,219,238,243,241,230,249,223,221,225,,,,,,,,232,228,250,228,264,246,213,224,198,236,222,199,190,,199,212,201,183,199,185,202,
24-ago,157,144,144,174,159,195,182,200,222,237,242,240,230,247,224,221,224,,,,,,,,232,227,250,230,263,245,213,225,197,235,222,200,190,,199,212,205,183,199,185,202,
25-ago,157,144,144,174,159,195,182,201,221,237,241,240,230,246,223,225,224,,,,,,,,232,226,248,231,262,244,213,226,196,232,222,201,190,,199,211,205,181,199,184,200,
26-ago,156,144,144,173,159,194,181,201,220,237,241,240,230,244,223,226,224,,,,,,,,232,226,248,232,260,243,213,226,196,231,222,202,190,,199,210,205,180,199,183,200,
27-ago,156,144,144,171,158,193,180,201,219,237,241,239,230,243,223,226,224,,,,,,,,234,226,247,230,259,241,213,225,197,230,220,204,190,,199,209,204,179,198,182,200,
28-ago,156,144,143,168,157,192,180,201,219,237,240,239,229,242,223,226,224,,,,,,,,234,226,246,229,258,238,212,224,198,228,219,205,190,,199,208,205,179,197,182,197,
29-ago,156,144,143,166,157,191,180,199,219,237,240,239,229,242,222,226,224,,,,,,,,234,224,246,229,257,236,212,223,197,227,218,203,182,,199,208,205,179,196,181,197,
30-ago,156,144,143,163,156,189,180,198,219,237,240,239,229,242,222,226,224,,,,,,,,234,224,245,227,256,234,211,221,196,228,219,204,187,,198,208,206,179,195,181,197,
31-ago,156,144,143,160,156,188,180,198,220,236,239,239,229,242,221,231,224,,,,,,,,234,222,244,225,256,232,211,220,196,227,219,206,186,,197,207,208,181,194,181,197,
1-set,156,143,143,159,156,188,180,197,222,236,239,239,228,242,220,235,224,,,,,,,,234,222,243,224,255,230,211,218,198,226,219,205,198,,196,207,200,183,193,181,197,
2-set,156,143,142,158,156,187,180,195,225,236,238,239,228,241,219,239,224,,,,,,,,234,220,242,223,254,230,210,218,198,226,220,202,198,,195,206,202,185,192,181,197,
3-set,155,143,142,158,157,187,180,194,225,236,238,239,227,240,218,246,224,,,,,,,,234,220,242,222,253,230,210,219,199,226,220,204,197,,194,206,203,185,190,181,197,
4-set,155,143,142,158,158,187,179,193,225,236,238,239,227,240,217,248,222,,,,,,,,234,218,240,222,252,229,209,220,199,225,220,200,196,,193,206,204,185,190,181,197,
5-set,155,143,142,158,158,187,179,193,225,236,238,239,227,240,217,248,222,,,,,,,,232,218,240,223,251,228,209,221,199,227,220,199,185,,192,205,203,185,190,180,197,
6-set,155,143,141,158,158,186,179,192,225,234,238,239,226,239,217,250,222,,,,,,,,232,218,240,225,250,227,209,222,198,228,219,199,185,,192,204,202,185,189,179,197,
7-set,155,143,142,158,158,186,179,192,225,233,239,238,226,238,217,256,222,,,,,,,,232,218,238,227,249,226,208,223,197,230,219,199,185,,191,204,202,185,189,179,196,
8-set,153,143,142,158,157,185,179,192,226,235,240,238,226,238,216,260,222,,,,,,,,232,218,238,229,248,225,208,225,196,232,218,198,194,,,204,199,185,189,178,196,
9-set,153,143,142,158,156,185,178,191,227,235,243,238,226,238,216,261,222,,,,,,,,232,220,238,230,247,228,208,227,196,233,218,198,194,,,204,196,185,188,177,196,
10-set,153,143,141,158,156,186,178,191,228,234,249,238,226,238,216,262,222,,,,,,,,232,220,238,233,246,228,208,228,195,234,218,199,193,,,204,195,184,188,177,198,
11-set,153,143,141,158,156,188,177,190,229,234,253,241,225,238,215,262,220,,,,,,,,232,220,236,235,245,227,209,228,195,234,218,201,193,,,204,196,184,188,177,200,
12-set,153,143,141,158,156,189,177,190,230,233,254,243,225,238,215,261,220,,,,,,,,232,220,236,237,244,226,209,227,196,234,219,202,192,,,203,195,184,188,177,202,
13-set,154,143,141,158,156,189,176,191,232,233,255,243,224,238,214,258,220,,,,,,,,232,218,234,238,244,226,209,226,195,234,219,204,190,,,202,197,184,187,176,203,
14-set,154,144,142,158,156,188,176,192,233,233,255,241,224,238,214,255,220,,,,,,,,232,218,234,240,243,228,210,228,195,233,219,205,190,,,202,199,183,187,176,204,
15-set,154,144,142,158,158,187,175,195,234,234,256,241,223,240,216,250,220,,,,,,,,230,218,234,243,243,229,212,229,196,232,220,200,192,,,202,199,182,187,175,204,
16-set,154,145,143,158,158,185,175,194,235,238,258,240,223,240,218,243,220,,,,,,,,230,224,232,245,242,230,214,230,195,232,221,196,192,,,201,199,180,186,174,203,
17-set,154,146,143,158,158,184,175,194,234,239,259,240,223,240,219,240,220,,,,,,,,232,222,232,247,242,232,215,232,193,231,222,195,188,,,201,199,178,186,174,203,
18-set,154,146,143,158,159,183,175,194,235,239,260,240,224,240,220,240,220,,,,,,,,234,220,232,248,242,233,217,234,192,230,222,194,186,,,199,198,176,185,174,202,
19-set,155,147,144,158,159,182,175,196,234,240,262,241,224,240,222,238,220,,,,,,233,,234,218,231,250,244,,218,236,192,229,224,196,186,,,199,198,174,185,174,200,
20-set,155,151,144,158,157,182,175,197,236,241,265,242,225,240,223,237,220,,,,,,234,,236,218,230,251,244,,219,238,194,228,224,199,182,,,199,198,173,185,174,199,
21-set,155,154,144,158,156,181,174,198,237,241,268,244,226,240,223,234,220,,,,,,234,,234,216,230,253,246,,220,239,195,226,222,199,187,,,199,198,173,185,175,197,
22-set,155,156,145,158,156,181,174,200,237,244,271,245,226,240,224,234,220,,,,,,235,,234,216,230,253,247,,220,241,197,224,222,199,184,,,199,198,172,185,176,197,
23-set,156,157,145,159,156,181,173,201,236,245,275,246,225,242,223,233,220,,,,,,236,,234,218,231,254,248,,226,242,201,224,221,199,185,,,199,201,172,185,177,196,
24-set,157,156,145,160,156,181,173,202,235,246,279,248,223,242,223,233,222,,,,,,237,,232,224,232,251,249,,227,243,204,223,221,199,186,,,199,205,172,186,179,195,
25-set,158,154,146,162,155,181,172,203,234,247,283,249,223,244,222,229,224,,,,,,240,,232,224,233,247,249,,224,244,205,222,221,199,198,,,198,205,172,187,181,194,
26-set,158,153,146,164,155,181,171,208,233,245,288,252,222,246,222,226,224,,,,,,240,,230,222,234,241,250,,222,245,205,222,221,199,202,,,197,205,171,188,184,190,
27-set,157,153,147,165,155,183,170,209,232,249,292,254,222,248,222,224,226,,,,,,242,,230,220,236,237,250,,222,245,206,221,220,199,203,,,196,204,171,189,184,189,
28-set,156,153,147,165,156,184,171,210,232,253,296,255,222,250,223,222,226,,,,,,243,,228,218,238,236,251,,222,245,205,220,221,199,204,,,198,205,171,189,185,188,
29-set,155,156,147,165,155,185,171,211,232,255,297,257,229,252,224,222,226,,,,,,243,,228,218,239,234,251,,223,242,206,220,221,,205,,,199,205,170,188,185,187,
30-set,154,157,148,164,155,185,171,211,234,256,298,259,228,252,226,220,228,,,,,,246,,228,217,242,232,251,,225,240,208,220,219,,206,,,199,206,169,188,186,188,
1-out,154,157,148,164,154,185,173,211,225,258,298,260,226,252,226,220,230,,,,,,248,,228,217,244,232,251,,226,,211,220,218,,202,,,200,208,169,190,186,189,
2-out,154,154,149,163,153,184,175,210,226,258,297,261,226,254,225,220,230,,,,,,246,,228,217,245,234,252,,224,,212,219,218,,203,,,199,208,173,190,187,188,
3-out,154,158,149,161,153,184,177,210,227,258,295,262,226,254,224,222,230,,,,,,245,,228,216,246,233,254,,224,,214,219,221,,205,,,198,,174,190,187,188,
4-out,154,157,150,159,154,184,177,210,228,257,291,263,226,254,219,222,230,,,,,,244,,228,215,246,232,255,,221,,216,218,223,,207,,,196,,175,191,188,189,
5-out,155,153,150,158,155,183,178,211,228,256,286,263,227,254,218,222,232,,,,,,244,,228,215,246,230,256,,218,,218,217,226,,209,,,196,,176,192,188,191,
6-out,156,151,150,158,157,183,178,215,229,256,282,262,229,253,216,222,232,,,,,,242,,231,214,244,229,256,,214,,220,216,226,,211,,,196,,177,194,186,191,
7-out,157,152,151,158,159,182,177,216,228,252,278,262,230,253,218,222,234,,,,,,242,,234,214,244,229,259,,213,,222,215,227,,212,,,197,,177,194,184,191,
8-out,158,154,151,159,162,182,176,217,226,251,276,261,232,254,218,222,236,,,,,,243,,234,214,244,229,259,,212,,223,215,227,,213,,,199,,179,194,184,194,
9-out,159,158,152,162,164,181,178,218,225,249,272,261,234,252,218,221,238,,,,,,244,,236,214,246,230,259,,210,,223,215,227,,212,,,200,,181,196,185,197,
10-out,161,164,152,165,166,181,175,219,224,245,269,262,236,252,218,218,239,,,,,,245,,236,214,246,232,260,,210,,222,216,228,,220,,,201,,185,198,185,200,
11-out,162,166,153,164,166,181,174,219,224,244,267,262,238,252,219,218,241,,,,,,247,,236,214,246,232,259,,210,,219,217,232,,221,,,204,,188,199,190,200,
12-out,164,170,153,163,165,181,173,220,224,243,266,265,239,250,219,218,238,,,,,,249,,236,214,246,232,258,,213,,216,218,230,,213,,,206,,192,201,190,201,
13-out,165,174,154,163,167,181,173,220,224,242,265,263,246,250,220,218,237,,,,,,251,,236,216,246,233,257,,214,,215,219,230,,211,,,207,,193,203,189,202,
14-out,167,175,154,166,171,181,174,219,224,239,266,261,251,250,223,218,236,,,,,,254,,235,216,246,234,256,,216,,213,220,230,,212,,,208,,194,205,189,201,
15-out,167,175,155,171,172,183,174,219,224,237,267,257,255,250,225,219,234,,,,,,255,,232,216,246,234,255,,219,,213,220,230,,206,,,209,,194,205,189,200,
16-out,166,171,155,176,174,182,178,218,224,239,266,255,256,250,226,218,233,,,,,,257,,230,212,246,234,254,,220,,214,220,230,,207,,,209,197,194,205,192,200,
17-out,168,169,157,182,177,181,181,217,224,238,265,253,257,250,226,218,232,,,,,,260,,228,212,247,234,257,,220,,215,220,230,,206,,,210,197,196,206,195,199,
18-out,167,168,159,192,180,180,185,215,222,240,264,251,259,252,228,221,232,,,,,,262,,226,212,248,234,258,,222,,217,222,230,,207,,,212,195,196,206,197,198,
19-out,165,167,161,198,182,180,186,213,220,243,264,250,259,256,229,224,233,,,,,,261,,226,211,248,234,254,,220,,219,222,230,,206,,,212,194,195,208,199,198,
20-out,165,164,164,201,185,179,186,210,217,245,263,250,259,257,229,224,234,,,,,,265,,226,210,249,232,253,,219,,221,222,230,,206,,,213,198,194,209,199,199,
21-out,166,162,166,202,186,179,186,206,215,246,262,249,259,258,230,224,232,,,,,,268,,228,210,250,230,252,,221,,225,224,229,,206,,,215,198,194,210,199,199,
22-out,168,161,167,201,188,179,186,201,213,245,260,248,259,260,232,226,231,,,,,,254,,228,210,252,229,250,,220,,225,224,230,,208,,,216,198,193,211,199,200,
23-out,168,161,166,200,189,179,186,198,212,245,259,249,260,262,234,228,231,,,,,,254,,231,211,253,228,248,,220,,226,225,228,,213,,,216,199,195,211,200,200,
24-out,166,161,162,199,191,180,186,197,212,244,258,246,260,263,236,229,232,,,,,,253,,234,212,254,227,248,,219,,227,225,224,,216,,,216,198,196,213,202,199,
25-out,164,160,162,195,192,185,185,197,215,244,258,244,260,267,236,230,232,,,,,,247,,237,212,254,226,248,,218,,228,226,221,,211,,,219,198,199,216,203,199,
26-out,163,160,157,192,193,186,186,202,222,244,258,243,263,270,236,231,233,,,,,,245,,240,214,253,223,249,,216,,229,226,220,,217,,,220,201,201,217,205,199,
27-out,163,160,156,189,195,186,188,202,222,244,258,241,264,270,238,234,234,,,,,,244,,240,216,252,222,252,,217,,230,227,225,,213,,,220,206,209,214,207,199,
28-out,163,160,158,184,197,189,190,204,222,244,259,239,264,270,240,234,236,,,,,,245,,238,219,254,223,254,,221,,231,229,227,,212,,,222,209,198,212,207,200,
29-out,163,162,160,180,197,189,193,205,222,243,259,238,264,269,242,237,238,,,,,,246,,240,229,258,225,256,,223,,231,231,228,,214,,,223,211,195,210,206,199,
30-out,162,163,165,177,195,188,194,205,224,243,257,237,264,269,241,241,240,,,,,,246,,240,228,258,226,257,,224,,234,232,231,,211,,,225,212,194,212,206,199,
31-out,162,163,166,173,191,186,195,207,224,242,257,237,264,268,247,244,241,,,,,,247,,240,229,259,227,258,,225,,236,232,232,,216,,,227,213,194,213,204,199,
1-nov,162,161,164,169,186,185,194,208,230,242,254,235,264,268,248,247,243,,,,,,248,,240,230,260,228,261,,226,,237,232,235,,,,,228,214,195,214,201,200,
2-nov,161,159,163,166,186,185,191,209,230,246,249,235,263,268,248,248,245,,,,,,250,,240,230,260,232,263,,227,,239,232,236,,,,,229,215,196,215,200,202,
3-nov,162,158,165,166,186,186,190,210,230,245,243,235,262,267,248,248,246,,,,,,251,,240,230,258,235,263,,229,,240,232,237,,,,,230,215,196,216,199,200,
4-nov,162,157,167,166,187,188,187,212,231,246,240,237,262,266,248,250,246,,,,,,253,,238,233,256,236,265,,232,,240,231,238,,,,,230,214,195,217,199,201,
5-nov,162,155,169,168,188,190,185,214,232,248,237,241,262,264,248,253,246,,,,,,253,,236,234,253,236,265,,236,,240,231,238,,,,,230,217,194,218,199,202,
6-nov,161,156,171,169,189,191,184,220,232,249,235,242,260,265,246,254,245,,,,,,254,,236,237,250,237,266,,237,,237,230,240,,,,,229,217,194,219,205,205,
7-nov,161,161,174,167,190,191,188,226,233,248,234,251,260,264,245,256,245,,,,,,255,,236,240,248,238,266,,238,,234,230,240,,,,,228,214,195,220,202,206,
8-nov,162,164,177,166,189,192,190,228,238,247,234,259,259,262,244,258,246,,,,,,253,,234,243,246,239,267,,240,,231,230,240,,,,,227,213,196,222,199,207,
9-nov,165,163,178,167,188,190,194,230,240,247,236,266,258,263,242,258,248,,,,,,251,,234,247,244,242,268,,244,,232,230,242,,,,,226,213,201,219,199,207,
10-nov,170,161,180,175,191,188,198,232,239,247,236,268,260,260,242,259,248,,,,,,252,,232,250,243,245,269,,244,,233,230,243,,,,,223,210,205,218,200,207,
11-nov,172,160,182,184,191,188,199,234,239,248,236,269,259,258,246,258,252,,,,,,260,,236,252,242,248,271,,246,,230,231,244,,,,,222,208,205,218,200,208,
12-nov,174,159,182,187,195,188,200,237,240,249,237,270,260,254,248,258,255,,,,,,267,,236,254,241,250,271,,248,,228,232,245,,,,,221,210,206,216,202,209,
13-nov,177,162,179,189,196,189,203,241,240,251,239,271,258,254,250,256,257,,,,,,268,,236,256,240,251,272,,251,,230,232,248,,,,,222,212,207,215,203,209,
14-nov,178,164,175,190,198,186,203,243,241,252,242,272,258,254,256,249,258,,,,,,268,,238,260,240,253,275,,255,,233,232,250,,,,,220,214,208,214,204,209,
15-nov,178,166,171,191,199,184,203,243,243,253,246,273,258,253,258,248,261,,,,,,269,,238,262,240,257,276,,258,,233,233,249,,,,,219,215,209,214,204,209,
16-nov,176,167,169,189,200,182,204,243,245,258,252,274,258,250,260,246,261,,,,,,271,,238,264,242,260,276,,261,,234,233,247,,,,,219,216,208,212,205,208,
17-nov,178,166,168,186,200,180,204,243,246,263,257,276,258,250,262,249,260,,,,,,272,,240,266,242,263,276,,263,,234,232,243,,,,,221,218,207,210,205,206,
18-nov,179,165,169,186,205,179,206,245,247,263,260,278,258,250,264,253,259,,,,,,272,,240,265,252,267,276,,267,,235,230,238,,,,,221,219,207,208,205,206,
19-nov,182,159,170,183,206,178,209,248,250,262,264,280,258,251,266,257,258,,,,,,274,,236,264,252,275,273,,271,,237,230,234,,,,,223,220,207,207,206,208,
20-nov,184,155,169,181,205,178,213,250,252,262,268,283,259,251,268,258,257,,,,,,275,,236,260,254,282,270,,275,,238,230,231,,,,,227,221,207,205,209,208,
21-nov,189,154,170,182,205,181,216,250,252,262,272,285,260,251,269,256,252,,,,,,276,,234,258,256,289,269,,279,,242,230,229,,,,,227,222,206,204,211,208,
22-nov,191,152,169,182,205,184,217,250,253,263,275,288,260,251,270,258,243,,,,,,277,,232,256,259,294,268,,281,,242,231,229,,,,,228,224,206,208,211,209,
23-nov,192,151,167,185,206,186,216,251,255,263,277,293,260,252,276,260,238,,,,,,278,,230,254,270,299,268,,283,,240,231,229,,,,,228,225,209,206,214,209,
24-nov,192,151,166,187,209,186,219,252,257,264,279,296,261,254,280,260,235,,,,,,280,,228,254,272,303,267,,285,,240,232,229,,,,,228,225,208,205,219,209,
25-nov,192,150,166,189,211,183,219,251,260,265,281,299,264,255,284,262,230,,,,,,281,,230,254,273,308,268,,286,,240,233,230,,,,,228,227,204,205,219,208,
26-nov,193,150,169,189,212,181,219,249,264,265,281,302,264,255,288,265,230,,,,,,282,,230,254,274,313,268,,285,,243,233,231,,,,,228,230,203,204,218,209,
27-nov,193,153,171,190,214,181,221,249,267,266,279,306,265,257,294,269,229,,,,,,281,,230,261,274,317,269,,282,,244,232,231,,,,,,231,201,204,225,210,
28-nov,193,159,174,191,215,188,222,249,268,269,275,307,267,258,298,272,231,,,,,,281,,230,265,279,323,271,,279,,247,232,232,,,,,228,232,199,204,222,210,
29-nov,192,161,175,193,216,191,224,264,269,270,272,306,269,260,302,274,231,,,,,,281,,230,270,282,328,276,,275,,252,231,232,,,,,228,232,199,206,223,210,
30-nov,192,163,177,198,217,192,232,265,270,268,269,304,270,262,308,277,233,,,,,,280,,230,270,284,334,279,,271,,254,228,232,,,,,228,231,202,206,225,210,
1-dez,193,165,174,201,219,194,235,269,272,266,267,300,273,264,318,281,236,,,,,,270,,230,274,285,341,281,,267,,257,226,232,,,,,228,231,203,207,225,210,
2-dez,193,163,170,203,220,197,239,275,274,265,265,296,275,266,326,287,238,,,,,,261,,232,277,286,348,285,,263,,259,224,232,,229,,,228,231,203,208,227,209,
3-dez,194,161,167,204,222,199,242,277,276,265,266,296,277,269,330,290,240,,,,,,266,,232,280,288,359,288,,259,,260,224,233,,226,,,227,232,204,207,228,210,
4-dez,194,160,168,206,224,199,244,280,278,263,266,297,279,269,338,294,241,,,,,,265,,230,283,289,368,289,,255,,260,225,234,,229,,,226,236,205,205,229,210,
5-dez,193,162,171,207,227,202,246,281,281,263,266,298,282,269,344,299,244,,,,,,260,,228,286,291,377,292,,252,,261,227,235,,235,,,223,237,205,203,229,211,
6-dez,190,166,173,208,228,202,256,281,283,263,266,300,284,269,354,308,248,,,,,,258,,226,289,295,385,297,,252,,262,227,241,,243,,,220,237,204,203,229,213,
7-dez,188,170,175,211,230,202,258,282,285,265,266,301,287,269,356,316,249,,,,,,257,,226,292,298,393,300,,253,249,263,226,243,,248,,,219,240,207,203,230,213,
8-dez,186,172,181,211,232,202,261,284,287,265,266,302,294,270,380,326,251,,,,,,256,,226,297,302,400,303,,252,251,264,227,243,,249,,,218,242,208,203,231,212,
9-dez,186,174,181,211,231,203,263,288,287,267,267,302,303,272,386,337,255,,,,,,254,,226,305,303,402,303,,254,255,275,228,244,,249,,,218,243,210,203,230,211,
10-dez,187,173,181,211,230,205,265,290,289,270,267,300,307,272,400,341,256,,,,,,256,,226,307,305,401,304,,252,257,275,229,246,,251,,,218,245,211,203,230,214,
11-dez,187,172,179,209,231,206,269,294,289,274,267,298,311,274,414,348,256,,,,,,257,,228,314,307,401,304,,251,259,278,231,249,,256,,,221,249,212,203,229,215,
12-dez,187,168,181,210,232,206,273,299,289,277,267,298,315,274,426,357,257,,,,,,258,,232,318,314,397,305,,253,261,279,234,251,,255,,,221,251,213,205,229,214,
13-dez,187,164,184,210,229,206,277,304,288,278,266,298,318,276,438,363,253,,,,,,259,,234,322,314,391,307,,252,264,282,236,251,,257,,,220,252,214,207,235,215,
14-dez,185,159,187,209,227,208,282,308,287,279,268,298,321,276,453,369,250,,,,,,260,,235,324,314,385,310,,253,268,287,237,253,,257,,,221,252,215,207,239,219,
15-dez,183,156,188,207,226,211,286,312,286,281,266,299,325,277,482,375,245,,,,,,267,,238,325,314,378,315,,254,270,290,242,255,,258,,,222,253,216,207,,221,
16-dez,184,153,191,207,224,211,292,318,284,282,266,300,331,278,492,382,241,,,,,,270,,240,330,314,368,322,,253,271,293,243,256,,259,,,222,255,218,208,,224,
17-dez,188,152,193,207,223,220,295,329,282,283,265,304,332,280,496,384,236,,,,,,272,,246,332,313,358,328,,253,273,298,243,259,,,,,223,256,218,210,,225,
18-dez,191,151,194,208,222,222,303,342,281,283,265,307,335,282,494,386,233,,,,,,276,,250,334,312,348,334,,254,274,301,244,261,,,,,223,258,218,212,237,228,
19-dez,193,154,195,209,223,224,308,353,280,283,263,309,336,285,492,388,229,,,,,,278,,252,338,312,340,339,,255,276,305,244,264,,,,,222,259,220,213,237,230,
20-dez,195,157,196,209,223,227,314,361,282,284,260,313,337,289,490,388,227,,,,,,280,,254,341,312,332,346,,257,277,310,245,266,,,,,221,260,220,214,237,233,
21-dez,197,158,196,211,225,228,319,368,284,285,259,318,338,294,487,388,227,,,,,,281,,258,344,313,325,353,,259,278,315,246,269,,,,,220,262,221,215,237,233,
22-dez,199,161,197,212,225,230,325,374,284,288,260,319,338,296,485,390,228,,,,,,282,,264,342,315,319,359,,260,279,321,247,271,,,,,222,264,221,217,236,234,
23-dez,204,159,197,212,225,231,332,378,285,291,259,321,341,302,,390,230,,,,,,284,,266,341,319,315,363,,268,280,328,249,274,,,,,226,267,220,219,235,237,
24-dez,210,158,197,213,225,233,336,384,285,296,261,323,343,307,,390,232,,,,,,288,,272,341,321,311,367,,270,283,335,251,278,,,,,227,272,217,223,235,241,
25-dez,214,159,195,213,225,233,338,384,286,302,264,326,344,309,,392,237,,,,,,289,,276,341,326,308,372,,272,284,342,252,282,,,,,231,278,212,223,236,242,
26-dez,216,159,192,213,227,234,339,384,289,309,268,329,344,310,,392,239,,,,,,297,,282,340,332,307,376,,275,284,350,257,284,,,,,235,282,209,224,236,244,
27-dez,217,160,190,213,230,236,337,386,291,313,272,332,345,311,,394,240,,,,,,303,,286,347,338,307,381,,277,286,356,259,286,,,,,237,286,208,225,236,244,
28-dez,216,163,187,215,232,237,337,387,293,316,275,335,346,312,,394,241,,,,,,308,,290,353,345,307,387,,278,288,362,260,288,,,,,241,291,207,225,236,245,
29-dez,214,168,185,216,234,240,335,392,299,321,280,340,346,317,,396,243,,,,,,316,,294,354,349,308,394,,278,291,371,261,291,,,,,244,295,205,226,236,245,
30-dez,213,169,184,217,236,244,334,397,304,325,282,342,346,323,,396,245,,,,,,322,,296,355,353,310,394,,279,295,380,262,292,,,,,247,300,203,227,236,248,
31-dez,213,168,183,218,236,246,330,401,313,329,287,345,346,326,,399,251,,,,,,328,,300,368,357,315,394,,278,299,391,262,290,,,,,248,305,203,230,235,250,
